severity,type,component,line,rule,message,status,effort
BLOCKER,CODE_SMELL,batch-console-api/src/test/java/io/github/pinpols/batch/console/domain/workflow/application/WorkflowDesignLockServiceTest.java,111,java:S2699,Add at least one assertion to this test case.,OPEN,10min
BLOCKER,CODE_SMELL,sdk/java/core/src/test/java/io/github/pinpols/batch/sdk/task/SdkCommitCoordinatorTest.java,111,java:S2699,Add at least one assertion to this test case.,OPEN,10min
BLOCKER,BUG,batch-worker/atomic/src/main/java/io/github/pinpols/batch/worker/atomic/storedproc/StoredProcTaskExecutor.java,,java:S2695,"This ""PreparedStatement"" only has 1 parameters.",CLOSED,2min
BLOCKER,CODE_SMELL,batch-console-api/src/test/java/io/github/pinpols/batch/console/domain/rbac/support/LoginProtectionServiceTest.java,122,java:S2699,Add at least one assertion to this test case.,OPEN,10min
BLOCKER,CODE_SMELL,batch-worker/atomic/src/main/java/io/github/pinpols/batch/worker/atomic/runtime/AtomicConnectionManager.java,174,java:S1845,"Rename method ""readOnly"" to prevent any misunderstanding/clash with field ""readOnly"".",OPEN,10min
BLOCKER,CODE_SMELL,batch-orchestrator/src/test/java/io/github/pinpols/batch/orchestrator/infrastructure/lineage/OpenLineageEmitterTest.java,55,java:S2699,Add at least one assertion to this test case.,OPEN,10min
BLOCKER,CODE_SMELL,batch-worker/atomic/src/test/java/io/github/pinpols/batch/worker/atomic/runtime/HttpExecutorProdDefaultsTest.java,89,java:S2699,Add at least one assertion to this test case.,OPEN,10min
BLOCKER,CODE_SMELL,sdk/java/core/src/test/java/io/github/pinpols/batch/sdk/dispatcher/TaskDispatcherTest.java,317,java:S2699,Add at least one assertion to this test case.,OPEN,10min
BLOCKER,BUG,batch-orchestrator/src/main/java/io/github/pinpols/batch/orchestrator/application/service/workflow/WorkflowRunManagementApplicationService.java,,java:S2229,"""skipNode's"" @Transactional requirement is incompatible with the one for this method.",CLOSED,20min
BLOCKER,CODE_SMELL,batch-orchestrator/src/test/java/io/github/pinpols/batch/orchestrator/auth/ApiKeyVerifierTest.java,348,java:S2699,Add at least one assertion to this test case.,OPEN,10min
BLOCKER,CODE_SMELL,batch-console-api/src/test/java/io/github/pinpols/batch/console/domain/rbac/support/ConsoleJwtServiceTest.java,177,java:S2699,Add at least one assertion to this test case.,OPEN,10min
BLOCKER,CODE_SMELL,batch-orchestrator/src/main/java/io/github/pinpols/batch/orchestrator/application/service/workflow/CrossDayDependencyResolver.java,264,java:S1845,"Rename method ""resolved"" to prevent any misunderstanding/clash with field ""resolved"".",OPEN,10min
BLOCKER,CODE_SMELL,batch-worker/core/src/test/java/io/github/pinpols/batch/worker/core/support/PipelineVerifierHookTest.java,81,java:S2699,Add at least one assertion to this test case.,OPEN,10min
BLOCKER,CODE_SMELL,sdk/java/core/src/test/java/io/github/pinpols/batch/sdk/scheduler/HeartbeatSchedulerTest.java,117,java:S2699,Add at least one assertion to this test case.,OPEN,10min
CRITICAL,VULNERABILITY,batch-worker/import/src/main/java/io/github/pinpols/batch/worker/imports/stage/PreprocessStep.java,,java:S5443,Make sure publicly writable directories are used safely here.,CLOSED,30min
CRITICAL,CODE_SMELL,batch-worker/export/src/main/java/io/github/pinpols/batch/worker/exports/stage/StoreStep.java,84,java:S1192,"Define a constant instead of duplicating this literal ""SHA-256"" 3 times.",OPEN,8min
CRITICAL,CODE_SMELL,batch-orchestrator/src/test/java/io/github/pinpols/batch/orchestrator/integration/SqlConsistencyIntegrationTest.java,53,java:S2093,"Change this ""try"" to a try-with-resources.",OPEN,15min
CRITICAL,CODE_SMELL,batch-console-api/src/main/java/io/github/pinpols/batch/console/infrastructure/excel/ConfigPackageExcelValidator.java,571,java:S1192,Use already-defined constant 'COL_PIPELINE_TYPE' instead of duplicating its value here.,OPEN,4min
CRITICAL,CODE_SMELL,batch-console-api/src/main/java/io/github/pinpols/batch/console/domain/notification/web/response/ConsoleAlertRoutingResponse.java,54,java:S3252,"Use static access with ""io.github.pinpols.batch.console.support.web.ConsoleResponseFieldReader"" for ""stringValue"".",OPEN,5min
CRITICAL,CODE_SMELL,batch-console-api/src/main/java/io/github/pinpols/batch/console/domain/job/web/response/ConsoleBatchDayOperateResponse.java,16,java:S3252,"Use static access with ""io.github.pinpols.batch.console.support.web.ConsoleResponseFieldReader"" for ""booleanValue"".",OPEN,5min
CRITICAL,CODE_SMELL,batch-worker/core/src/main/java/io/github/pinpols/batch/worker/core/reportoutbox/WorkerReportOutboxCoordinator.java,61,java:S3776,Refactor this method to reduce its Cognitive Complexity from 17 to the 15 allowed.,OPEN,7min
CRITICAL,VULNERABILITY,batch-worker/import/src/main/java/io/github/pinpols/batch/worker/imports/stage/PreprocessStep.java,,java:S5443,Make sure publicly writable directories are used safely here.,CLOSED,30min
CRITICAL,CODE_SMELL,batch-console-api/src/main/java/io/github/pinpols/batch/console/domain/job/web/response/ConsoleCalendarResponse.java,39,java:S3252,"Use static access with ""io.github.pinpols.batch.console.support.web.ConsoleResponseFieldReader"" for ""integerValue"".",OPEN,5min
CRITICAL,CODE_SMELL,batch-worker/atomic/src/main/java/io/github/pinpols/batch/worker/atomic/sql/SqlTaskExecutor.java,156,java:S1192,Use already-defined constant 'PARAM_STMT_TIMEOUT' instead of duplicating its value here.,OPEN,4min
CRITICAL,CODE_SMELL,batch-console-api/src/main/java/io/github/pinpols/batch/console/application/rbac/ConsoleTenantReadinessService.java,70,java:S3776,Refactor this method to reduce its Cognitive Complexity from 29 to the 15 allowed.,OPEN,19min
CRITICAL,CODE_SMELL,batch-orchestrator/src/main/java/io/github/pinpols/batch/orchestrator/application/service/workflow/WorkflowConditionEvaluator.java,189,java:S3776,Refactor this method to reduce its Cognitive Complexity from 17 to the 15 allowed.,OPEN,7min
CRITICAL,CODE_SMELL,batch-console-api/src/main/java/io/github/pinpols/batch/console/application/ops/ConsoleClusterDiagnosticService.java,204,java:S1192,"Define a constant instead of duplicating this literal ""workerGroup"" 5 times.",OPEN,12min
CRITICAL,CODE_SMELL,batch-console-api/src/main/java/io/github/pinpols/batch/console/infrastructure/config/DefaultConsoleResourceQueueApplicationService.java,80,java:S1192,"Define a constant instead of duplicating this literal ""description"" 3 times.",OPEN,8min
CRITICAL,CODE_SMELL,batch-orchestrator/src/main/java/io/github/pinpols/batch/orchestrator/application/service/task/DefaultTaskOutcomeService.java,262,java:S3776,Refactor this method to reduce its Cognitive Complexity from 21 to the 15 allowed.,OPEN,11min
CRITICAL,CODE_SMELL,batch-console-api/src/main/java/io/github/pinpols/batch/console/domain/job/web/response/ConsoleBatchWindowResponse.java,49,java:S3252,"Use static access with ""io.github.pinpols.batch.console.support.web.ConsoleResponseFieldReader"" for ""booleanValue"".",OPEN,5min
CRITICAL,CODE_SMELL,batch-worker/export/src/main/java/io/github/pinpols/batch/worker/exports/stage/format/DelimitedExportFormat.java,30,java:S3776,Refactor this method to reduce its Cognitive Complexity from 23 to the 15 allowed.,OPEN,13min
CRITICAL,CODE_SMELL,batch-console-api/src/main/java/io/github/pinpols/batch/console/infrastructure/excel/ConfigPackageExcelValidator.java,408,java:S1192,Use already-defined constant 'COL_RETRY_POLICY' instead of duplicating its value here.,OPEN,6min
CRITICAL,CODE_SMELL,batch-orchestrator/src/main/java/io/github/pinpols/batch/orchestrator/application/engine/TaskDispatchOutboxService.java,173,java:S1192,"Define a constant instead of duplicating this literal ""partitions"" 3 times.",OPEN,8min
CRITICAL,CODE_SMELL,batch-trigger/src/main/java/io/github/pinpols/batch/trigger/service/DefaultTriggerService.java,179,java:S1192,"Define a constant instead of duplicating this literal ""ACCEPTED"" 3 times.",OPEN,8min
CRITICAL,CODE_SMELL,batch-console-api/src/main/java/io/github/pinpols/batch/console/infrastructure/excel/ConfigPackageExcelValidator.java,625,java:S1192,Use already-defined constant 'COL_STEP_NAME' instead of duplicating its value here.,OPEN,4min
CRITICAL,CODE_SMELL,batch-console-api/src/main/java/io/github/pinpols/batch/console/domain/job/web/response/ConsoleInstanceActionResponse.java,23,java:S3252,"Use static access with ""io.github.pinpols.batch.console.support.web.ConsoleResponseFieldReader"" for ""stringValue"".",OPEN,5min
CRITICAL,CODE_SMELL,batch-orchestrator/src/main/java/io/github/pinpols/batch/orchestrator/application/service/governance/DefaultFileGovernanceService.java,128,java:S1192,"Define a constant instead of duplicating this literal ""storage_bucket"" 3 times.",OPEN,8min
CRITICAL,CODE_SMELL,batch-console-api/src/main/java/io/github/pinpols/batch/console/infrastructure/excel/ConfigPackageExcelValidator.java,570,java:S1192,Use already-defined constant 'COL_PIPELINE_NAME' instead of duplicating its value here.,OPEN,4min
CRITICAL,CODE_SMELL,batch-orchestrator/src/main/java/io/github/pinpols/batch/orchestrator/infrastructure/file/FileGovernanceStorageMaintenance.java,101,java:S1192,"Define a constant instead of duplicating this literal ""cleanupReason"" 3 times.",OPEN,8min
CRITICAL,CODE_SMELL,sdk/java/core/src/main/java/io/github/pinpols/batch/sdk/dispatcher/TaskDispatcher.java,327,java:S3776,Refactor this method to reduce its Cognitive Complexity from 17 to the 15 allowed.,OPEN,7min
CRITICAL,CODE_SMELL,batch-console-api/src/main/java/io/github/pinpols/batch/console/support/web/ConsoleApiExceptionHandler.java,97,java:S1452,Remove usage of generic wildcard type.,OPEN,20min
CRITICAL,CODE_SMELL,batch-orchestrator/src/main/java/io/github/pinpols/batch/orchestrator/application/service/governance/DefaultFileGovernanceService.java,129,java:S1192,"Define a constant instead of duplicating this literal ""storagePath"" 3 times.",OPEN,8min
CRITICAL,CODE_SMELL,batch-orchestrator/src/main/java/io/github/pinpols/batch/orchestrator/application/trigger/TriggerLaunchConsumer.java,150,java:S1192,"Define a constant instead of duplicating this literal ""tenant"" 6 times.",OPEN,14min
CRITICAL,CODE_SMELL,batch-worker/core/src/main/java/io/github/pinpols/batch/worker/core/infrastructure/PlatformPipelineRunRepository.java,75,java:S1192,"Define a constant instead of duplicating this literal ""lastSuccessStage"" 3 times.",OPEN,8min
CRITICAL,CODE_SMELL,batch-orchestrator/src/main/java/io/github/pinpols/batch/orchestrator/service/LaunchBatchDayService.java,435,java:S3776,Refactor this method to reduce its Cognitive Complexity from 21 to the 15 allowed.,OPEN,11min
CRITICAL,CODE_SMELL,batch-console-api/src/test/java/io/github/pinpols/batch/console/domain/rbac/service/ConsoleMetaEnumRegistrationTest.java,1,java:S1598,"File path ""/Users/dengchao/Downloads/file-batch-system/batch-console-api/src/test/java/io/github/pinpols/batch/console/domain/rbac/service"" should match package name ""io.github.pinpols.batch.console.application.rbac"". Move the file or change the package name.",OPEN,5min
CRITICAL,CODE_SMELL,batch-worker/import/src/main/java/io/github/pinpols/batch/worker/imports/stage/format/DelimitedFormatParser.java,40,java:S3776,Refactor this method to reduce its Cognitive Complexity from 29 to the 15 allowed.,OPEN,19min
CRITICAL,CODE_SMELL,batch-console-api/src/main/java/io/github/pinpols/batch/console/application/ops/ConsoleClusterDiagnosticService.java,50,java:S1192,"Define a constant instead of duplicating this literal ""diagnostic:"" 5 times.",OPEN,12min
CRITICAL,CODE_SMELL,batch-console-api/src/main/java/io/github/pinpols/batch/console/domain/rbac/web/ConsoleAuthController.java,187,java:S1192,Use already-defined constant 'CONSOLE_TOKEN_COOKIE' instead of duplicating its value here.,OPEN,4min
CRITICAL,CODE_SMELL,batch-console-api/src/main/java/io/github/pinpols/batch/console/infrastructure/excel/ConfigPackageExcelValidator.java,407,java:S1192,Use already-defined constant 'COL_SCHEDULE_TYPE' instead of duplicating its value here.,OPEN,4min
CRITICAL,CODE_SMELL,batch-console-api/src/main/java/io/github/pinpols/batch/console/domain/notification/web/response/ConsoleAlertRoutingResponse.java,63,java:S3252,"Use static access with ""io.github.pinpols.batch.console.support.web.ConsoleResponseFieldReader"" for ""stringValue"".",OPEN,5min
CRITICAL,CODE_SMELL,batch-worker/process/src/main/java/io/github/pinpols/batch/worker/processes/stage/DefaultProcessStageExecutor.java,92,java:S1192,"Define a constant instead of duplicating this literal ""processedCount"" 3 times.",OPEN,8min
CRITICAL,CODE_SMELL,batch-console-api/src/main/java/io/github/pinpols/batch/console/infrastructure/config/DefaultConsoleConfigSyncApplicationService.java,142,java:S1192,"Define a constant instead of duplicating this literal ""failedItems"" 3 times.",OPEN,8min
CRITICAL,CODE_SMELL,batch-console-api/src/main/java/io/github/pinpols/batch/console/support/web/ConsoleApiExceptionHandler.java,156,java:S1452,Remove usage of generic wildcard type.,OPEN,20min
CRITICAL,CODE_SMELL,batch-console-api/src/main/java/io/github/pinpols/batch/console/domain/job/web/response/ConsoleRetryFailedPartitionsResponse.java,21,java:S3252,"Use static access with ""io.github.pinpols.batch.console.support.web.ConsoleResponseFieldReader"" for ""stringValue"".",OPEN,5min
CRITICAL,CODE_SMELL,batch-worker/core/src/main/java/io/github/pinpols/batch/worker/core/support/AbstractPipelineStepExecutionAdapter.java,347,java:S1192,"Define a constant instead of duplicating this literal ""payload"" 3 times.",OPEN,8min
CRITICAL,CODE_SMELL,batch-orchestrator/src/main/java/io/github/pinpols/batch/orchestrator/application/service/workflow/WorkflowGraphValidator.java,539,java:S1192,"Define a constant instead of duplicating this literal ""V16-d"" 3 times.",OPEN,8min
CRITICAL,CODE_SMELL,batch-worker/import/src/main/java/io/github/pinpols/batch/worker/imports/stage/PreprocessStep.java,246,java:S1192,"Define a constant instead of duplicating this literal ""PARSING"" 3 times.",OPEN,8min
CRITICAL,CODE_SMELL,batch-worker/atomic/src/main/java/io/github/pinpols/batch/worker/atomic/sql/SqlTaskExecutor.java,494,java:S3776,Refactor this method to reduce its Cognitive Complexity from 25 to the 15 allowed.,OPEN,15min
CRITICAL,CODE_SMELL,batch-console-api/src/main/java/io/github/pinpols/batch/console/infrastructure/config/DefaultConsoleResourceQueueApplicationService.java,74,java:S1192,"Define a constant instead of duplicating this literal ""priority_policy"" 3 times.",OPEN,8min
CRITICAL,CODE_SMELL,batch-console-api/src/main/java/io/github/pinpols/batch/console/infrastructure/excel/ConfigPackageExcelValidator.java,146,java:S1192,"Define a constant instead of duplicating this literal ""PREPARE"" 4 times.",OPEN,10min
CRITICAL,CODE_SMELL,batch-orchestrator/src/main/java/io/github/pinpols/batch/orchestrator/application/service/workflow/WorkflowRunManagementApplicationService.java,57,java:S1192,Use already-defined constant 'STATUS_PAUSED' instead of duplicating its value here.,OPEN,4min
CRITICAL,CODE_SMELL,batch-console-api/src/main/java/io/github/pinpols/batch/console/domain/job/web/response/ConsolePartitionActionResponse.java,13,java:S3252,"Use static access with ""io.github.pinpols.batch.console.support.web.ConsoleResponseFieldReader"" for ""longValue"".",OPEN,5min
CRITICAL,CODE_SMELL,batch-worker/core/src/main/java/io/github/pinpols/batch/worker/core/support/AbstractTaskConsumer.java,380,java:S3776,Refactor this method to reduce its Cognitive Complexity from 30 to the 15 allowed.,OPEN,20min
CRITICAL,CODE_SMELL,batch-console-api/src/main/java/io/github/pinpols/batch/console/domain/job/web/response/ConsoleBatchWindowResponse.java,42,java:S3252,"Use static access with ""io.github.pinpols.batch.console.support.web.ConsoleResponseFieldReader"" for ""stringValue"".",OPEN,5min
CRITICAL,CODE_SMELL,batch-worker/import/src/main/java/io/github/pinpols/batch/worker/imports/stage/PreprocessStep.java,241,java:S1192,"Define a constant instead of duplicating this literal ""replacementCount"" 3 times.",OPEN,8min
CRITICAL,CODE_SMELL,batch-console-api/src/main/java/io/github/pinpols/batch/console/domain/job/web/response/ConsoleHolidayResponse.java,31,java:S3252,"Use static access with ""io.github.pinpols.batch.console.support.web.ConsoleResponseFieldReader"" for ""localDateValue"".",OPEN,5min
CRITICAL,CODE_SMELL,batch-console-api/src/main/java/io/github/pinpols/batch/console/domain/rbac/support/ConsoleLoginKeyPairService.java,70,java:S1192,"Define a constant instead of duplicating this literal ""PUBLIC KEY"" 3 times.",OPEN,8min
CRITICAL,CODE_SMELL,batch-worker/dispatch/src/main/java/io/github/pinpols/batch/worker/dispatchs/infrastructure/DispatchStepExecutionAdapter.java,63,java:S1192,"Define a constant instead of duplicating this literal ""dispatchPayload"" 3 times.",OPEN,8min
CRITICAL,CODE_SMELL,batch-console-api/src/main/java/io/github/pinpols/batch/console/domain/job/infrastructure/DefaultConsoleJobTriggerService.java,76,java:S1192,"Define a constant instead of duplicating this literal ""catch:Exception"" 4 times.",OPEN,10min
CRITICAL,CODE_SMELL,batch-console-api/src/main/java/io/github/pinpols/batch/console/infrastructure/config/DefaultConsoleResourceQueueApplicationService.java,66,java:S1192,"Define a constant instead of duplicating this literal ""max_running_jobs"" 3 times.",OPEN,8min
CRITICAL,CODE_SMELL,batch-orchestrator/src/main/java/io/github/pinpols/batch/orchestrator/infrastructure/scheduler/BatchDayCutoffScheduler.java,58,java:S3776,Refactor this method to reduce its Cognitive Complexity from 18 to the 15 allowed.,OPEN,8min
CRITICAL,CODE_SMELL,batch-console-api/src/main/java/io/github/pinpols/batch/console/infrastructure/config/DefaultConsoleTenantConfigPackageExcelApplicationService.java,398,java:S1192,"Define a constant instead of duplicating this literal ""error.common.invalid_argument_detail"" 4 times.",OPEN,10min
CRITICAL,CODE_SMELL,batch-console-api/src/main/java/io/github/pinpols/batch/console/domain/job/web/response/ConsoleRetryFailedPartitionsResponse.java,22,java:S3252,"Use static access with ""io.github.pinpols.batch.console.support.web.ConsoleResponseFieldReader"" for ""integerValue"".",OPEN,5min
CRITICAL,CODE_SMELL,batch-orchestrator/src/main/java/io/github/pinpols/batch/orchestrator/application/service/governance/DefaultCompensationService.java,294,java:S1192,"Define a constant instead of duplicating this literal ""reason"" 3 times.",OPEN,8min
CRITICAL,CODE_SMELL,sdk/java/core/src/main/java/io/github/pinpols/batch/sdk/dispatcher/TaskDispatcher.java,346,java:S1192,"Define a constant instead of duplicating this literal ""partitionInvocationId"" 4 times.",OPEN,10min
CRITICAL,CODE_SMELL,batch-orchestrator/src/main/java/io/github/pinpols/batch/orchestrator/infrastructure/scheduler/BatchDaySettleScheduler.java,255,java:S3776,Refactor this method to reduce its Cognitive Complexity from 16 to the 15 allowed.,OPEN,6min
CRITICAL,CODE_SMELL,batch-console-api/src/main/java/io/github/pinpols/batch/console/infrastructure/config/DefaultConsoleConfigApplicationService.java,222,java:S1192,"Define a constant instead of duplicating this literal ""secretRef"" 3 times.",OPEN,8min
CRITICAL,CODE_SMELL,batch-console-api/src/main/java/io/github/pinpols/batch/console/domain/notification/infrastructure/DefaultConsoleNotificationApplicationService.java,71,java:S1192,Use already-defined constant 'CHANNEL_TYPE_WEBHOOK' instead of duplicating its value here.,OPEN,4min
CRITICAL,CODE_SMELL,batch-worker/import/src/main/java/io/github/pinpols/batch/worker/imports/infrastructure/quality/DatasetRuleEvaluator.java,214,java:S3776,Refactor this method to reduce its Cognitive Complexity from 19 to the 15 allowed.,OPEN,9min
CRITICAL,CODE_SMELL,batch-console-api/src/main/java/io/github/pinpols/batch/console/infrastructure/excel/ConfigPackageExcelValidator.java,454,java:S1192,Use already-defined constant 'COL_CHANNEL_NAME' instead of duplicating its value here.,OPEN,4min
CRITICAL,CODE_SMELL,batch-console-api/src/main/java/io/github/pinpols/batch/console/infrastructure/excel/ConfigPackageExcelValidator.java,772,java:S1192,Use already-defined constant 'COL_WORKFLOW_VERSION' instead of duplicating its value here.,OPEN,6min
CRITICAL,CODE_SMELL,batch-worker/atomic/src/main/java/io/github/pinpols/batch/worker/atomic/storedproc/StoredProcTaskExecutor.java,136,java:S1192,Use already-defined constant 'PARAM_TIMEOUT' instead of duplicating its value here.,OPEN,4min
CRITICAL,CODE_SMELL,batch-worker/core/src/main/java/io/github/pinpols/batch/worker/core/infrastructure/HttpTaskExecutionClient.java,482,java:S3776,Refactor this method to reduce its Cognitive Complexity from 16 to the 15 allowed.,OPEN,6min
CRITICAL,CODE_SMELL,batch-orchestrator/src/main/java/io/github/pinpols/batch/orchestrator/infrastructure/archive/ArchiveSchemaDriftCheck.java,158,java:S1192,"Define a constant instead of duplicating this literal "" cold="" 3 times.",OPEN,8min
CRITICAL,CODE_SMELL,batch-console-api/src/main/java/io/github/pinpols/batch/console/domain/notification/web/response/ConsoleNotificationTestResultResponse.java,35,java:S3252,"Use static access with ""io.github.pinpols.batch.console.support.web.ConsoleResponseFieldReader"" for ""stringValue"".",OPEN,5min
CRITICAL,CODE_SMELL,batch-console-api/src/main/java/io/github/pinpols/batch/console/infrastructure/excel/ConfigPackageExcelValidator.java,459,java:S1192,Use already-defined constant 'COL_CONFIG_JSON' instead of duplicating its value here.,OPEN,4min
CRITICAL,CODE_SMELL,batch-console-api/src/main/java/io/github/pinpols/batch/console/domain/notification/service/TwilioSmsProvider.java,61,java:S3776,Refactor this method to reduce its Cognitive Complexity from 19 to the 15 allowed.,OPEN,9min
CRITICAL,VULNERABILITY,batch-worker/import/src/main/java/io/github/pinpols/batch/worker/imports/stage/format/ExcelFormatParser.java,,java:S5443,Make sure publicly writable directories are used safely here.,CLOSED,30min
CRITICAL,CODE_SMELL,batch-console-api/src/main/java/io/github/pinpols/batch/console/domain/notification/web/response/ConsoleAlertRoutingResponse.java,58,java:S3252,"Use static access with ""io.github.pinpols.batch.console.support.web.ConsoleResponseFieldReader"" for ""integerValue"".",OPEN,5min
CRITICAL,CODE_SMELL,batch-console-api/src/main/java/io/github/pinpols/batch/console/domain/notification/web/response/ConsoleNotificationDeliveryLogResponse.java,51,java:S3252,"Use static access with ""io.github.pinpols.batch.console.support.web.ConsoleResponseFieldReader"" for ""instantValue"".",OPEN,5min
CRITICAL,CODE_SMELL,batch-worker/export/src/main/java/io/github/pinpols/batch/worker/exports/stage/StoreStep.java,121,java:S1192,"Define a constant instead of duplicating this literal ""objectName"" 3 times.",OPEN,8min
CRITICAL,CODE_SMELL,batch-console-api/src/main/java/io/github/pinpols/batch/console/domain/notification/web/response/ConsoleNotificationChannelResponse.java,40,java:S3252,"Use static access with ""io.github.pinpols.batch.console.support.web.ConsoleResponseFieldReader"" for ""stringValue"".",OPEN,5min
CRITICAL,CODE_SMELL,batch-console-api/src/main/java/io/github/pinpols/batch/console/infrastructure/excel/ConfigPackageExcelWorkbookWriter.java,1109,java:S1192,"Define a constant instead of duplicating this literal ""重试策略。"" 3 times.",OPEN,8min
CRITICAL,CODE_SMELL,sdk/java/core/src/test/java/io/github/pinpols/batch/sdk/idempotent/SdkIdempotentHandlerTest.java,267,java:S1186,"Add a nested comment explaining why this method is empty, throw an UnsupportedOperationException or complete the implementation.",OPEN,5min
CRITICAL,CODE_SMELL,batch-console-api/src/main/java/io/github/pinpols/batch/console/domain/workflow/web/response/ConsoleWorkflowRunSkipNodeResponse.java,21,java:S3252,"Use static access with ""io.github.pinpols.batch.console.support.web.ConsoleResponseFieldReader"" for ""stringValue"".",OPEN,5min
CRITICAL,CODE_SMELL,batch-console-api/src/main/java/io/github/pinpols/batch/console/domain/file/infrastructure/query/ConsoleFileQueryService.java,192,java:S1192,"Define a constant instead of duplicating this literal ""step_status"" 3 times.",OPEN,8min
CRITICAL,CODE_SMELL,sdk/java/core/src/test/java/io/github/pinpols/batch/sdk/idempotent/SdkIdempotentHandlerTest.java,264,java:S1186,"Add a nested comment explaining why this method is empty, throw an UnsupportedOperationException or complete the implementation.",OPEN,5min
CRITICAL,CODE_SMELL,batch-worker/core/src/main/java/io/github/pinpols/batch/worker/core/infrastructure/WorkerTaskLeaseRenewer.java,89,java:S3776,Refactor this method to reduce its Cognitive Complexity from 20 to the 15 allowed.,OPEN,10min
CRITICAL,CODE_SMELL,batch-console-api/src/main/java/io/github/pinpols/batch/console/infrastructure/excel/ConfigPackageExcelValidator.java,153,java:S1192,"Define a constant instead of duplicating this literal ""DISPATCH"" 3 times.",OPEN,8min
CRITICAL,CODE_SMELL,batch-console-api/src/main/java/io/github/pinpols/batch/console/domain/job/infrastructure/DefaultConsoleBatchWindowApplicationService.java,57,java:S1192,"Define a constant instead of duplicating this literal ""window_code"" 3 times.",OPEN,8min
CRITICAL,VULNERABILITY,batch-worker/import/src/main/java/io/github/pinpols/batch/worker/imports/stage/PreprocessStep.java,,java:S5443,Make sure publicly writable directories are used safely here.,CLOSED,30min
CRITICAL,CODE_SMELL,batch-console-api/src/main/java/io/github/pinpols/batch/console/domain/job/web/response/ConsoleBatchDayOperateResponse.java,17,java:S3252,"Use static access with ""io.github.pinpols.batch.console.support.web.ConsoleResponseFieldReader"" for ""integerValue"".",OPEN,5min
CRITICAL,CODE_SMELL,batch-orchestrator/src/main/java/io/github/pinpols/batch/orchestrator/application/service/governance/DefaultFileGovernanceService.java,128,java:S1192,"Define a constant instead of duplicating this literal ""storageBucket"" 3 times.",OPEN,8min
CRITICAL,CODE_SMELL,batch-orchestrator/src/main/java/io/github/pinpols/batch/orchestrator/infrastructure/scheduler/BatchDaySettleScheduler.java,54,java:S1192,Use already-defined constant 'STATUS_IN_FLIGHT' instead of duplicating its value here.,OPEN,4min
CRITICAL,CODE_SMELL,batch-console-api/src/main/java/io/github/pinpols/batch/console/domain/notification/service/TencentSmsProvider.java,85,java:S3776,Refactor this method to reduce its Cognitive Complexity from 20 to the 15 allowed.,OPEN,10min
CRITICAL,CODE_SMELL,batch-console-api/src/main/java/io/github/pinpols/batch/console/domain/notification/web/response/ConsoleAlertRoutingResponse.java,65,java:S3252,"Use static access with ""io.github.pinpols.batch.console.support.web.ConsoleResponseFieldReader"" for ""instantValue"".",OPEN,5min
CRITICAL,CODE_SMELL,batch-console-api/src/main/java/io/github/pinpols/batch/console/domain/job/web/response/ConsoleCalendarResponse.java,38,java:S3252,"Use static access with ""io.github.pinpols.batch.console.support.web.ConsoleResponseFieldReader"" for ""stringValue"".",OPEN,5min
CRITICAL,CODE_SMELL,batch-orchestrator/src/main/java/io/github/pinpols/batch/orchestrator/service/failure/FailureClassifier.java,77,java:S3776,Refactor this method to reduce its Cognitive Complexity from 16 to the 15 allowed.,OPEN,6min
CRITICAL,CODE_SMELL,batch-console-api/src/main/java/io/github/pinpols/batch/console/domain/notification/web/response/ConsoleSubscriptionRuleResponse.java,38,java:S3252,"Use static access with ""io.github.pinpols.batch.console.support.web.ConsoleResponseFieldReader"" for ""stringValue"".",OPEN,5min
CRITICAL,CODE_SMELL,batch-console-api/src/main/java/io/github/pinpols/batch/console/domain/notification/web/response/ConsoleAlertRoutingResponse.java,53,java:S3252,"Use static access with ""io.github.pinpols.batch.console.support.web.ConsoleResponseFieldReader"" for ""stringValue"".",OPEN,5min
CRITICAL,CODE_SMELL,batch-console-api/src/main/java/io/github/pinpols/batch/console/domain/job/web/response/ConsoleHolidayResponse.java,36,java:S3252,"Use static access with ""io.github.pinpols.batch.console.support.web.ConsoleResponseFieldReader"" for ""instantValue"".",OPEN,5min
CRITICAL,CODE_SMELL,batch-console-api/src/main/java/io/github/pinpols/batch/console/domain/workflow/web/response/ConsolePipelineDefinitionListItemResponse.java,37,java:S3252,"Use static access with ""io.github.pinpols.batch.console.support.web.ConsoleResponseFieldReader"" for ""longValue"".",OPEN,5min
CRITICAL,CODE_SMELL,batch-console-api/src/main/java/io/github/pinpols/batch/console/config/ReplicaLagMonitor.java,132,java:S3776,Refactor this method to reduce its Cognitive Complexity from 17 to the 15 allowed.,OPEN,7min
CRITICAL,CODE_SMELL,batch-orchestrator/src/main/java/io/github/pinpols/batch/orchestrator/application/engine/TaskDispatchOutboxService.java,171,java:S1192,"Define a constant instead of duplicating this literal ""staticPartitionCount"" 3 times.",OPEN,8min
CRITICAL,CODE_SMELL,batch-console-api/src/main/java/io/github/pinpols/batch/console/infrastructure/config/TenantConfigInitApplyHandlers.java,395,java:S1192,"Define a constant instead of duplicating this literal ""pipeline_type"" 3 times.",OPEN,8min
CRITICAL,CODE_SMELL,batch-orchestrator/src/main/java/io/github/pinpols/batch/orchestrator/infrastructure/file/FileGovernanceRepository.java,373,java:S1192,Use already-defined constant 'PIPELINE_STATUS_FAILED' instead of duplicating its value here.,OPEN,4min
CRITICAL,CODE_SMELL,batch-worker/atomic/src/main/java/io/github/pinpols/batch/worker/atomic/shell/ShellTaskExecutor.java,142,java:S1192,Use already-defined constant 'PARAM_COMMAND' instead of duplicating its value here.,OPEN,8min
CRITICAL,CODE_SMELL,batch-worker/import/src/main/java/io/github/pinpols/batch/worker/imports/preprocess/ImportPreprocessPipeline.java,96,java:S1192,"Define a constant instead of duplicating this literal ""UNTAR"" 3 times.",OPEN,8min
CRITICAL,CODE_SMELL,batch-worker/dispatch/src/main/java/io/github/pinpols/batch/worker/dispatchs/stage/RetryDispatchStep.java,103,java:S1192,"Define a constant instead of duplicating this literal ""error.dispatch.retry.failed"" 3 times.",OPEN,8min
CRITICAL,CODE_SMELL,batch-console-api/src/main/java/io/github/pinpols/batch/console/domain/notification/web/response/ConsoleNotificationTestResultResponse.java,29,java:S3252,"Use static access with ""io.github.pinpols.batch.console.support.web.ConsoleResponseFieldReader"" for ""stringValue"".",OPEN,5min
CRITICAL,CODE_SMELL,batch-orchestrator/src/main/java/io/github/pinpols/batch/orchestrator/application/service/task/InstanceManagementApplicationService.java,58,java:S1192,"Define a constant instead of duplicating this literal ""status"" 5 times.",OPEN,12min
CRITICAL,CODE_SMELL,batch-orchestrator/src/main/java/io/github/pinpols/batch/orchestrator/infrastructure/file/FileGovernanceRepository.java,377,java:S1192,Use already-defined constant 'PIPELINE_STATUS_RUNNING' instead of duplicating its value here.,OPEN,4min
CRITICAL,CODE_SMELL,batch-worker/import/src/main/java/io/github/pinpols/batch/worker/imports/stage/format/ExcelFormatParser.java,200,java:S3776,Refactor this method to reduce its Cognitive Complexity from 18 to the 15 allowed.,OPEN,8min
CRITICAL,CODE_SMELL,batch-console-api/src/main/java/io/github/pinpols/batch/console/domain/notification/web/response/ConsoleNotificationDeliveryLogResponse.java,42,java:S3252,"Use static access with ""io.github.pinpols.batch.console.support.web.ConsoleResponseFieldReader"" for ""stringValue"".",OPEN,5min
CRITICAL,CODE_SMELL,batch-console-api/src/main/java/io/github/pinpols/batch/console/domain/job/web/response/ConsoleDryRunResultResponse.java,24,java:S3252,"Use static access with ""io.github.pinpols.batch.console.support.web.ConsoleResponseFieldReader"" for ""booleanValue"".",OPEN,5min
CRITICAL,CODE_SMELL,batch-console-api/src/main/java/io/github/pinpols/batch/console/domain/job/web/response/ConsoleHolidayResponse.java,33,java:S3252,"Use static access with ""io.github.pinpols.batch.console.support.web.ConsoleResponseFieldReader"" for ""stringValue"".",OPEN,5min
CRITICAL,VULNERABILITY,batch-worker/import/src/main/java/io/github/pinpols/batch/worker/imports/stage/support/ImportStageSupport.java,,java:S5443,Make sure publicly writable directories are used safely here.,CLOSED,30min
CRITICAL,CODE_SMELL,batch-orchestrator/src/main/java/io/github/pinpols/batch/orchestrator/application/service/workflow/WorkflowGraphValidator.java,500,java:S3776,Refactor this method to reduce its Cognitive Complexity from 16 to the 15 allowed.,OPEN,6min
CRITICAL,VULNERABILITY,batch-worker/import/src/main/java/io/github/pinpols/batch/worker/imports/stage/support/ImportStageSupport.java,,java:S5443,Make sure publicly writable directories are used safely here.,CLOSED,30min
CRITICAL,CODE_SMELL,batch-worker/export/src/main/java/io/github/pinpols/batch/worker/exports/plugin/GenericJdbcMappedExportDataPlugin.java,70,java:S1192,"Define a constant instead of duplicating this literal "" WHERE "" 3 times.",OPEN,8min
CRITICAL,CODE_SMELL,batch-orchestrator/src/main/java/io/github/pinpols/batch/orchestrator/application/engine/TaskDispatchOutboxService.java,169,java:S1192,"Define a constant instead of duplicating this literal ""partitionCount"" 4 times.",OPEN,10min
CRITICAL,CODE_SMELL,batch-console-api/src/main/java/io/github/pinpols/batch/console/domain/workflow/web/response/ConsolePipelineDefinitionListItemResponse.java,44,java:S3252,"Use static access with ""io.github.pinpols.batch.console.support.web.ConsoleResponseFieldReader"" for ""integerValue"".",OPEN,5min
CRITICAL,CODE_SMELL,batch-console-api/src/main/java/io/github/pinpols/batch/console/domain/job/infrastructure/DefaultConsoleBatchWindowApplicationService.java,70,java:S1192,"Define a constant instead of duplicating this literal ""enabled"" 3 times.",OPEN,8min
CRITICAL,CODE_SMELL,batch-worker/process/src/test/java/io/github/pinpols/batch/worker/processes/infrastructure/ProcessStepBeanRegistrarTest.java,71,java:S1186,"Add a nested comment explaining why this method is empty, throw an UnsupportedOperationException or complete the implementation.",OPEN,5min
CRITICAL,CODE_SMELL,batch-console-api/src/main/java/io/github/pinpols/batch/console/infrastructure/excel/ConfigPackageExcelWorkbookWriter.java,1109,java:S1192,"Define a constant instead of duplicating this literal ""EXPONENTIAL"" 3 times.",OPEN,8min
CRITICAL,CODE_SMELL,batch-orchestrator/src/main/java/io/github/pinpols/batch/orchestrator/application/archive/OutboxArchiveService.java,79,java:S6809,Call transactional methods via an injected dependency instead of directly via 'this'.,OPEN,5min
CRITICAL,CODE_SMELL,batch-console-api/src/main/java/io/github/pinpols/batch/console/infrastructure/excel/ConfigPackageExcelValidator.java,848,java:S3776,Refactor this method to reduce its Cognitive Complexity from 18 to the 15 allowed.,OPEN,8min
CRITICAL,CODE_SMELL,batch-console-api/src/main/java/io/github/pinpols/batch/console/domain/job/web/response/ConsoleDryRunResultResponse.java,19,java:S3252,"Use static access with ""io.github.pinpols.batch.console.support.web.ConsoleResponseFieldReader"" for ""value"".",OPEN,5min
CRITICAL,CODE_SMELL,batch-console-api/src/main/java/io/github/pinpols/batch/console/domain/ops/infrastructure/DefaultConsoleWorkerApplicationService.java,74,java:S1192,"Define a constant instead of duplicating this literal ""worker-updated"" 3 times.",OPEN,8min
CRITICAL,CODE_SMELL,batch-console-api/src/main/java/io/github/pinpols/batch/console/infrastructure/excel/ConfigPackageExcelWorkbookWriter.java,1373,java:S1192,"Define a constant instead of duplicating this literal ""WF_SETTLEMENT"" 3 times.",OPEN,8min
CRITICAL,CODE_SMELL,sdk/java/core/src/main/java/io/github/pinpols/batch/sdk/dispatcher/TaskDispatcher.java,727,java:S1192,Use already-defined constant 'MDC_TASK_ID' instead of duplicating its value here.,OPEN,6min
CRITICAL,CODE_SMELL,batch-console-api/src/main/java/io/github/pinpols/batch/console/application/ops/DefaultConsoleApprovalApplicationService.java,76,java:S1192,"Define a constant instead of duplicating this literal ""REJECTED"" 3 times.",OPEN,8min
CRITICAL,CODE_SMELL,batch-console-api/src/main/java/io/github/pinpols/batch/console/domain/job/web/response/ConsoleTriggerActionResponse.java,14,java:S3252,"Use static access with ""io.github.pinpols.batch.console.support.web.ConsoleResponseFieldReader"" for ""stringValue"".",OPEN,5min
CRITICAL,CODE_SMELL,batch-worker/import/src/main/java/io/github/pinpols/batch/worker/imports/stage/PreprocessStep.java,234,java:S1192,"Define a constant instead of duplicating this literal ""preprocessed"" 3 times.",OPEN,8min
CRITICAL,CODE_SMELL,batch-orchestrator/src/main/java/io/github/pinpols/batch/orchestrator/application/service/governance/DefaultCompensationService.java,286,java:S1192,"Define a constant instead of duplicating this literal ""operatorId"" 4 times.",OPEN,10min
CRITICAL,CODE_SMELL,batch-console-api/src/main/java/io/github/pinpols/batch/console/support/excel/ConsoleExcelStyles.java,427,java:S3776,Refactor this method to reduce its Cognitive Complexity from 24 to the 15 allowed.,OPEN,14min
CRITICAL,CODE_SMELL,batch-orchestrator/src/test/java/io/github/pinpols/batch/orchestrator/infrastructure/scheduler/BatchDayOpenSchedulerTest.java,79,java:S1186,"Add a nested comment explaining why this method is empty, throw an UnsupportedOperationException or complete the implementation.",OPEN,5min
CRITICAL,CODE_SMELL,batch-console-api/src/main/java/io/github/pinpols/batch/console/domain/job/web/response/ConsoleCalendarResponse.java,36,java:S3252,"Use static access with ""io.github.pinpols.batch.console.support.web.ConsoleResponseFieldReader"" for ""stringValue"".",OPEN,5min
CRITICAL,CODE_SMELL,batch-console-api/src/main/java/io/github/pinpols/batch/console/domain/job/web/response/ConsoleCalendarResponse.java,42,java:S3252,"Use static access with ""io.github.pinpols.batch.console.support.web.ConsoleResponseFieldReader"" for ""instantValue"".",OPEN,5min
CRITICAL,CODE_SMELL,batch-orchestrator/src/main/java/io/github/pinpols/batch/orchestrator/infrastructure/quota/RedisQuotaRuntimeStateService.java,246,java:S3776,Refactor this method to reduce its Cognitive Complexity from 16 to the 15 allowed.,OPEN,6min
CRITICAL,CODE_SMELL,batch-orchestrator/src/main/java/io/github/pinpols/batch/orchestrator/application/service/governance/DefaultCompensationService.java,289,java:S1192,"Define a constant instead of duplicating this literal ""batchNo"" 3 times.",OPEN,8min
CRITICAL,CODE_SMELL,batch-worker/import/src/main/java/io/github/pinpols/batch/worker/imports/stage/format/XmlFormatParser.java,31,java:S3776,Refactor this method to reduce its Cognitive Complexity from 16 to the 15 allowed.,OPEN,6min
CRITICAL,CODE_SMELL,batch-worker/export/src/main/java/io/github/pinpols/batch/worker/exports/plugin/GenericJdbcMappedExportDataPlugin.java,161,java:S1192,"Define a constant instead of duplicating this literal "" AND "" 3 times.",OPEN,8min
CRITICAL,CODE_SMELL,batch-worker/core/src/main/java/io/github/pinpols/batch/worker/core/support/AbstractTaskConsumer.java,301,java:S3776,Refactor this method to reduce its Cognitive Complexity from 19 to the 15 allowed.,OPEN,9min
CRITICAL,CODE_SMELL,batch-console-api/src/main/java/io/github/pinpols/batch/console/domain/job/web/ConsoleJobController.java,59,java:S1452,Remove usage of generic wildcard type.,OPEN,20min
CRITICAL,CODE_SMELL,batch-orchestrator/src/main/java/io/github/pinpols/batch/orchestrator/application/engine/TaskDispatchOutboxService.java,170,java:S1192,"Define a constant instead of duplicating this literal ""estimatedPartitionCount"" 3 times.",OPEN,8min
CRITICAL,CODE_SMELL,batch-worker/atomic/src/main/java/io/github/pinpols/batch/worker/atomic/sql/SqlTaskExecutor.java,286,java:S3776,Refactor this method to reduce its Cognitive Complexity from 16 to the 15 allowed.,OPEN,6min
CRITICAL,CODE_SMELL,batch-orchestrator/src/main/java/io/github/pinpols/batch/orchestrator/application/service/workflow/WorkflowConditionEvaluator.java,220,java:S3776,Refactor this method to reduce its Cognitive Complexity from 21 to the 15 allowed.,OPEN,11min
CRITICAL,CODE_SMELL,batch-console-api/src/main/java/io/github/pinpols/batch/console/domain/job/web/response/ConsoleBatchWindowResponse.java,51,java:S3252,"Use static access with ""io.github.pinpols.batch.console.support.web.ConsoleResponseFieldReader"" for ""instantValue"".",OPEN,5min
CRITICAL,CODE_SMELL,batch-orchestrator/src/main/java/io/github/pinpols/batch/orchestrator/application/service/workflow/WorkflowRunManagementApplicationService.java,87,java:S1192,"Define a constant instead of duplicating this literal ""error.common.state_conflict_detail"" 3 times.",OPEN,8min
CRITICAL,CODE_SMELL,batch-worker/export/src/main/java/io/github/pinpols/batch/worker/exports/infrastructure/ExportStepExecutionAdapter.java,129,java:S1192,"Define a constant instead of duplicating this literal ""recordCount"" 4 times.",OPEN,10min
CRITICAL,CODE_SMELL,batch-orchestrator/src/main/java/io/github/pinpols/batch/orchestrator/application/service/workflow/DefaultWorkflowDagService.java,330,java:S1192,"Define a constant instead of duplicating this literal ""SKIPPED"" 3 times.",OPEN,8min
CRITICAL,CODE_SMELL,batch-console-api/src/main/java/io/github/pinpols/batch/console/domain/notification/web/response/ConsoleNotificationTestResultResponse.java,33,java:S3252,"Use static access with ""io.github.pinpols.batch.console.support.web.ConsoleResponseFieldReader"" for ""stringValue"".",OPEN,5min
CRITICAL,CODE_SMELL,batch-console-api/src/main/java/io/github/pinpols/batch/console/domain/job/web/response/ConsoleRetryFailedPartitionsResponse.java,23,java:S3252,"Use static access with ""io.github.pinpols.batch.console.support.web.ConsoleResponseFieldReader"" for ""integerValue"".",OPEN,5min
CRITICAL,CODE_SMELL,batch-console-api/src/main/java/io/github/pinpols/batch/console/application/ops/ConsoleClusterDiagnosticService.java,213,java:S1192,"Define a constant instead of duplicating this literal ""instanceStatus"" 4 times.",OPEN,10min
CRITICAL,CODE_SMELL,batch-console-api/src/main/java/io/github/pinpols/batch/console/domain/workflow/infrastructure/excel/WorkflowExcelColumnMetadata.java,120,java:S1192,"Define a constant instead of duplicating this literal ""excel.guide.format.boolean"" 3 times.",OPEN,8min
CRITICAL,CODE_SMELL,batch-worker/dispatch/src/main/java/io/github/pinpols/batch/worker/dispatchs/infrastructure/channel/RemoteFilesystemDispatchSupport.java,336,java:S1192,"Define a constant instead of duplicating this literal ""oss://"" 3 times.",OPEN,8min
CRITICAL,CODE_SMELL,batch-worker/import/src/main/java/io/github/pinpols/batch/worker/imports/stage/PreprocessStep.java,237,java:S1192,"Define a constant instead of duplicating this literal ""charsetSuspect"" 3 times.",OPEN,8min
CRITICAL,CODE_SMELL,batch-worker/core/src/main/java/io/github/pinpols/batch/worker/core/infrastructure/WorkerTaskLeaseRenewer.java,167,java:S1192,"Define a constant instead of duplicating this literal ""rejected"" 3 times.",OPEN,8min
CRITICAL,CODE_SMELL,batch-console-api/src/main/java/io/github/pinpols/batch/console/infrastructure/config/DefaultConsoleResourceQueueApplicationService.java,72,java:S1192,"Define a constant instead of duplicating this literal ""resource_tag"" 3 times.",OPEN,8min
CRITICAL,CODE_SMELL,batch-console-api/src/test/java/io/github/pinpols/batch/console/infrastructure/config/DefaultConsoleTenantConfigInitApplicationServiceTest.java,119,java:S1186,"Add a nested comment explaining why this method is empty, throw an UnsupportedOperationException or complete the implementation.",OPEN,5min
CRITICAL,CODE_SMELL,batch-console-api/src/main/java/io/github/pinpols/batch/console/domain/workflow/web/response/ConsolePipelineDefinitionListItemResponse.java,46,java:S3252,"Use static access with ""io.github.pinpols.batch.console.support.web.ConsoleResponseFieldReader"" for ""stringValue"".",OPEN,5min
CRITICAL,CODE_SMELL,sdk/java/core/src/main/java/io/github/pinpols/batch/sdk/dispatcher/TaskDispatcher.java,343,java:S1192,"Define a constant instead of duplicating this literal ""workerId"" 3 times.",OPEN,8min
CRITICAL,CODE_SMELL,batch-orchestrator/src/main/java/io/github/pinpols/batch/orchestrator/application/service/forensic/ForensicExportService.java,92,java:S6809,Call transactional methods via an injected dependency instead of directly via 'this'.,OPEN,5min
CRITICAL,CODE_SMELL,batch-console-api/src/main/java/io/github/pinpols/batch/console/domain/workflow/infrastructure/excel/WorkflowExcelColumnMetadata.java,97,java:S1192,"Define a constant instead of duplicating this literal ""tenant-a"" 3 times.",OPEN,8min
CRITICAL,CODE_SMELL,batch-console-api/src/main/java/io/github/pinpols/batch/console/infrastructure/excel/ConfigPackageExcelWorkbookWriter.java,675,java:S1192,"Define a constant instead of duplicating this literal ""EXPORT 用"" 3 times.",OPEN,8min
CRITICAL,CODE_SMELL,batch-worker/core/src/main/java/io/github/pinpols/batch/worker/core/reportoutbox/WorkerReportOutboxRepository.java,155,java:S3776,Refactor this method to reduce its Cognitive Complexity from 16 to the 15 allowed.,OPEN,6min
CRITICAL,CODE_SMELL,batch-worker/core/src/main/java/io/github/pinpols/batch/worker/core/infrastructure/PlatformFileRecordRepository.java,78,java:S1192,"Define a constant instead of duplicating this literal ""fileCode"" 3 times.",OPEN,8min
CRITICAL,CODE_SMELL,batch-console-api/src/main/java/io/github/pinpols/batch/console/support/web/ConsoleApiExceptionHandler.java,142,java:S1452,Remove usage of generic wildcard type.,OPEN,20min
CRITICAL,CODE_SMELL,batch-orchestrator/src/main/java/io/github/pinpols/batch/orchestrator/application/workflow/WorkflowParamResolver.java,95,java:S1192,"Define a constant instead of duplicating this literal ""error.workflow.param_ref_invalid"" 6 times.",OPEN,14min
CRITICAL,CODE_SMELL,batch-orchestrator/src/main/java/io/github/pinpols/batch/orchestrator/infrastructure/file/FileGovernanceRepository.java,337,java:S1192,Use already-defined constant 'KEY_RUNNING_STATUS' instead of duplicating its value here.,OPEN,6min
CRITICAL,CODE_SMELL,batch-orchestrator/src/main/java/io/github/pinpols/batch/orchestrator/infrastructure/file/FileGovernanceStorageMaintenance.java,111,java:S1192,"Define a constant instead of duplicating this literal ""CLEANUP"" 4 times.",OPEN,10min
CRITICAL,CODE_SMELL,batch-console-api/src/main/java/io/github/pinpols/batch/console/domain/job/web/response/ConsoleBatchWindowResponse.java,52,java:S3252,"Use static access with ""io.github.pinpols.batch.console.support.web.ConsoleResponseFieldReader"" for ""instantValue"".",OPEN,5min
CRITICAL,CODE_SMELL,sdk/java/core/src/main/java/io/github/pinpols/batch/sdk/handler/atomic/SqlAtomicHandler.java,74,java:S3776,Refactor this method to reduce its Cognitive Complexity from 16 to the 15 allowed.,OPEN,6min
CRITICAL,CODE_SMELL,batch-console-api/src/main/java/io/github/pinpols/batch/console/domain/notification/web/response/ConsoleNotificationChannelResponse.java,45,java:S3252,"Use static access with ""io.github.pinpols.batch.console.support.web.ConsoleResponseFieldReader"" for ""instantValue"".",OPEN,5min
CRITICAL,CODE_SMELL,batch-console-api/src/main/java/io/github/pinpols/batch/console/domain/notification/web/response/ConsoleNotificationDeliveryLogResponse.java,40,java:S3252,"Use static access with ""io.github.pinpols.batch.console.support.web.ConsoleResponseFieldReader"" for ""stringValue"".",OPEN,5min
CRITICAL,CODE_SMELL,batch-orchestrator/src/main/java/io/github/pinpols/batch/orchestrator/infrastructure/file/FileGovernanceStorageMaintenance.java,103,java:S1192,"Define a constant instead of duplicating this literal ""DELETED"" 4 times.",OPEN,10min
CRITICAL,CODE_SMELL,batch-console-api/src/main/java/io/github/pinpols/batch/console/infrastructure/workflow/DefaultConsolePipelineDefinitionApplicationService.java,200,java:S1192,"Define a constant instead of duplicating this literal ""step_params"" 3 times.",OPEN,8min
CRITICAL,CODE_SMELL,batch-console-api/src/main/java/io/github/pinpols/batch/console/domain/job/web/response/ConsoleBatchWindowResponse.java,39,java:S3252,"Use static access with ""io.github.pinpols.batch.console.support.web.ConsoleResponseFieldReader"" for ""longValue"".",OPEN,5min
CRITICAL,CODE_SMELL,batch-console-api/src/main/java/io/github/pinpols/batch/console/domain/notification/web/response/ConsoleNotificationDeliveryLogResponse.java,43,java:S3252,"Use static access with ""io.github.pinpols.batch.console.support.web.ConsoleResponseFieldReader"" for ""stringValue"".",OPEN,5min
CRITICAL,CODE_SMELL,batch-orchestrator/src/main/java/io/github/pinpols/batch/orchestrator/application/service/governance/DefaultWorkerDrainGovernanceService.java,55,java:S1192,"Define a constant instead of duplicating this literal ""error.worker.decommissioned"" 3 times.",OPEN,8min
CRITICAL,CODE_SMELL,batch-console-api/src/main/java/io/github/pinpols/batch/console/domain/notification/web/response/ConsoleAlertRoutingResponse.java,55,java:S3252,"Use static access with ""io.github.pinpols.batch.console.support.web.ConsoleResponseFieldReader"" for ""stringValue"".",OPEN,5min
CRITICAL,CODE_SMELL,batch-console-api/src/main/java/io/github/pinpols/batch/console/domain/job/web/response/ConsoleInstanceActionResponse.java,22,java:S3252,"Use static access with ""io.github.pinpols.batch.console.support.web.ConsoleResponseFieldReader"" for ""stringValue"".",OPEN,5min
CRITICAL,CODE_SMELL,batch-orchestrator/src/main/java/io/github/pinpols/batch/orchestrator/auth/ApiKeyVerifier.java,175,java:S3776,Refactor this method to reduce its Cognitive Complexity from 20 to the 15 allowed.,OPEN,10min
CRITICAL,CODE_SMELL,batch-worker/core/src/main/java/io/github/pinpols/batch/worker/core/support/PipelineStepFlowSupport.java,37,java:S3776,Refactor this method to reduce its Cognitive Complexity from 19 to the 15 allowed.,OPEN,9min
CRITICAL,CODE_SMELL,batch-console-api/src/main/java/io/github/pinpols/batch/console/domain/notification/web/response/ConsoleNotificationChannelResponse.java,44,java:S3252,"Use static access with ""io.github.pinpols.batch.console.support.web.ConsoleResponseFieldReader"" for ""stringValue"".",OPEN,5min
CRITICAL,CODE_SMELL,batch-worker/export/src/main/java/io/github/pinpols/batch/worker/exports/stage/GenerateStep.java,79,java:S3776,Refactor this method to reduce its Cognitive Complexity from 24 to the 15 allowed.,OPEN,14min
CRITICAL,CODE_SMELL,batch-console-api/src/main/java/io/github/pinpols/batch/console/application/ops/ConsoleClusterDiagnosticService.java,128,java:S1192,"Define a constant instead of duplicating this literal ""healthy"" 4 times.",OPEN,10min
CRITICAL,CODE_SMELL,batch-orchestrator/src/main/java/io/github/pinpols/batch/orchestrator/application/service/version/ResultVersionWriter.java,72,java:S3776,Refactor this method to reduce its Cognitive Complexity from 21 to the 15 allowed.,OPEN,11min
CRITICAL,CODE_SMELL,batch-orchestrator/src/main/java/io/github/pinpols/batch/orchestrator/application/service/dryrun/DefaultDryRunPlanService.java,204,java:S1192,"Define a constant instead of duplicating this literal ""workflow"" 6 times.",OPEN,14min
CRITICAL,CODE_SMELL,batch-console-api/src/main/java/io/github/pinpols/batch/console/infrastructure/config/DefaultConsoleConfigSyncApplicationService.java,146,java:S1192,"Define a constant instead of duplicating this literal ""detailJson"" 3 times.",OPEN,8min
CRITICAL,CODE_SMELL,batch-console-api/src/main/java/io/github/pinpols/batch/console/infrastructure/excel/ConfigPackageExcelValidator.java,404,java:S1192,Use already-defined constant 'COL_JOB_CODE' instead of duplicating its value here.,OPEN,8min
CRITICAL,CODE_SMELL,batch-console-api/src/main/java/io/github/pinpols/batch/console/domain/observability/service/ConsoleDashboardQueryService.java,66,java:S1192,"Define a constant instead of duplicating this literal ""status"" 3 times.",OPEN,8min
CRITICAL,CODE_SMELL,batch-orchestrator/src/main/java/io/github/pinpols/batch/orchestrator/infrastructure/sensor/KafkaOffsetSensorPolicy.java,72,java:S1192,"Define a constant instead of duplicating this literal ""KAFKA_OFFSET"" 5 times.",OPEN,12min
CRITICAL,CODE_SMELL,batch-console-api/src/main/java/io/github/pinpols/batch/console/infrastructure/workflow/DefaultConsolePipelineDefinitionApplicationService.java,106,java:S1192,"Define a constant instead of duplicating this literal ""tenant_id"" 3 times.",OPEN,8min
CRITICAL,CODE_SMELL,batch-orchestrator/src/main/java/io/github/pinpols/batch/orchestrator/application/service/workflow/WorkflowNodePayloadBuilder.java,101,java:S1192,"Define a constant instead of duplicating this literal ""fileId"" 3 times.",OPEN,8min
CRITICAL,CODE_SMELL,batch-console-api/src/main/java/io/github/pinpols/batch/console/domain/notification/web/response/ConsoleNotificationChannelResponse.java,37,java:S3252,"Use static access with ""io.github.pinpols.batch.console.support.web.ConsoleResponseFieldReader"" for ""stringValue"".",OPEN,5min
CRITICAL,CODE_SMELL,batch-console-api/src/main/java/io/github/pinpols/batch/console/infrastructure/excel/ConfigPackageExcelWorkbookWriter.java,763,java:S1192,"Define a constant instead of duplicating this literal ""always-open"" 3 times.",OPEN,8min
CRITICAL,CODE_SMELL,batch-orchestrator/src/main/java/io/github/pinpols/batch/orchestrator/infrastructure/file/FileGovernanceStorageMaintenance.java,161,java:S1192,"Define a constant instead of duplicating this literal ""RECEIVED"" 3 times.",OPEN,8min
CRITICAL,CODE_SMELL,batch-console-api/src/main/java/io/github/pinpols/batch/console/domain/job/web/response/ConsoleCalendarResponse.java,37,java:S3252,"Use static access with ""io.github.pinpols.batch.console.support.web.ConsoleResponseFieldReader"" for ""stringValue"".",OPEN,5min
CRITICAL,CODE_SMELL,batch-console-api/src/main/java/io/github/pinpols/batch/console/domain/workflow/web/response/ConsoleWorkflowRunSkipNodeResponse.java,20,java:S3252,"Use static access with ""io.github.pinpols.batch.console.support.web.ConsoleResponseFieldReader"" for ""stringValue"".",OPEN,5min
CRITICAL,CODE_SMELL,batch-worker/import/src/main/java/io/github/pinpols/batch/worker/imports/stage/ValidateStep.java,270,java:S3776,Refactor this method to reduce its Cognitive Complexity from 21 to the 15 allowed.,OPEN,11min
CRITICAL,CODE_SMELL,batch-worker/atomic/src/main/java/io/github/pinpols/batch/worker/atomic/http/HttpTaskExecutor.java,193,java:S1192,Use already-defined constant 'PARAM_TIMEOUT' instead of duplicating its value here.,OPEN,4min
CRITICAL,CODE_SMELL,batch-orchestrator/src/main/java/io/github/pinpols/batch/orchestrator/application/service/task/DefaultTaskAssignmentService.java,90,java:S6809,Call transactional methods via an injected dependency instead of directly via 'this'.,OPEN,5min
CRITICAL,CODE_SMELL,batch-orchestrator/src/main/java/io/github/pinpols/batch/orchestrator/application/service/governance/DefaultRetryGovernanceService.java,171,java:S1192,"Define a constant instead of duplicating this literal ""JOB_PARTITION"" 3 times.",OPEN,8min
CRITICAL,CODE_SMELL,batch-trigger/src/main/java/io/github/pinpols/batch/trigger/infrastructure/QuartzMisfireRecoveryListener.java,74,java:S1186,"Add a nested comment explaining why this method is empty, throw an UnsupportedOperationException or complete the implementation.",OPEN,5min
CRITICAL,CODE_SMELL,batch-console-api/src/main/java/io/github/pinpols/batch/console/domain/notification/web/response/ConsoleSubscriptionRuleResponse.java,46,java:S3252,"Use static access with ""io.github.pinpols.batch.console.support.web.ConsoleResponseFieldReader"" for ""stringValue"".",OPEN,5min
CRITICAL,CODE_SMELL,batch-console-api/src/main/java/io/github/pinpols/batch/console/domain/job/web/response/ConsoleBatchDayOperateResponse.java,15,java:S3252,"Use static access with ""io.github.pinpols.batch.console.support.web.ConsoleResponseFieldReader"" for ""stringValue"".",OPEN,5min
CRITICAL,CODE_SMELL,batch-worker/atomic/src/main/java/io/github/pinpols/batch/worker/atomic/storedproc/StoredProcTaskExecutor.java,131,java:S1192,Use already-defined constant 'PARAM_PROC' instead of duplicating its value here.,OPEN,4min
CRITICAL,CODE_SMELL,sdk/java/core/src/main/java/io/github/pinpols/batch/sdk/dispatcher/TaskDispatcher.java,496,java:S3776,Refactor this method to reduce its Cognitive Complexity from 30 to the 15 allowed.,OPEN,20min
CRITICAL,CODE_SMELL,batch-console-api/src/main/java/io/github/pinpols/batch/console/infrastructure/excel/ConfigPackageExcelWorkbookWriter.java,1110,java:S1192,"Define a constant instead of duplicating this literal ""最大重试次数。"" 3 times.",OPEN,8min
CRITICAL,CODE_SMELL,batch-console-api/src/main/java/io/github/pinpols/batch/console/domain/notification/web/response/ConsoleNotificationDeliveryLogResponse.java,39,java:S3252,"Use static access with ""io.github.pinpols.batch.console.support.web.ConsoleResponseFieldReader"" for ""longValue"".",OPEN,5min
CRITICAL,CODE_SMELL,batch-console-api/src/main/java/io/github/pinpols/batch/console/domain/job/web/response/ConsoleTriggerActionResponse.java,13,java:S3252,"Use static access with ""io.github.pinpols.batch.console.support.web.ConsoleResponseFieldReader"" for ""stringValue"".",OPEN,5min
CRITICAL,CODE_SMELL,batch-console-api/src/main/java/io/github/pinpols/batch/console/domain/job/infrastructure/DefaultConsoleJobTriggerService.java,68,java:S3776,Refactor this method to reduce its Cognitive Complexity from 19 to the 15 allowed.,OPEN,9min
CRITICAL,CODE_SMELL,batch-console-api/src/main/java/io/github/pinpols/batch/console/domain/notification/web/response/ConsoleAlertRoutingResponse.java,51,java:S3252,"Use static access with ""io.github.pinpols.batch.console.support.web.ConsoleResponseFieldReader"" for ""stringValue"".",OPEN,5min
CRITICAL,CODE_SMELL,batch-console-api/src/main/java/io/github/pinpols/batch/console/support/excel/ExcelMapRowReader.java,42,java:S1192,"Define a constant instead of duplicating this literal "" is required"" 3 times.",OPEN,8min
CRITICAL,CODE_SMELL,batch-console-api/src/main/java/io/github/pinpols/batch/console/domain/workflow/web/response/ConsolePipelineDefinitionListItemResponse.java,43,java:S3252,"Use static access with ""io.github.pinpols.batch.console.support.web.ConsoleResponseFieldReader"" for ""stringValue"".",OPEN,5min
CRITICAL,CODE_SMELL,batch-console-api/src/main/java/io/github/pinpols/batch/console/support/web/ConsoleIdempotencyInterceptor.java,69,java:S3776,Refactor this method to reduce its Cognitive Complexity from 16 to the 15 allowed.,OPEN,6min
CRITICAL,CODE_SMELL,batch-console-api/src/main/java/io/github/pinpols/batch/console/infrastructure/excel/ConfigPackageExcelWorkbookWriter.java,607,java:S1192,"Define a constant instead of duplicating this literal ""default_query_sql"" 3 times.",OPEN,8min
CRITICAL,CODE_SMELL,batch-worker/import/src/main/java/io/github/pinpols/batch/worker/imports/stage/format/ExcelFormatParser.java,404,java:S3776,Refactor this method to reduce its Cognitive Complexity from 17 to the 15 allowed.,OPEN,7min
CRITICAL,CODE_SMELL,batch-orchestrator/src/main/java/io/github/pinpols/batch/orchestrator/application/scheduler/TenantSchedulerSnapshotService.java,81,java:S3776,Refactor this method to reduce its Cognitive Complexity from 21 to the 15 allowed.,OPEN,11min
CRITICAL,CODE_SMELL,batch-orchestrator/src/main/java/io/github/pinpols/batch/orchestrator/infrastructure/file/FileGovernanceStorageMaintenance.java,106,java:S1192,"Define a constant instead of duplicating this literal ""storagePath"" 5 times.",OPEN,12min
CRITICAL,CODE_SMELL,batch-trigger/src/main/java/io/github/pinpols/batch/trigger/event/TriggerOutboxDomainEventPublisher.java,53,java:S6809,Call transactional methods via an injected dependency instead of directly via 'this'.,OPEN,5min
CRITICAL,CODE_SMELL,batch-console-api/src/main/java/io/github/pinpols/batch/console/infrastructure/excel/ConfigPackageExcelValidator.java,413,java:S1192,Use already-defined constant 'COL_PARAM_SCHEMA' instead of duplicating its value here.,OPEN,4min
CRITICAL,CODE_SMELL,batch-common/src/main/java/io/github/pinpols/batch/common/security/SensitiveDataValidator.java,81,java:S3776,Refactor this method to reduce its Cognitive Complexity from 30 to the 15 allowed.,OPEN,20min
CRITICAL,CODE_SMELL,batch-console-api/src/main/java/io/github/pinpols/batch/console/domain/job/web/response/ConsoleBatchWindowResponse.java,43,java:S3252,"Use static access with ""io.github.pinpols.batch.console.support.web.ConsoleResponseFieldReader"" for ""stringValue"".",OPEN,5min
CRITICAL,CODE_SMELL,batch-orchestrator/src/main/java/io/github/pinpols/batch/orchestrator/service/BatchDayGateService.java,52,java:S3776,Refactor this method to reduce its Cognitive Complexity from 23 to the 15 allowed.,OPEN,13min
CRITICAL,CODE_SMELL,batch-orchestrator/src/main/java/io/github/pinpols/batch/orchestrator/application/service/workflow/DefaultWorkflowDagService.java,232,java:S3776,Refactor this method to reduce its Cognitive Complexity from 21 to the 15 allowed.,OPEN,11min
CRITICAL,CODE_SMELL,batch-console-api/src/main/java/io/github/pinpols/batch/console/domain/notification/web/response/ConsoleAlertRoutingResponse.java,59,java:S3252,"Use static access with ""io.github.pinpols.batch.console.support.web.ConsoleResponseFieldReader"" for ""integerValue"".",OPEN,5min
CRITICAL,CODE_SMELL,batch-console-api/src/main/java/io/github/pinpols/batch/console/domain/notification/web/response/ConsoleNotificationDeliveryLogResponse.java,41,java:S3252,"Use static access with ""io.github.pinpols.batch.console.support.web.ConsoleResponseFieldReader"" for ""longValue"".",OPEN,5min
CRITICAL,CODE_SMELL,batch-worker/import/src/main/java/io/github/pinpols/batch/worker/imports/preprocess/ImportPreprocessPipeline.java,430,java:S1192,"Define a constant instead of duplicating this literal ""SHA-256"" 4 times.",OPEN,10min
CRITICAL,CODE_SMELL,batch-orchestrator/src/main/java/io/github/pinpols/batch/orchestrator/application/trigger/TriggerLaunchConsumer.java,65,java:S1192,"Define a constant instead of duplicating this literal ""unknown"" 3 times.",OPEN,8min
CRITICAL,CODE_SMELL,batch-console-api/src/main/java/io/github/pinpols/batch/console/application/rbac/ConsoleTenantApplicationService.java,161,java:S6809,Call transactional methods via an injected dependency instead of directly via 'this'.,OPEN,5min
CRITICAL,CODE_SMELL,batch-console-api/src/main/java/io/github/pinpols/batch/console/infrastructure/config/TenantConfigInitApplyHandlers.java,165,java:S3776,Refactor this method to reduce its Cognitive Complexity from 23 to the 15 allowed.,OPEN,13min
CRITICAL,CODE_SMELL,batch-console-api/src/main/java/io/github/pinpols/batch/console/domain/job/web/response/ConsoleBatchWindowResponse.java,40,java:S3252,"Use static access with ""io.github.pinpols.batch.console.support.web.ConsoleResponseFieldReader"" for ""stringValue"".",OPEN,5min
CRITICAL,CODE_SMELL,batch-orchestrator/src/main/java/io/github/pinpols/batch/orchestrator/application/service/task/DefaultTaskOutcomeService.java,455,java:S3776,Refactor this method to reduce its Cognitive Complexity from 33 to the 15 allowed.,OPEN,23min
CRITICAL,CODE_SMELL,batch-console-api/src/main/java/io/github/pinpols/batch/console/application/rbac/ConsoleMetaQueryService.java,179,java:S1192,"Define a constant instead of duplicating this literal ""meta:"" 5 times.",OPEN,12min
CRITICAL,CODE_SMELL,batch-orchestrator/src/main/java/io/github/pinpols/batch/orchestrator/infrastructure/archive/ArchiveSchemaDriftCheck.java,143,java:S3776,Refactor this method to reduce its Cognitive Complexity from 23 to the 15 allowed.,OPEN,13min
CRITICAL,CODE_SMELL,batch-orchestrator/src/main/java/io/github/pinpols/batch/orchestrator/application/service/workflow/DefaultWorkflowDagService.java,93,java:S3776,Refactor this method to reduce its Cognitive Complexity from 16 to the 15 allowed.,OPEN,6min
CRITICAL,CODE_SMELL,batch-console-api/src/main/java/io/github/pinpols/batch/console/domain/job/web/response/ConsoleTriggerActionResponse.java,15,java:S3252,"Use static access with ""io.github.pinpols.batch.console.support.web.ConsoleResponseFieldReader"" for ""stringValue"".",OPEN,5min
CRITICAL,CODE_SMELL,batch-orchestrator/src/main/java/io/github/pinpols/batch/orchestrator/application/engine/TaskDispatchOutboxService.java,172,java:S1192,"Define a constant instead of duplicating this literal ""shardCount"" 3 times.",OPEN,8min
CRITICAL,CODE_SMELL,batch-console-api/src/main/java/io/github/pinpols/batch/console/infrastructure/config/DefaultConsoleConfigApprovalApplicationService.java,99,java:S1192,"Define a constant instead of duplicating this literal ""publishedAt"" 3 times.",OPEN,8min
CRITICAL,CODE_SMELL,batch-orchestrator/src/test/java/io/github/pinpols/batch/orchestrator/integration/LocalFlywayPlatformMigrationsIntegrationTest.java,43,java:S2093,"Change this ""try"" to a try-with-resources.",OPEN,15min
CRITICAL,CODE_SMELL,batch-trigger/src/main/java/io/github/pinpols/batch/trigger/application/TriggerOutboxRelay.java,287,java:S3776,Refactor this method to reduce its Cognitive Complexity from 22 to the 15 allowed.,OPEN,12min
CRITICAL,CODE_SMELL,batch-console-api/src/main/java/io/github/pinpols/batch/console/infrastructure/excel/ConfigPackageExcelValidator.java,143,java:S1192,"Define a constant instead of duplicating this literal ""VALIDATE"" 3 times.",OPEN,8min
CRITICAL,CODE_SMELL,batch-console-api/src/main/java/io/github/pinpols/batch/console/domain/notification/web/response/ConsoleSubscriptionRuleResponse.java,47,java:S3252,"Use static access with ""io.github.pinpols.batch.console.support.web.ConsoleResponseFieldReader"" for ""instantValue"".",OPEN,5min
CRITICAL,CODE_SMELL,batch-console-api/src/main/java/io/github/pinpols/batch/console/domain/notification/web/response/ConsoleNotificationDeliveryLogResponse.java,46,java:S3252,"Use static access with ""io.github.pinpols.batch.console.support.web.ConsoleResponseFieldReader"" for ""stringValue"".",OPEN,5min
CRITICAL,CODE_SMELL,batch-worker/import/src/main/java/io/github/pinpols/batch/worker/imports/stage/PreprocessStep.java,639,java:S3776,Refactor this method to reduce its Cognitive Complexity from 19 to the 15 allowed.,OPEN,9min
CRITICAL,CODE_SMELL,batch-worker/export/src/main/java/io/github/pinpols/batch/worker/exports/stage/GenerateStep.java,322,java:S1192,"Define a constant instead of duplicating this literal ""EXCEL"" 3 times.",OPEN,8min
CRITICAL,CODE_SMELL,batch-orchestrator/src/main/java/io/github/pinpols/batch/orchestrator/service/LaunchParamResolver.java,310,java:S1192,"Define a constant instead of duplicating this literal ""catch:Exception"" 3 times.",OPEN,8min
CRITICAL,CODE_SMELL,batch-orchestrator/src/main/java/io/github/pinpols/batch/orchestrator/application/service/sensor/DbRowExistsSensorPolicy.java,74,java:S1192,"Define a constant instead of duplicating this literal ""error.workflow.sensor_spec_invalid"" 3 times.",OPEN,8min
CRITICAL,CODE_SMELL,batch-orchestrator/src/main/java/io/github/pinpols/batch/orchestrator/application/service/governance/DefaultCompensationService.java,81,java:S1192,"Define a constant instead of duplicating this literal ""PARTITION"" 3 times.",OPEN,8min
CRITICAL,CODE_SMELL,batch-orchestrator/src/main/java/io/github/pinpols/batch/orchestrator/application/service/workflow/WorkflowRunManagementApplicationService.java,53,java:S1192,Use already-defined constant 'STATUS_RUNNING' instead of duplicating its value here.,OPEN,10min
CRITICAL,CODE_SMELL,batch-orchestrator/src/main/java/io/github/pinpols/batch/orchestrator/application/service/workflow/WorkflowRunManagementApplicationService.java,,java:S6809,Call transactional methods via an injected dependency instead of directly via 'this'.,CLOSED,5min
CRITICAL,CODE_SMELL,batch-worker/dispatch/src/main/java/io/github/pinpols/batch/worker/dispatchs/infrastructure/FileDispatchRepository.java,88,java:S1192,"Define a constant instead of duplicating this literal ""receiptCode"" 3 times.",OPEN,8min
CRITICAL,CODE_SMELL,batch-console-api/src/main/java/io/github/pinpols/batch/console/infrastructure/excel/ConfigPackageExcelValidator.java,456,java:S1192,Use already-defined constant 'COL_AUTH_TYPE' instead of duplicating its value here.,OPEN,4min
CRITICAL,CODE_SMELL,batch-console-api/src/main/java/io/github/pinpols/batch/console/domain/notification/web/response/ConsoleSubscriptionRuleResponse.java,43,java:S3252,"Use static access with ""io.github.pinpols.batch.console.support.web.ConsoleResponseFieldReader"" for ""stringValue"".",OPEN,5min
CRITICAL,CODE_SMELL,batch-worker/atomic/src/main/java/io/github/pinpols/batch/worker/atomic/sql/SqlTaskExecutor.java,408,java:S3776,Refactor this method to reduce its Cognitive Complexity from 25 to the 15 allowed.,OPEN,15min
CRITICAL,CODE_SMELL,batch-console-api/src/main/java/io/github/pinpols/batch/console/domain/workflow/validation/WorkflowDagValidator.java,71,java:S3776,Refactor this method to reduce its Cognitive Complexity from 18 to the 15 allowed.,OPEN,8min
CRITICAL,CODE_SMELL,batch-orchestrator/src/main/java/io/github/pinpols/batch/orchestrator/observability/JobLifecycleMetricsRecorder.java,106,java:S1192,"Define a constant instead of duplicating this literal ""unknown"" 3 times.",OPEN,8min
CRITICAL,CODE_SMELL,batch-console-api/src/main/java/io/github/pinpols/batch/console/domain/rbac/support/ConsoleAuthenticationFilter.java,86,java:S3776,Refactor this method to reduce its Cognitive Complexity from 22 to the 15 allowed.,OPEN,12min
CRITICAL,CODE_SMELL,batch-console-api/src/main/java/io/github/pinpols/batch/console/application/ops/ConsoleOpsQueryService.java,428,java:S1192,"Define a constant instead of duplicating this literal ""slaDeadlineAt"" 3 times.",OPEN,8min
CRITICAL,CODE_SMELL,batch-console-api/src/main/java/io/github/pinpols/batch/console/application/rbac/ConsoleMetaQueryService.java,129,java:S1192,"Define a constant instead of duplicating this literal ""PREPARE"" 3 times.",OPEN,8min
CRITICAL,CODE_SMELL,batch-common/src/main/java/io/github/pinpols/batch/common/service/BatchObjectCryptoService.java,195,java:S2093,"Change this ""try"" to a try-with-resources.",OPEN,15min
CRITICAL,CODE_SMELL,batch-orchestrator/src/main/java/io/github/pinpols/batch/orchestrator/application/service/workflow/WorkflowNodePayloadBuilder.java,82,java:S1192,"Define a constant instead of duplicating this literal ""catch:IllegalArgumentException"" 5 times.",OPEN,12min
CRITICAL,CODE_SMELL,batch-orchestrator/src/main/java/io/github/pinpols/batch/orchestrator/application/service/workflow/WorkflowRunManagementApplicationService.java,171,java:S1192,"Define a constant instead of duplicating this literal ""nodeCode"" 3 times.",OPEN,8min
CRITICAL,CODE_SMELL,batch-console-api/src/main/java/io/github/pinpols/batch/console/domain/job/web/response/ConsoleHolidayResponse.java,30,java:S3252,"Use static access with ""io.github.pinpols.batch.console.support.web.ConsoleResponseFieldReader"" for ""longValue"".",OPEN,5min
CRITICAL,CODE_SMELL,batch-orchestrator/src/main/java/io/github/pinpols/batch/orchestrator/application/service/task/TaskOutcomeSummaryBuilder.java,51,java:S1192,"Define a constant instead of duplicating this literal ""outputs"" 3 times.",OPEN,8min
CRITICAL,CODE_SMELL,batch-common/src/main/java/io/github/pinpols/batch/common/storage/FilesystemObjectStore.java,217,java:S3776,Refactor this method to reduce its Cognitive Complexity from 23 to the 15 allowed.,OPEN,13min
CRITICAL,CODE_SMELL,batch-console-api/src/main/java/io/github/pinpols/batch/console/domain/file/infrastructure/query/ConsoleFileQueryService.java,373,java:S1192,"Define a constant instead of duplicating this literal ""masking_rule_set"" 3 times.",OPEN,8min
CRITICAL,VULNERABILITY,batch-worker/import/src/main/java/io/github/pinpols/batch/worker/imports/stage/ParseStep.java,,java:S5443,Make sure publicly writable directories are used safely here.,CLOSED,30min
CRITICAL,CODE_SMELL,batch-worker/import/src/main/java/io/github/pinpols/batch/worker/imports/infrastructure/ImportRecordGovernanceService.java,221,java:S1192,"Define a constant instead of duplicating this literal ""manualReviewRequired"" 3 times.",OPEN,8min
CRITICAL,CODE_SMELL,batch-orchestrator/src/main/java/io/github/pinpols/batch/orchestrator/application/service/task/InstanceManagementApplicationService.java,56,java:S1192,"Define a constant instead of duplicating this literal ""instanceNo"" 5 times.",OPEN,12min
CRITICAL,CODE_SMELL,batch-console-api/src/main/java/io/github/pinpols/batch/console/domain/workflow/infrastructure/WorkflowMermaidRenderer.java,22,java:S3776,Refactor this method to reduce its Cognitive Complexity from 18 to the 15 allowed.,OPEN,8min
CRITICAL,CODE_SMELL,batch-orchestrator/src/main/java/io/github/pinpols/batch/orchestrator/application/service/governance/DefaultFileGovernanceService.java,120,java:S1192,"Define a constant instead of duplicating this literal ""content_encryption_enabled"" 3 times.",OPEN,8min
CRITICAL,CODE_SMELL,batch-console-api/src/main/java/io/github/pinpols/batch/console/domain/job/web/response/ConsoleHolidayResponse.java,35,java:S3252,"Use static access with ""io.github.pinpols.batch.console.support.web.ConsoleResponseFieldReader"" for ""instantValue"".",OPEN,5min
CRITICAL,CODE_SMELL,batch-console-api/src/main/java/io/github/pinpols/batch/console/domain/job/web/response/ConsoleCalendarResponse.java,34,java:S3252,"Use static access with ""io.github.pinpols.batch.console.support.web.ConsoleResponseFieldReader"" for ""stringValue"".",OPEN,5min
CRITICAL,CODE_SMELL,batch-worker/import/src/main/java/io/github/pinpols/batch/worker/imports/stage/format/FixedWidthFormatParser.java,26,java:S3776,Refactor this method to reduce its Cognitive Complexity from 26 to the 15 allowed.,OPEN,16min
CRITICAL,CODE_SMELL,batch-console-api/src/main/java/io/github/pinpols/batch/console/domain/workflow/web/response/ConsolePipelineDefinitionListItemResponse.java,42,java:S3252,"Use static access with ""io.github.pinpols.batch.console.support.web.ConsoleResponseFieldReader"" for ""stringValue"".",OPEN,5min
CRITICAL,CODE_SMELL,batch-console-api/src/main/java/io/github/pinpols/batch/console/support/web/ConsoleApiExceptionHandler.java,241,java:S1452,Remove usage of generic wildcard type.,OPEN,20min
CRITICAL,BUG,batch-common/src/test/java/io/github/pinpols/batch/testing/chaos/PgConnectionResetToxicIT.java,,java:S5783,Refactor the code of the lambda to not have multiple invocations throwing the same checked exception.,CLOSED,5min
CRITICAL,CODE_SMELL,batch-worker/import/src/main/java/io/github/pinpols/batch/worker/imports/preprocess/ImportPreprocessPipeline.java,95,java:S1192,"Define a constant instead of duplicating this literal ""GUNZIP"" 3 times.",OPEN,8min
CRITICAL,CODE_SMELL,batch-console-api/src/main/java/io/github/pinpols/batch/console/domain/job/web/response/ConsolePartitionActionResponse.java,14,java:S3252,"Use static access with ""io.github.pinpols.batch.console.support.web.ConsoleResponseFieldReader"" for ""stringValue"".",OPEN,5min
CRITICAL,CODE_SMELL,batch-worker/import/src/main/java/io/github/pinpols/batch/worker/imports/stage/PreprocessStep.java,235,java:S1192,"Define a constant instead of duplicating this literal ""preprocessFormat"" 3 times.",OPEN,8min
CRITICAL,CODE_SMELL,batch-console-api/src/main/java/io/github/pinpols/batch/console/infrastructure/excel/ConfigPackageExcelValidator.java,870,java:S1192,Use already-defined constant 'COL_WINDOW_CODE' instead of duplicating its value here.,OPEN,4min
CRITICAL,CODE_SMELL,batch-console-api/src/main/java/io/github/pinpols/batch/console/support/web/ConsoleApiExceptionHandler.java,104,java:S1452,Remove usage of generic wildcard type.,OPEN,20min
CRITICAL,CODE_SMELL,batch-worker/import/src/main/java/io/github/pinpols/batch/worker/imports/infrastructure/quality/DatasetRuleEvaluator.java,72,java:S3776,Refactor this method to reduce its Cognitive Complexity from 20 to the 15 allowed.,OPEN,10min
CRITICAL,CODE_SMELL,batch-console-api/src/main/java/io/github/pinpols/batch/console/infrastructure/config/TenantConfigInitApplyHandlers.java,394,java:S1192,"Define a constant instead of duplicating this literal ""pipeline_name"" 3 times.",OPEN,8min
CRITICAL,CODE_SMELL,batch-orchestrator/src/main/java/io/github/pinpols/batch/orchestrator/infrastructure/lineage/OpenLineageEmitter.java,177,java:S1192,"Define a constant instead of duplicating this literal ""facets"" 3 times.",OPEN,8min
CRITICAL,CODE_SMELL,sdk/java/core/src/main/java/io/github/pinpols/batch/sdk/handler/atomic/SqlAtomicHandler.java,125,java:S3776,Refactor this method to reduce its Cognitive Complexity from 31 to the 15 allowed.,OPEN,21min
CRITICAL,CODE_SMELL,batch-orchestrator/src/main/java/io/github/pinpols/batch/orchestrator/infrastructure/file/FileGovernanceStorageMaintenance.java,112,java:S1192,"Define a constant instead of duplicating this literal ""SUCCESS"" 3 times.",OPEN,8min
CRITICAL,CODE_SMELL,batch-console-api/src/main/java/io/github/pinpols/batch/console/infrastructure/excel/ConfigPackageExcelValidator.java,773,java:S1192,Use already-defined constant 'COL_NODE_CODE' instead of duplicating its value here.,OPEN,4min
CRITICAL,CODE_SMELL,batch-worker/export/src/main/java/io/github/pinpols/batch/worker/exports/plugin/ExportKeysetRangePlanner.java,61,java:S1192,"Define a constant instead of duplicating this literal ""partition_keyset_range"" 3 times.",OPEN,8min
CRITICAL,CODE_SMELL,batch-console-api/src/main/java/io/github/pinpols/batch/console/domain/job/web/response/ConsoleInstanceActionResponse.java,21,java:S3252,"Use static access with ""io.github.pinpols.batch.console.support.web.ConsoleResponseFieldReader"" for ""longValue"".",OPEN,5min
CRITICAL,CODE_SMELL,batch-console-api/src/main/java/io/github/pinpols/batch/console/domain/file/infrastructure/query/ConsoleFileQueryService.java,176,java:S1192,"Define a constant instead of duplicating this literal ""file_id"" 3 times.",OPEN,8min
CRITICAL,CODE_SMELL,batch-trigger/src/main/java/io/github/pinpols/batch/trigger/service/DefaultTriggerService.java,137,java:S3776,Refactor this method to reduce its Cognitive Complexity from 25 to the 15 allowed.,OPEN,15min
CRITICAL,CODE_SMELL,batch-console-api/src/main/java/io/github/pinpols/batch/console/infrastructure/excel/ConfigPackageExcelValidator.java,458,java:S1192,Use already-defined constant 'COL_RECEIPT_POLICY' instead of duplicating its value here.,OPEN,4min
CRITICAL,CODE_SMELL,batch-console-api/src/main/java/io/github/pinpols/batch/console/infrastructure/excel/ConfigPackageExcelValidator.java,868,java:S1192,Use already-defined constant 'COL_QUEUE_CODE' instead of duplicating its value here.,OPEN,4min
CRITICAL,CODE_SMELL,batch-console-api/src/main/java/io/github/pinpols/batch/console/domain/notification/web/response/ConsoleSubscriptionRuleResponse.java,41,java:S3252,"Use static access with ""io.github.pinpols.batch.console.support.web.ConsoleResponseFieldReader"" for ""stringValue"".",OPEN,5min
CRITICAL,CODE_SMELL,batch-worker/atomic/src/main/java/io/github/pinpols/batch/worker/atomic/http/HttpTaskExecutor.java,188,java:S1192,Use already-defined constant 'PARAM_METHOD' instead of duplicating its value here.,OPEN,4min
CRITICAL,CODE_SMELL,batch-worker/import/src/main/java/io/github/pinpols/batch/worker/imports/runtime/ImportIngressScanner.java,365,java:S1192,"Define a constant instead of duplicating this literal ""requiredFileSet"" 3 times.",OPEN,8min
CRITICAL,CODE_SMELL,batch-console-api/src/main/java/io/github/pinpols/batch/console/domain/job/web/response/ConsoleBatchWindowResponse.java,48,java:S3252,"Use static access with ""io.github.pinpols.batch.console.support.web.ConsoleResponseFieldReader"" for ""booleanValue"".",OPEN,5min
CRITICAL,CODE_SMELL,batch-worker/import/src/main/java/io/github/pinpols/batch/worker/imports/stage/PreprocessStep.java,462,java:S1192,"Define a constant instead of duplicating this literal ""catch:IOException"" 4 times.",OPEN,10min
CRITICAL,CODE_SMELL,batch-console-api/src/main/java/io/github/pinpols/batch/console/infrastructure/config/DefaultConsoleConfigApplicationService.java,159,java:S1192,"Define a constant instead of duplicating this literal ""updatedBy"" 3 times.",OPEN,8min
CRITICAL,CODE_SMELL,batch-console-api/src/main/java/io/github/pinpols/batch/console/domain/job/web/response/ConsoleHolidayResponse.java,29,java:S3252,"Use static access with ""io.github.pinpols.batch.console.support.web.ConsoleResponseFieldReader"" for ""longValue"".",OPEN,5min
CRITICAL,CODE_SMELL,batch-common/src/main/java/io/github/pinpols/batch/common/utils/Guard.java,50,java:S1192,"Define a constant instead of duplicating this literal ""error.common.invalid_argument_detail"" 3 times.",OPEN,8min
CRITICAL,CODE_SMELL,batch-console-api/src/main/java/io/github/pinpols/batch/console/domain/notification/web/response/ConsoleNotificationDeliveryLogResponse.java,44,java:S3252,"Use static access with ""io.github.pinpols.batch.console.support.web.ConsoleResponseFieldReader"" for ""longValue"".",OPEN,5min
CRITICAL,CODE_SMELL,batch-console-api/src/main/java/io/github/pinpols/batch/console/infrastructure/excel/ConfigPackageExcelValidator.java,624,java:S1192,Use already-defined constant 'COL_STEP_CODE' instead of duplicating its value here.,OPEN,4min
CRITICAL,CODE_SMELL,batch-console-api/src/main/java/io/github/pinpols/batch/console/domain/job/infrastructure/DefaultConsoleBatchWindowApplicationService.java,59,java:S1192,"Define a constant instead of duplicating this literal ""timezone"" 3 times.",OPEN,8min
CRITICAL,CODE_SMELL,batch-console-api/src/main/java/io/github/pinpols/batch/console/config/ReadReplicaRoutingDataSource.java,101,java:S1192,"Define a constant instead of duplicating this literal ""reason"" 3 times.",OPEN,8min
CRITICAL,CODE_SMELL,batch-orchestrator/src/main/java/io/github/pinpols/batch/orchestrator/application/service/governance/DefaultFileGovernanceService.java,129,java:S1192,"Define a constant instead of duplicating this literal ""storage_path"" 3 times.",OPEN,8min
CRITICAL,CODE_SMELL,batch-orchestrator/src/main/java/io/github/pinpols/batch/orchestrator/application/service/workflow/DefaultWorkflowNodeDispatchService.java,257,java:S3776,Refactor this method to reduce its Cognitive Complexity from 23 to the 15 allowed.,OPEN,13min
CRITICAL,CODE_SMELL,batch-console-api/src/main/java/io/github/pinpols/batch/console/infrastructure/excel/ConfigPackageExcelValidator.java,572,java:S1192,Use already-defined constant 'COL_VERSION' instead of duplicating its value here.,OPEN,10min
CRITICAL,CODE_SMELL,batch-worker/dispatch/src/main/java/io/github/pinpols/batch/worker/dispatchs/infrastructure/channel/SftpDispatchChannelAdapter.java,189,java:S2093,"Change this ""try"" to a try-with-resources.",OPEN,15min
CRITICAL,CODE_SMELL,batch-console-api/src/main/java/io/github/pinpols/batch/console/infrastructure/excel/ConfigPackageExcelValidator.java,869,java:S1192,Use already-defined constant 'COL_CALENDAR_CODE' instead of duplicating its value here.,OPEN,4min
CRITICAL,CODE_SMELL,batch-trigger/src/main/java/io/github/pinpols/batch/trigger/web/TriggerManagementController.java,89,java:S1192,Use already-defined constant 'KEY_TENANT_ID' instead of duplicating its value here.,OPEN,6min
CRITICAL,CODE_SMELL,batch-console-api/src/main/java/io/github/pinpols/batch/console/support/excel/ConsoleSingleSheetExcelImportSupport.java,161,java:S1192,"Define a constant instead of duplicating this literal ""error.common.invalid_argument_detail"" 3 times.",OPEN,8min
CRITICAL,CODE_SMELL,batch-console-api/src/main/java/io/github/pinpols/batch/console/domain/observability/infrastructure/DefaultConsoleReportExcelApplicationService.java,254,java:S3776,Refactor this method to reduce its Cognitive Complexity from 17 to the 15 allowed.,OPEN,7min
CRITICAL,CODE_SMELL,batch-console-api/src/main/java/io/github/pinpols/batch/console/infrastructure/excel/ConfigPackageExcelValidator.java,410,java:S1192,Use already-defined constant 'COL_SHARD_STRATEGY' instead of duplicating its value here.,OPEN,4min
CRITICAL,CODE_SMELL,batch-console-api/src/main/java/io/github/pinpols/batch/console/support/web/ConsoleApiExceptionHandler.java,125,java:S1452,Remove usage of generic wildcard type.,OPEN,20min
CRITICAL,CODE_SMELL,batch-worker/dispatch/src/main/java/io/github/pinpols/batch/worker/dispatchs/infrastructure/channel/DispatchChannelTypePolicy.java,56,java:S1192,"Define a constant instead of duplicating this literal ""no dispatch destination readback verification"" 3 times.",OPEN,8min
CRITICAL,CODE_SMELL,batch-console-api/src/main/java/io/github/pinpols/batch/console/application/ops/ConsoleOpsQueryService.java,89,java:S1192,"Define a constant instead of duplicating this literal ""fromTime"" 3 times.",OPEN,8min
CRITICAL,CODE_SMELL,batch-worker/atomic/src/main/java/io/github/pinpols/batch/worker/atomic/storedproc/StoredProcTaskExecutor.java,135,java:S1192,Use already-defined constant 'PARAM_AUTO_COMMIT' instead of duplicating its value here.,OPEN,4min
CRITICAL,CODE_SMELL,batch-console-api/src/main/java/io/github/pinpols/batch/console/domain/notification/web/response/ConsoleNotificationTestResultResponse.java,32,java:S3252,"Use static access with ""io.github.pinpols.batch.console.support.web.ConsoleResponseFieldReader"" for ""stringValue"".",OPEN,5min
CRITICAL,CODE_SMELL,batch-console-api/src/main/java/io/github/pinpols/batch/console/domain/notification/web/response/ConsoleSubscriptionRuleResponse.java,44,java:S3252,"Use static access with ""io.github.pinpols.batch.console.support.web.ConsoleResponseFieldReader"" for ""booleanValue"".",OPEN,5min
CRITICAL,CODE_SMELL,batch-console-api/src/main/java/io/github/pinpols/batch/console/domain/job/web/response/ConsoleRetryFailedPartitionsResponse.java,20,java:S3252,"Use static access with ""io.github.pinpols.batch.console.support.web.ConsoleResponseFieldReader"" for ""longValue"".",OPEN,5min
CRITICAL,CODE_SMELL,batch-console-api/src/main/java/io/github/pinpols/batch/console/infrastructure/excel/ConfigPackageExcelWorkbookWriter.java,716,java:S1192,"Define a constant instead of duplicating this literal ""import"" 4 times.",OPEN,10min
CRITICAL,CODE_SMELL,batch-orchestrator/src/main/java/io/github/pinpols/batch/orchestrator/application/service/task/DefaultPartitionDispatchService.java,323,java:S3776,Refactor this method to reduce its Cognitive Complexity from 20 to the 15 allowed.,OPEN,10min
CRITICAL,CODE_SMELL,sdk/java/core/src/test/java/io/github/pinpols/batch/sdk/handler/SdkAbstractProcessHandlerTest.java,282,java:S1186,"Add a nested comment explaining why this method is empty, throw an UnsupportedOperationException or complete the implementation.",OPEN,5min
CRITICAL,CODE_SMELL,batch-worker/core/src/main/java/io/github/pinpols/batch/worker/core/infrastructure/WorkerStartupRuntimeAudit.java,46,java:S1192,"Define a constant instead of duplicating this literal ""healthy"" 3 times.",OPEN,8min
CRITICAL,CODE_SMELL,batch-worker/dispatch/src/main/java/io/github/pinpols/batch/worker/dispatchs/infrastructure/channel/SftpDispatchChannelAdapter.java,286,java:S1192,"Define a constant instead of duplicating this literal ""catch:Exception"" 3 times.",OPEN,8min
CRITICAL,CODE_SMELL,batch-console-api/src/main/java/io/github/pinpols/batch/console/infrastructure/excel/ConfigPackageExcelWorkbookWriter.java,716,java:S1192,"Define a constant instead of duplicating this literal ""Worker 分组。"" 4 times.",OPEN,10min
CRITICAL,CODE_SMELL,batch-orchestrator/src/main/java/io/github/pinpols/batch/orchestrator/application/service/governance/DefaultFileGovernanceService.java,113,java:S1192,"Define a constant instead of duplicating this literal ""error.file.record_not_found"" 4 times.",OPEN,10min
CRITICAL,CODE_SMELL,batch-console-api/src/main/java/io/github/pinpols/batch/console/support/excel/SheetValidationHelpers.java,25,java:S1192,"Define a constant instead of duplicating this literal "" is required"" 4 times.",OPEN,10min
CRITICAL,CODE_SMELL,batch-console-api/src/main/java/io/github/pinpols/batch/console/domain/job/web/response/ConsoleCalendarResponse.java,41,java:S3252,"Use static access with ""io.github.pinpols.batch.console.support.web.ConsoleResponseFieldReader"" for ""stringValue"".",OPEN,5min
CRITICAL,CODE_SMELL,batch-worker/process/src/main/java/io/github/pinpols/batch/worker/processes/stage/DefaultProcessStageExecutor.java,92,java:S1192,"Define a constant instead of duplicating this literal ""publishedCount"" 3 times.",OPEN,8min
CRITICAL,CODE_SMELL,batch-worker/import/src/main/java/io/github/pinpols/batch/worker/imports/jdbc/JdbcMappedImportSpec.java,278,java:S2447,"Null is returned but a ""Boolean"" is expected.",OPEN,20min
CRITICAL,CODE_SMELL,batch-console-api/src/main/java/io/github/pinpols/batch/console/infrastructure/config/DefaultConsoleTenantConfigCopyService.java,492,java:S3776,Refactor this method to reduce its Cognitive Complexity from 16 to the 15 allowed.,OPEN,6min
CRITICAL,CODE_SMELL,batch-worker/process/src/main/java/io/github/pinpols/batch/worker/processes/sql/SqlTransformComputePlugin.java,234,java:S3776,Refactor this method to reduce its Cognitive Complexity from 16 to the 15 allowed.,OPEN,6min
CRITICAL,CODE_SMELL,batch-worker/import/src/main/java/io/github/pinpols/batch/worker/imports/stage/ValidateStep.java,226,java:S1192,"Define a constant instead of duplicating this literal ""error.import.validate.row_invalid"" 5 times.",OPEN,12min
CRITICAL,CODE_SMELL,batch-worker/dispatch/src/main/java/io/github/pinpols/batch/worker/dispatchs/stage/CompleteDispatchStep.java,66,java:S1192,"Define a constant instead of duplicating this literal ""externalRequestId"" 3 times.",OPEN,8min
CRITICAL,CODE_SMELL,batch-console-api/src/main/java/io/github/pinpols/batch/console/domain/notification/web/response/ConsoleNotificationChannelResponse.java,41,java:S3252,"Use static access with ""io.github.pinpols.batch.console.support.web.ConsoleResponseFieldReader"" for ""value"".",OPEN,5min
CRITICAL,CODE_SMELL,batch-worker/process/src/main/java/io/github/pinpols/batch/worker/processes/infrastructure/ProcessStepExecutionAdapter.java,125,java:S1192,"Define a constant instead of duplicating this literal ""processedCount"" 3 times.",OPEN,8min
CRITICAL,CODE_SMELL,batch-worker/core/src/main/java/io/github/pinpols/batch/worker/core/infrastructure/PlatformFileRecordRepository.java,40,java:S1192,"Define a constant instead of duplicating this literal ""storagePath"" 4 times.",OPEN,10min
CRITICAL,CODE_SMELL,batch-console-api/src/main/java/io/github/pinpols/batch/console/support/maintenance/MaintenanceModeFilter.java,77,java:S1192,"Define a constant instead of duplicating this literal ""X-Maintenance"" 3 times.",OPEN,8min
CRITICAL,CODE_SMELL,batch-console-api/src/main/java/io/github/pinpols/batch/console/application/observability/DefaultConsoleQueryApplicationService.java,238,java:S1192,"Define a constant instead of duplicating this literal ""STATUS"" 5 times.",OPEN,12min
CRITICAL,CODE_SMELL,batch-orchestrator/src/main/java/io/github/pinpols/batch/orchestrator/application/service/governance/DefaultFileGovernanceService.java,576,java:S1192,"Define a constant instead of duplicating this literal ""error.common.tenant_id_required"" 3 times.",OPEN,8min
CRITICAL,CODE_SMELL,sdk/java/core/src/main/java/io/github/pinpols/batch/sdk/dispatcher/TaskDispatcher.java,601,java:S3776,Refactor this method to reduce its Cognitive Complexity from 23 to the 15 allowed.,OPEN,13min
CRITICAL,CODE_SMELL,batch-worker/export/src/main/java/io/github/pinpols/batch/worker/exports/stage/format/ExcelSheetWriter.java,228,java:S2447,"Null is returned but a ""Boolean"" is expected.",OPEN,20min
CRITICAL,CODE_SMELL,batch-console-api/src/main/java/io/github/pinpols/batch/console/infrastructure/config/DefaultConsoleConfigSyncApplicationService.java,138,java:S1192,"Define a constant instead of duplicating this literal ""syncStatus"" 3 times.",OPEN,8min
CRITICAL,CODE_SMELL,batch-console-api/src/main/java/io/github/pinpols/batch/console/domain/workflow/validation/WorkflowDagValidator.java,262,java:S3776,Refactor this method to reduce its Cognitive Complexity from 20 to the 15 allowed.,OPEN,10min
CRITICAL,CODE_SMELL,batch-console-api/src/main/java/io/github/pinpols/batch/console/domain/workflow/web/response/ConsolePipelineDefinitionListItemResponse.java,48,java:S3252,"Use static access with ""io.github.pinpols.batch.console.support.web.ConsoleResponseFieldReader"" for ""instantValue"".",OPEN,5min
CRITICAL,CODE_SMELL,batch-console-api/src/main/java/io/github/pinpols/batch/console/infrastructure/config/TenantConfigInitApplyHandlers.java,400,java:S1192,"Define a constant instead of duplicating this literal ""description"" 3 times.",OPEN,8min
CRITICAL,VULNERABILITY,batch-trigger/src/main/java/io/github/pinpols/batch/trigger/config/TriggerSecurityConfiguration.java,44,java:S4502,Make sure disabling Spring Security's CSRF protection is safe here.,OPEN,5min
CRITICAL,CODE_SMELL,batch-worker/import/src/main/java/io/github/pinpols/batch/worker/imports/preprocess/ImportPreprocessPipeline.java,94,java:S1192,"Define a constant instead of duplicating this literal ""UNZIP"" 3 times.",OPEN,8min
CRITICAL,CODE_SMELL,batch-orchestrator/src/main/java/io/github/pinpols/batch/orchestrator/application/service/workflow/WorkflowGraphValidator.java,75,java:S1192,"Define a constant instead of duplicating this literal ""fileId"" 3 times.",OPEN,8min
CRITICAL,CODE_SMELL,batch-worker/import/src/main/java/io/github/pinpols/batch/worker/imports/infrastructure/ImportRecordGovernanceService.java,268,java:S3776,Refactor this method to reduce its Cognitive Complexity from 21 to the 15 allowed.,OPEN,11min
CRITICAL,CODE_SMELL,batch-common/src/main/java/io/github/pinpols/batch/common/stateful/StatefulBackendIdentity.java,62,java:S1192,"Define a constant instead of duplicating this literal ""jdbc:"" 3 times.",OPEN,8min
CRITICAL,CODE_SMELL,batch-worker/import/src/main/java/io/github/pinpols/batch/worker/imports/plugin/GenericJdbcMappedImportLoadPlugin.java,405,java:S2093,"Change this ""try"" to a try-with-resources.",OPEN,15min
CRITICAL,CODE_SMELL,batch-console-api/src/main/java/io/github/pinpols/batch/console/domain/notification/web/response/ConsoleSubscriptionRuleResponse.java,37,java:S3252,"Use static access with ""io.github.pinpols.batch.console.support.web.ConsoleResponseFieldReader"" for ""longValue"".",OPEN,5min
CRITICAL,CODE_SMELL,sdk/java/core/src/main/java/io/github/pinpols/batch/sdk/handler/atomic/StoredProcAtomicHandler.java,129,java:S1192,Use already-defined constant 'PARAM_PROC' instead of duplicating its value here.,OPEN,4min
CRITICAL,CODE_SMELL,batch-console-api/src/main/java/io/github/pinpols/batch/console/domain/notification/web/response/ConsoleNotificationDeliveryLogResponse.java,48,java:S3252,"Use static access with ""io.github.pinpols.batch.console.support.web.ConsoleResponseFieldReader"" for ""stringValue"".",OPEN,5min
CRITICAL,VULNERABILITY,batch-worker/export/src/main/java/io/github/pinpols/batch/worker/exports/stage/StoreStep.java,,java:S5443,Make sure publicly writable directories are used safely here.,CLOSED,30min
CRITICAL,CODE_SMELL,batch-console-api/src/main/java/io/github/pinpols/batch/console/domain/job/web/response/ConsoleBatchWindowResponse.java,46,java:S3252,"Use static access with ""io.github.pinpols.batch.console.support.web.ConsoleResponseFieldReader"" for ""stringValue"".",OPEN,5min
CRITICAL,CODE_SMELL,batch-console-api/src/main/java/io/github/pinpols/batch/console/domain/notification/web/response/ConsoleAlertRoutingResponse.java,50,java:S3252,"Use static access with ""io.github.pinpols.batch.console.support.web.ConsoleResponseFieldReader"" for ""stringValue"".",OPEN,5min
CRITICAL,CODE_SMELL,batch-console-api/src/main/java/io/github/pinpols/batch/console/shared/query/ConsoleQuerySupport.java,221,java:S2447,"Null is returned but a ""Boolean"" is expected.",OPEN,20min
CRITICAL,CODE_SMELL,batch-console-api/src/main/java/io/github/pinpols/batch/console/domain/file/infrastructure/DefaultConsoleFileTemplateApplicationService.java,372,java:S1192,"Define a constant instead of duplicating this literal ""IMPORT"" 3 times.",OPEN,8min
CRITICAL,CODE_SMELL,batch-console-api/src/main/java/io/github/pinpols/batch/console/infrastructure/excel/ConfigPackageExcelValidator.java,744,java:S1192,Use already-defined constant 'COL_WORKFLOW_CODE' instead of duplicating its value here.,OPEN,8min
CRITICAL,CODE_SMELL,batch-orchestrator/src/main/java/io/github/pinpols/batch/orchestrator/application/service/workflow/WorkflowConditionEvaluator.java,429,java:S3776,Refactor this method to reduce its Cognitive Complexity from 17 to the 15 allowed.,OPEN,7min
CRITICAL,CODE_SMELL,batch-worker/core/src/main/java/io/github/pinpols/batch/worker/core/support/AbstractPipelineStepExecutionAdapter.java,141,java:S3776,Refactor this method to reduce its Cognitive Complexity from 17 to the 15 allowed.,OPEN,7min
CRITICAL,CODE_SMELL,batch-worker/core/src/main/java/io/github/pinpols/batch/worker/core/infrastructure/PlatformFileRecordRepository.java,40,java:S1192,"Define a constant instead of duplicating this literal ""storageBucket"" 4 times.",OPEN,10min
CRITICAL,CODE_SMELL,batch-console-api/src/main/java/io/github/pinpols/batch/console/infrastructure/excel/ConfigPackageExcelValidator.java,820,java:S1192,Use already-defined constant 'COL_EDGE_TYPE' instead of duplicating its value here.,OPEN,4min
CRITICAL,CODE_SMELL,batch-common/src/main/java/io/github/pinpols/batch/common/utils/AlertLabels.java,59,java:S1192,Use already-defined constant 'GROUP_DISPATCH' instead of duplicating its value here.,OPEN,4min
CRITICAL,CODE_SMELL,batch-console-api/src/main/java/io/github/pinpols/batch/console/application/ops/ConsoleOpsQueryService.java,93,java:S1192,"Define a constant instead of duplicating this literal ""toTime"" 3 times.",OPEN,8min
CRITICAL,CODE_SMELL,batch-orchestrator/src/main/java/io/github/pinpols/batch/orchestrator/application/scheduler/TenantSchedulerSnapshotService.java,139,java:S3776,Refactor this method to reduce its Cognitive Complexity from 16 to the 15 allowed.,OPEN,6min
CRITICAL,CODE_SMELL,batch-worker/process/src/main/java/io/github/pinpols/batch/worker/processes/sql/SqlTransformComputeSpec.java,76,java:S1192,"Define a constant instead of duplicating this literal ""targetSchema"" 3 times.",OPEN,8min
CRITICAL,CODE_SMELL,batch-console-api/src/main/java/io/github/pinpols/batch/console/domain/notification/web/response/ConsoleNotificationChannelResponse.java,36,java:S3252,"Use static access with ""io.github.pinpols.batch.console.support.web.ConsoleResponseFieldReader"" for ""longValue"".",OPEN,5min
CRITICAL,CODE_SMELL,batch-worker/import/src/main/java/io/github/pinpols/batch/worker/imports/stage/ReceiveStep.java,296,java:S3776,Refactor this method to reduce its Cognitive Complexity from 19 to the 15 allowed.,OPEN,9min
CRITICAL,CODE_SMELL,batch-console-api/src/main/java/io/github/pinpols/batch/console/support/web/ConsoleApiExceptionHandler.java,221,java:S1452,Remove usage of generic wildcard type.,OPEN,20min
CRITICAL,CODE_SMELL,batch-console-api/src/main/java/io/github/pinpols/batch/console/domain/workflow/web/response/ConsoleWorkflowRunActionResponse.java,19,java:S3252,"Use static access with ""io.github.pinpols.batch.console.support.web.ConsoleResponseFieldReader"" for ""longValue"".",OPEN,5min
CRITICAL,CODE_SMELL,batch-common/src/main/java/io/github/pinpols/batch/common/sql/SelectSqlAstValidator.java,212,java:S3776,Refactor this method to reduce its Cognitive Complexity from 19 to the 15 allowed.,OPEN,9min
CRITICAL,CODE_SMELL,batch-console-api/src/main/java/io/github/pinpols/batch/console/application/audit/ConsoleAiTools.java,115,java:S1192,"Define a constant instead of duplicating this literal ""healthy"" 3 times.",OPEN,8min
CRITICAL,CODE_SMELL,batch-console-api/src/main/java/io/github/pinpols/batch/console/domain/workflow/web/response/ConsoleWorkflowRunActionResponse.java,20,java:S3252,"Use static access with ""io.github.pinpols.batch.console.support.web.ConsoleResponseFieldReader"" for ""stringValue"".",OPEN,5min
CRITICAL,CODE_SMELL,batch-worker/import/src/main/java/io/github/pinpols/batch/worker/imports/plugin/GenericJdbcMappedImportLoadPlugin.java,197,java:S1192,"Define a constant instead of duplicating this literal ""ALTER TABLE "" 3 times.",OPEN,8min
CRITICAL,CODE_SMELL,batch-console-api/src/main/java/io/github/pinpols/batch/console/domain/notification/web/response/ConsoleNotificationChannelResponse.java,42,java:S3252,"Use static access with ""io.github.pinpols.batch.console.support.web.ConsoleResponseFieldReader"" for ""booleanValue"".",OPEN,5min
CRITICAL,CODE_SMELL,batch-console-api/src/main/java/io/github/pinpols/batch/console/domain/job/web/response/ConsoleBatchDayOperateResponse.java,14,java:S3252,"Use static access with ""io.github.pinpols.batch.console.support.web.ConsoleResponseFieldReader"" for ""longValue"".",OPEN,5min
CRITICAL,CODE_SMELL,batch-worker/core/src/main/java/io/github/pinpols/batch/worker/core/infrastructure/checkpoint/DefaultProcessingPositionStore.java,110,java:S1192,"Define a constant instead of duplicating this literal ""stage"" 3 times.",OPEN,8min
CRITICAL,CODE_SMELL,batch-console-api/src/main/java/io/github/pinpols/batch/console/infrastructure/excel/ConfigPackageExcelValidator.java,819,java:S1192,Use already-defined constant 'COL_TO_NODE_CODE' instead of duplicating its value here.,OPEN,6min
CRITICAL,CODE_SMELL,batch-console-api/src/main/java/io/github/pinpols/batch/console/infrastructure/config/TenantConfigInitApplyHandlers.java,397,java:S1192,"Define a constant instead of duplicating this literal ""worker_group"" 3 times.",OPEN,8min
CRITICAL,VULNERABILITY,sdk/java/core/src/main/java/io/github/pinpols/batch/sdk/handler/atomic/ShellAtomicHandler.java,,java:S5443,Make sure publicly writable directories are used safely here.,CLOSED,30min
CRITICAL,CODE_SMELL,batch-worker/import/src/main/java/io/github/pinpols/batch/worker/imports/preprocess/ImportPreprocessPipeline.java,97,java:S1192,"Define a constant instead of duplicating this literal ""UNTAR_GZ"" 3 times.",OPEN,8min
CRITICAL,CODE_SMELL,batch-worker/dispatch/src/main/java/io/github/pinpols/batch/worker/dispatchs/infrastructure/channel/DispatchChannelHealthService.java,252,java:S3776,Refactor this method to reduce its Cognitive Complexity from 25 to the 15 allowed.,OPEN,15min
CRITICAL,CODE_SMELL,batch-console-api/src/main/java/io/github/pinpols/batch/console/domain/job/infrastructure/DefaultConsoleBatchWindowApplicationService.java,63,java:S1192,"Define a constant instead of duplicating this literal ""end_strategy"" 3 times.",OPEN,8min
CRITICAL,CODE_SMELL,batch-orchestrator/src/main/java/io/github/pinpols/batch/orchestrator/application/service/workflow/CrossDayDependencyResolver.java,58,java:S3776,Refactor this method to reduce its Cognitive Complexity from 34 to the 15 allowed.,OPEN,24min
CRITICAL,CODE_SMELL,batch-console-api/src/test/java/io/github/pinpols/batch/console/infrastructure/config/DefaultConsoleTenantConfigInitApplicationServiceTest.java,122,java:S1186,"Add a nested comment explaining why this method is empty, throw an UnsupportedOperationException or complete the implementation.",OPEN,5min
CRITICAL,CODE_SMELL,batch-console-api/src/main/java/io/github/pinpols/batch/console/infrastructure/config/TenantConfigInitApplyHandlers.java,396,java:S1192,"Define a constant instead of duplicating this literal ""biz_type"" 3 times.",OPEN,8min
CRITICAL,CODE_SMELL,batch-console-api/src/main/java/io/github/pinpols/batch/console/infrastructure/config/DefaultConsoleResourceQueueApplicationService.java,63,java:S1192,"Define a constant instead of duplicating this literal ""queue_name"" 3 times.",OPEN,8min
CRITICAL,CODE_SMELL,batch-orchestrator/src/main/java/io/github/pinpols/batch/orchestrator/infrastructure/scheduler/BatchDayWaitingReleaseScheduler.java,75,java:S3776,Refactor this method to reduce its Cognitive Complexity from 25 to the 15 allowed.,OPEN,15min
CRITICAL,CODE_SMELL,batch-worker/core/src/main/java/io/github/pinpols/batch/worker/core/infrastructure/DefaultTaskExecutionWrapper.java,306,java:S3776,Refactor this method to reduce its Cognitive Complexity from 20 to the 15 allowed.,OPEN,10min
CRITICAL,CODE_SMELL,batch-console-api/src/main/java/io/github/pinpols/batch/console/support/ratelimit/ConsoleRateLimitFilter.java,61,java:S3776,Refactor this method to reduce its Cognitive Complexity from 24 to the 15 allowed.,OPEN,14min
CRITICAL,CODE_SMELL,batch-worker/import/src/main/java/io/github/pinpols/batch/worker/imports/runtime/ImportIngressScanner.java,241,java:S3776,Refactor this method to reduce its Cognitive Complexity from 31 to the 15 allowed.,OPEN,21min
CRITICAL,CODE_SMELL,batch-console-api/src/main/java/io/github/pinpols/batch/console/domain/workflow/web/response/ConsolePipelineDefinitionListItemResponse.java,47,java:S3252,"Use static access with ""io.github.pinpols.batch.console.support.web.ConsoleResponseFieldReader"" for ""instantValue"".",OPEN,5min
CRITICAL,CODE_SMELL,batch-orchestrator/src/main/java/io/github/pinpols/batch/orchestrator/application/service/task/InstanceManagementApplicationService.java,63,java:S1192,"Define a constant instead of duplicating this literal ""CANCELLED"" 3 times.",OPEN,8min
CRITICAL,CODE_SMELL,batch-worker/core/src/main/java/io/github/pinpols/batch/worker/core/infrastructure/PlatformFileRecordRepository.java,134,java:S1192,"Define a constant instead of duplicating this literal ""metadataJson"" 3 times.",OPEN,8min
CRITICAL,CODE_SMELL,batch-worker/atomic/src/main/java/io/github/pinpols/batch/worker/atomic/http/HttpTaskExecutor.java,194,java:S1192,Use already-defined constant 'PARAM_EXPECT_STATUS' instead of duplicating its value here.,OPEN,4min
CRITICAL,CODE_SMELL,batch-console-api/src/main/java/io/github/pinpols/batch/console/support/web/ConsoleApiExceptionHandler.java,228,java:S1452,Remove usage of generic wildcard type.,OPEN,20min
CRITICAL,CODE_SMELL,batch-console-api/src/main/java/io/github/pinpols/batch/console/domain/job/web/response/ConsoleHolidayResponse.java,34,java:S3252,"Use static access with ""io.github.pinpols.batch.console.support.web.ConsoleResponseFieldReader"" for ""stringValue"".",OPEN,5min
CRITICAL,CODE_SMELL,batch-orchestrator/src/main/java/io/github/pinpols/batch/orchestrator/infrastructure/file/FileGovernanceScheduler.java,214,java:S1192,"Define a constant instead of duplicating this literal ""WAITING_ARRIVAL"" 6 times.",OPEN,14min
CRITICAL,CODE_SMELL,batch-console-api/src/main/java/io/github/pinpols/batch/console/domain/notification/web/response/ConsoleNotificationChannelResponse.java,39,java:S3252,"Use static access with ""io.github.pinpols.batch.console.support.web.ConsoleResponseFieldReader"" for ""stringValue"".",OPEN,5min
CRITICAL,CODE_SMELL,batch-console-api/src/main/java/io/github/pinpols/batch/console/domain/observability/web/ConsoleTelemetryController.java,88,java:S1192,"Define a constant instead of duplicating this literal ""error.telemetry.props_too_large"" 3 times.",OPEN,8min
CRITICAL,CODE_SMELL,batch-worker/export/src/main/java/io/github/pinpols/batch/worker/exports/stage/format/AbstractExportFormat.java,380,java:S1192,"Define a constant instead of duplicating this literal ""batch."" 3 times.",OPEN,8min
CRITICAL,CODE_SMELL,batch-console-api/src/main/java/io/github/pinpols/batch/console/domain/job/web/response/ConsoleDryRunResultResponse.java,22,java:S3252,"Use static access with ""io.github.pinpols.batch.console.support.web.ConsoleResponseFieldReader"" for ""stringValue"".",OPEN,5min
CRITICAL,CODE_SMELL,batch-console-api/src/main/java/io/github/pinpols/batch/console/domain/notification/web/response/ConsoleNotificationDeliveryLogResponse.java,47,java:S3252,"Use static access with ""io.github.pinpols.batch.console.support.web.ConsoleResponseFieldReader"" for ""stringValue"".",OPEN,5min
CRITICAL,CODE_SMELL,batch-console-api/src/main/java/io/github/pinpols/batch/console/domain/notification/web/response/ConsoleAlertRoutingResponse.java,60,java:S3252,"Use static access with ""io.github.pinpols.batch.console.support.web.ConsoleResponseFieldReader"" for ""integerValue"".",OPEN,5min
CRITICAL,BUG,batch-orchestrator/src/main/java/io/github/pinpols/batch/orchestrator/application/service/workflow/BizDateArithmetic.java,159,java:S8696,"Use "".equals()"" instead of ""=="" or ""!="" to compare objects of value-based types.",OPEN,5min
CRITICAL,CODE_SMELL,batch-common/src/main/java/io/github/pinpols/batch/common/config/BatchSecurityProperties.java,71,java:S1192,"Define a constant instead of duplicating this literal ""batch.console.read-replica.primary.password"" 4 times.",OPEN,10min
CRITICAL,CODE_SMELL,batch-console-api/src/main/java/io/github/pinpols/batch/console/domain/observability/infrastructure/DefaultConsoleReportExcelApplicationService.java,143,java:S1192,"Define a constant instead of duplicating this literal ""workers"" 3 times.",OPEN,8min
CRITICAL,CODE_SMELL,batch-worker/export/src/main/java/io/github/pinpols/batch/worker/exports/stage/StoreStep.java,167,java:S1192,"Define a constant instead of duplicating this literal ""download_requires_approval"" 3 times.",OPEN,8min
CRITICAL,CODE_SMELL,batch-worker/core/src/main/java/io/github/pinpols/batch/worker/core/infrastructure/checkpoint/DefaultProcessingPositionStore.java,76,java:S1192,"Define a constant instead of duplicating this literal ""success"" 3 times.",OPEN,8min
CRITICAL,CODE_SMELL,batch-orchestrator/src/main/java/io/github/pinpols/batch/orchestrator/domain/statemachine/Stateful.java,8,java:S2176,Rename this interface.,OPEN,5min
CRITICAL,CODE_SMELL,batch-console-api/src/main/java/io/github/pinpols/batch/console/infrastructure/excel/ConfigPackageExcelWorkbookWriter.java,1088,java:S1192,"Define a constant instead of duplicating this literal ""CUSTOMER"" 3 times.",OPEN,8min
CRITICAL,CODE_SMELL,batch-console-api/src/main/java/io/github/pinpols/batch/console/application/rbac/ConsoleTenantApplicationService.java,44,java:S1192,"Define a constant instead of duplicating this literal ""CREATED"" 3 times.",OPEN,8min
CRITICAL,CODE_SMELL,batch-orchestrator/src/main/java/io/github/pinpols/batch/orchestrator/service/BatchDayTimePolicyResolver.java,99,java:S1192,Use already-defined constant 'DEFAULT_OVERLAP_POLICY' instead of duplicating its value here.,OPEN,4min
CRITICAL,CODE_SMELL,batch-orchestrator/src/main/java/io/github/pinpols/batch/orchestrator/application/service/governance/DefaultCompensationService.java,287,java:S1192,"Define a constant instead of duplicating this literal ""approvalId"" 3 times.",OPEN,8min
CRITICAL,CODE_SMELL,batch-orchestrator/src/main/java/io/github/pinpols/batch/orchestrator/application/trigger/TriggerLaunchConsumer.java,108,java:S1192,"Define a constant instead of duplicating this literal ""reason"" 6 times.",OPEN,14min
CRITICAL,CODE_SMELL,batch-console-api/src/main/java/io/github/pinpols/batch/console/infrastructure/excel/AbstractSingleSheetExcelService.java,170,java:S1192,"Define a constant instead of duplicating this literal "" too long (max "" 3 times.",OPEN,8min
CRITICAL,CODE_SMELL,batch-worker/core/src/main/java/io/github/pinpols/batch/worker/core/infrastructure/PlatformPipelineRunRepository.java,55,java:S1192,"Define a constant instead of duplicating this literal ""runStatus"" 4 times.",OPEN,10min
CRITICAL,CODE_SMELL,batch-orchestrator/src/main/java/io/github/pinpols/batch/orchestrator/application/service/sensor/DbRowExistsSensorPolicy.java,74,java:S1192,"Define a constant instead of duplicating this literal ""DB_ROW_EXISTS"" 4 times.",OPEN,10min
CRITICAL,CODE_SMELL,batch-console-api/src/main/java/io/github/pinpols/batch/console/infrastructure/config/DefaultConsoleResourceQueueApplicationService.java,77,java:S1192,"Define a constant instead of duplicating this literal ""fair_share_weight"" 3 times.",OPEN,8min
CRITICAL,CODE_SMELL,batch-console-api/src/main/java/io/github/pinpols/batch/console/domain/job/infrastructure/DefaultConsoleJobTriggerService.java,79,java:S1192,"Define a constant instead of duplicating this literal ""valid"" 3 times.",OPEN,8min
CRITICAL,CODE_SMELL,batch-common/src/main/java/io/github/pinpols/batch/common/utils/AlertLabels.java,68,java:S1192,Use already-defined constant 'GROUP_CAPACITY' instead of duplicating its value here.,OPEN,4min
CRITICAL,CODE_SMELL,batch-console-api/src/main/java/io/github/pinpols/batch/console/domain/job/infrastructure/DefaultConsoleCalendarApplicationService.java,139,java:S1192,"Define a constant instead of duplicating this literal ""calendarId"" 3 times.",OPEN,8min
CRITICAL,CODE_SMELL,batch-console-api/src/main/java/io/github/pinpols/batch/console/domain/notification/web/response/ConsoleSubscriptionRuleResponse.java,45,java:S3252,"Use static access with ""io.github.pinpols.batch.console.support.web.ConsoleResponseFieldReader"" for ""stringValue"".",OPEN,5min
CRITICAL,CODE_SMELL,batch-worker/dispatch/src/main/java/io/github/pinpols/batch/worker/dispatchs/infrastructure/ChannelConfigMerge.java,35,java:S1192,"Define a constant instead of duplicating this literal ""target_endpoint"" 3 times.",OPEN,8min
CRITICAL,CODE_SMELL,batch-orchestrator/src/main/java/io/github/pinpols/batch/orchestrator/service/LaunchBatchDayService.java,201,java:S1192,"Define a constant instead of duplicating this literal ""CUTOFF"" 3 times.",OPEN,8min
CRITICAL,CODE_SMELL,batch-console-api/src/main/java/io/github/pinpols/batch/console/domain/audit/support/AuditAspect.java,310,java:S3776,Refactor this method to reduce its Cognitive Complexity from 23 to the 15 allowed.,OPEN,13min
CRITICAL,CODE_SMELL,batch-worker/export/src/main/java/io/github/pinpols/batch/worker/exports/stage/format/AbstractExportFormat.java,87,java:S3776,Refactor this method to reduce its Cognitive Complexity from 24 to the 15 allowed.,OPEN,14min
CRITICAL,CODE_SMELL,batch-console-api/src/main/java/io/github/pinpols/batch/console/domain/workflow/web/response/ConsolePipelineDefinitionListItemResponse.java,45,java:S3252,"Use static access with ""io.github.pinpols.batch.console.support.web.ConsoleResponseFieldReader"" for ""booleanValue"".",OPEN,5min
CRITICAL,CODE_SMELL,batch-orchestrator/src/main/java/io/github/pinpols/batch/orchestrator/infrastructure/file/FileGovernanceScheduler.java,243,java:S3776,Refactor this method to reduce its Cognitive Complexity from 22 to the 15 allowed.,OPEN,12min
CRITICAL,CODE_SMELL,batch-worker/process/src/main/java/io/github/pinpols/batch/worker/processes/sql/SqlTransformComputePlugin.java,131,java:S1192,"Define a constant instead of duplicating this literal ""processedCount"" 3 times.",OPEN,8min
CRITICAL,CODE_SMELL,sdk/java/core/src/main/java/io/github/pinpols/batch/sdk/dispatcher/TaskDispatcher.java,736,java:S1192,"Define a constant instead of duplicating this literal ""errorCode"" 3 times.",OPEN,8min
CRITICAL,CODE_SMELL,batch-console-api/src/main/java/io/github/pinpols/batch/console/domain/job/web/response/ConsoleCalendarResponse.java,33,java:S3252,"Use static access with ""io.github.pinpols.batch.console.support.web.ConsoleResponseFieldReader"" for ""stringValue"".",OPEN,5min
CRITICAL,CODE_SMELL,batch-orchestrator/src/main/java/io/github/pinpols/batch/orchestrator/infrastructure/sensor/KafkaOffsetSensorPolicy.java,92,java:S1192,"Define a constant instead of duplicating this literal ""error.workflow.sensor_probe_failed"" 4 times.",OPEN,10min
CRITICAL,CODE_SMELL,batch-orchestrator/src/main/java/io/github/pinpols/batch/orchestrator/application/service/sensor/HttpPollSensorPolicy.java,78,java:S1192,"Define a constant instead of duplicating this literal ""error.workflow.sensor_spec_invalid"" 3 times.",OPEN,8min
CRITICAL,CODE_SMELL,batch-console-api/src/main/java/io/github/pinpols/batch/console/domain/job/infrastructure/DefaultConsoleBatchWindowApplicationService.java,58,java:S1192,"Define a constant instead of duplicating this literal ""window_name"" 3 times.",OPEN,8min
CRITICAL,CODE_SMELL,batch-worker/process/src/main/java/io/github/pinpols/batch/worker/processes/stage/DefaultProcessStageExecutor.java,92,java:S1192,"Define a constant instead of duplicating this literal ""stagedCount"" 3 times.",OPEN,8min
CRITICAL,CODE_SMELL,batch-orchestrator/src/test/java/io/github/pinpols/batch/orchestrator/infrastructure/scheduler/BatchDayOpenSchedulerTest.java,82,java:S1186,"Add a nested comment explaining why this method is empty, throw an UnsupportedOperationException or complete the implementation.",OPEN,5min
CRITICAL,CODE_SMELL,batch-orchestrator/src/main/java/io/github/pinpols/batch/orchestrator/infrastructure/lineage/OpenLineageEmitter.java,167,java:S1192,"Define a constant instead of duplicating this literal ""_producer"" 3 times.",OPEN,8min
CRITICAL,CODE_SMELL,batch-console-api/src/main/java/io/github/pinpols/batch/console/domain/notification/service/SubscriptionRuleWebhookDispatcher.java,215,java:S1192,"Define a constant instead of duplicating this literal "" eventType={}"" 3 times.",OPEN,8min
CRITICAL,CODE_SMELL,batch-worker/core/src/main/java/io/github/pinpols/batch/worker/core/support/StaleTempFileCleanup.java,40,java:S3776,Refactor this method to reduce its Cognitive Complexity from 18 to the 15 allowed.,OPEN,8min
CRITICAL,VULNERABILITY,batch-worker/import/src/main/java/io/github/pinpols/batch/worker/imports/stage/PreprocessStep.java,,java:S5443,Make sure publicly writable directories are used safely here.,CLOSED,30min
CRITICAL,CODE_SMELL,batch-console-api/src/main/java/io/github/pinpols/batch/console/domain/notification/service/AlertmanagerAlertRenderer.java,83,java:S1192,Use already-defined constant 'LABEL_SEVERITY' instead of duplicating its value here.,OPEN,4min
CRITICAL,CODE_SMELL,batch-console-api/src/main/java/io/github/pinpols/batch/console/domain/job/web/response/ConsoleCalendarResponse.java,35,java:S3252,"Use static access with ""io.github.pinpols.batch.console.support.web.ConsoleResponseFieldReader"" for ""stringValue"".",OPEN,5min
CRITICAL,CODE_SMELL,batch-console-api/src/main/java/io/github/pinpols/batch/console/domain/file/infrastructure/query/ConsoleFileQueryService.java,421,java:S1192,"Define a constant instead of duplicating this literal ""pipeline_instance_id"" 3 times.",OPEN,8min
CRITICAL,CODE_SMELL,batch-console-api/src/main/java/io/github/pinpols/batch/console/domain/job/infrastructure/DefaultConsoleJobApprovalService.java,54,java:S1192,"Define a constant instead of duplicating this literal ""CATCH_UP"" 3 times.",OPEN,8min
CRITICAL,CODE_SMELL,batch-worker/process/src/test/java/io/github/pinpols/batch/worker/processes/infrastructure/ProcessStepBeanRegistrarTest.java,68,java:S1186,"Add a nested comment explaining why this method is empty, throw an UnsupportedOperationException or complete the implementation.",OPEN,5min
CRITICAL,CODE_SMELL,batch-orchestrator/src/main/java/io/github/pinpols/batch/orchestrator/application/service/lineage/LineageEvidenceService.java,134,java:S3776,Refactor this method to reduce its Cognitive Complexity from 21 to the 15 allowed.,OPEN,11min
CRITICAL,CODE_SMELL,batch-console-api/src/main/java/io/github/pinpols/batch/console/domain/job/web/response/ConsoleRetryFailedPartitionsResponse.java,25,java:S3252,"Use static access with ""io.github.pinpols.batch.console.support.web.ConsoleResponseFieldReader"" for ""longListValue"".",OPEN,5min
CRITICAL,CODE_SMELL,batch-worker/core/src/main/java/io/github/pinpols/batch/worker/core/infrastructure/PlatformFileRecordRepository.java,54,java:S3776,Refactor this method to reduce its Cognitive Complexity from 20 to the 15 allowed.,OPEN,10min
CRITICAL,CODE_SMELL,batch-console-api/src/main/java/io/github/pinpols/batch/console/service/ConsoleAssetFreshnessPolicyService.java,51,java:S1192,"Define a constant instead of duplicating this literal ""error.common.not_found"" 3 times.",OPEN,8min
CRITICAL,CODE_SMELL,batch-console-api/src/main/java/io/github/pinpols/batch/console/domain/observability/realtime/ConsoleRealtimeReplayStore.java,55,java:S3776,Refactor this method to reduce its Cognitive Complexity from 19 to the 15 allowed.,OPEN,9min
CRITICAL,CODE_SMELL,batch-console-api/src/main/java/io/github/pinpols/batch/console/support/web/ConsoleApiExceptionHandler.java,87,java:S1452,Remove usage of generic wildcard type.,OPEN,20min
CRITICAL,CODE_SMELL,batch-worker/atomic/src/main/java/io/github/pinpols/batch/worker/atomic/sql/SqlTaskExecutor.java,154,java:S1192,Use already-defined constant 'PARAM_AUTO_COMMIT' instead of duplicating its value here.,OPEN,4min
CRITICAL,CODE_SMELL,sdk/java/core/src/main/java/io/github/pinpols/batch/sdk/handler/builtin/support/DelimitedCodec.java,19,java:S3776,Refactor this method to reduce its Cognitive Complexity from 16 to the 15 allowed.,OPEN,6min
CRITICAL,CODE_SMELL,batch-console-api/src/main/java/io/github/pinpols/batch/console/infrastructure/excel/ConfigPackageExcelValidator.java,405,java:S1192,Use already-defined constant 'COL_JOB_NAME' instead of duplicating its value here.,OPEN,4min
CRITICAL,CODE_SMELL,batch-console-api/src/main/java/io/github/pinpols/batch/console/domain/workflow/web/response/ConsolePipelineDefinitionListItemResponse.java,38,java:S3252,"Use static access with ""io.github.pinpols.batch.console.support.web.ConsoleResponseFieldReader"" for ""stringValue"".",OPEN,5min
CRITICAL,CODE_SMELL,batch-worker/import/src/main/java/io/github/pinpols/batch/worker/imports/web/ImportEventArrivalController.java,45,java:S1192,"Define a constant instead of duplicating this literal ""triggered"" 3 times.",OPEN,8min
CRITICAL,CODE_SMELL,batch-orchestrator/src/main/java/io/github/pinpols/batch/orchestrator/application/service/governance/DefaultFileGovernanceService.java,344,java:S3776,Refactor this method to reduce its Cognitive Complexity from 21 to the 15 allowed.,OPEN,11min
CRITICAL,CODE_SMELL,batch-worker/dispatch/src/main/java/io/github/pinpols/batch/worker/dispatchs/infrastructure/DispatchReceiptPollScheduler.java,195,java:S3776,Refactor this method to reduce its Cognitive Complexity from 16 to the 15 allowed.,OPEN,6min
CRITICAL,CODE_SMELL,batch-console-api/src/main/java/io/github/pinpols/batch/console/domain/notification/web/response/ConsoleNotificationDeliveryLogResponse.java,49,java:S3252,"Use static access with ""io.github.pinpols.batch.console.support.web.ConsoleResponseFieldReader"" for ""value"".",OPEN,5min
CRITICAL,CODE_SMELL,batch-console-api/src/main/java/io/github/pinpols/batch/console/domain/notification/web/response/ConsoleNotificationTestResultResponse.java,30,java:S3252,"Use static access with ""io.github.pinpols.batch.console.support.web.ConsoleResponseFieldReader"" for ""stringValue"".",OPEN,5min
CRITICAL,CODE_SMELL,batch-orchestrator/src/main/java/io/github/pinpols/batch/orchestrator/service/LaunchParamResolver.java,159,java:S1192,"Define a constant instead of duplicating this literal ""operationType"" 3 times.",OPEN,8min
CRITICAL,CODE_SMELL,batch-orchestrator/src/main/java/io/github/pinpols/batch/orchestrator/service/BatchDayOperationService.java,88,java:S1192,"Define a constant instead of duplicating this literal ""bizDate"" 3 times.",OPEN,8min
CRITICAL,CODE_SMELL,batch-common/src/main/java/io/github/pinpols/batch/common/health/ObjectStoreStartupCheck.java,48,java:S2093,"Change this ""try"" to a try-with-resources.",OPEN,15min
CRITICAL,CODE_SMELL,batch-orchestrator/src/main/java/io/github/pinpols/batch/orchestrator/application/service/governance/DefaultRetryGovernanceService.java,550,java:S1192,"Define a constant instead of duplicating this literal ""error.partition.retry_instance_not_found"" 3 times.",OPEN,8min
CRITICAL,CODE_SMELL,batch-orchestrator/src/main/java/io/github/pinpols/batch/orchestrator/application/service/governance/DefaultCompensationService.java,288,java:S1192,"Define a constant instead of duplicating this literal ""strategy"" 3 times.",OPEN,8min
CRITICAL,CODE_SMELL,batch-worker/core/src/main/java/io/github/pinpols/batch/worker/core/infrastructure/checkpoint/CheckpointPartitionGuard.java,46,java:S3776,Refactor this method to reduce its Cognitive Complexity from 17 to the 15 allowed.,OPEN,7min
CRITICAL,CODE_SMELL,batch-console-api/src/main/java/io/github/pinpols/batch/console/support/web/ConsoleApiExceptionHandler.java,258,java:S1452,Remove usage of generic wildcard type.,OPEN,20min
CRITICAL,CODE_SMELL,batch-console-api/src/main/java/io/github/pinpols/batch/console/infrastructure/excel/ConfigPackageExcelValidator.java,145,java:S1192,"Define a constant instead of duplicating this literal ""FEEDBACK"" 3 times.",OPEN,8min
CRITICAL,CODE_SMELL,batch-orchestrator/src/main/java/io/github/pinpols/batch/orchestrator/service/BatchDayOperationService.java,37,java:S1192,"Define a constant instead of duplicating this literal ""SETTLED"" 3 times.",OPEN,8min
CRITICAL,CODE_SMELL,batch-console-api/src/main/java/io/github/pinpols/batch/console/application/rbac/ConsoleTenantApplicationService.java,44,java:S1192,"Define a constant instead of duplicating this literal ""RUNNING"" 3 times.",OPEN,8min
CRITICAL,CODE_SMELL,batch-console-api/src/main/java/io/github/pinpols/batch/console/domain/job/web/response/ConsoleDryRunResultResponse.java,21,java:S3252,"Use static access with ""io.github.pinpols.batch.console.support.web.ConsoleResponseFieldReader"" for ""stringValue"".",OPEN,5min
CRITICAL,CODE_SMELL,batch-worker/process/src/main/java/io/github/pinpols/batch/worker/processes/infrastructure/ProcessStepExecutionAdapter.java,126,java:S1192,"Define a constant instead of duplicating this literal ""stagedCount"" 3 times.",OPEN,8min
CRITICAL,CODE_SMELL,batch-orchestrator/src/main/java/io/github/pinpols/batch/orchestrator/infrastructure/scheduler/WorkflowValidatorReconciler.java,46,java:S3776,Refactor this method to reduce its Cognitive Complexity from 19 to the 15 allowed.,OPEN,9min
CRITICAL,CODE_SMELL,batch-console-api/src/main/java/io/github/pinpols/batch/console/infrastructure/config/DefaultConsoleConfigSyncApplicationService.java,140,java:S1192,"Define a constant instead of duplicating this literal ""successItems"" 3 times.",OPEN,8min
CRITICAL,CODE_SMELL,batch-console-api/src/main/java/io/github/pinpols/batch/console/domain/workflow/infrastructure/excel/WorkflowNodeStartEndCodeRule.java,35,java:S3776,Refactor this method to reduce its Cognitive Complexity from 24 to the 15 allowed.,OPEN,14min
CRITICAL,CODE_SMELL,batch-console-api/src/main/java/io/github/pinpols/batch/console/infrastructure/config/DefaultConsoleResourceQueueApplicationService.java,64,java:S1192,"Define a constant instead of duplicating this literal ""queue_type"" 3 times.",OPEN,8min
CRITICAL,CODE_SMELL,batch-console-api/src/main/java/io/github/pinpols/batch/console/domain/job/web/response/ConsoleHolidayResponse.java,32,java:S3252,"Use static access with ""io.github.pinpols.batch.console.support.web.ConsoleResponseFieldReader"" for ""stringValue"".",OPEN,5min
CRITICAL,BUG,batch-orchestrator/src/main/java/io/github/pinpols/batch/orchestrator/application/service/workflow/BizDateArithmetic.java,159,java:S8696,"Use "".equals()"" instead of ""=="" or ""!="" to compare objects of value-based types.",OPEN,5min
CRITICAL,CODE_SMELL,batch-console-api/src/main/java/io/github/pinpols/batch/console/domain/job/infrastructure/DefaultConsoleBatchWindowApplicationService.java,66,java:S1192,"Define a constant instead of duplicating this literal ""out_of_window_action"" 3 times.",OPEN,8min
CRITICAL,CODE_SMELL,batch-worker/dispatch/src/main/java/io/github/pinpols/batch/worker/dispatchs/infrastructure/channel/SftpDispatchChannelAdapter.java,178,java:S1192,"Define a constant instead of duplicating this literal ""file.bin"" 3 times.",OPEN,8min
CRITICAL,CODE_SMELL,batch-console-api/src/main/java/io/github/pinpols/batch/console/support/web/ConsoleApiExceptionHandler.java,386,java:S1452,Remove usage of generic wildcard type.,OPEN,20min
CRITICAL,VULNERABILITY,batch-worker/import/src/main/java/io/github/pinpols/batch/worker/imports/infrastructure/ImportErrorOutputStorage.java,,java:S5443,Make sure publicly writable directories are used safely here.,CLOSED,30min
CRITICAL,CODE_SMELL,batch-worker/core/src/main/java/io/github/pinpols/batch/worker/core/support/AbstractStageExecutor.java,46,java:S3776,Refactor this method to reduce its Cognitive Complexity from 19 to the 15 allowed.,OPEN,9min
CRITICAL,CODE_SMELL,batch-console-api/src/main/java/io/github/pinpols/batch/console/domain/notification/web/response/ConsoleNotificationChannelResponse.java,43,java:S3252,"Use static access with ""io.github.pinpols.batch.console.support.web.ConsoleResponseFieldReader"" for ""stringValue"".",OPEN,5min
CRITICAL,CODE_SMELL,batch-console-api/src/main/java/io/github/pinpols/batch/console/support/ratelimit/ConsoleRateLimitFilter.java,93,java:S1192,"Define a constant instead of duplicating this literal ""操作请求过于频繁，请稍后重试"" 3 times.",OPEN,8min
CRITICAL,CODE_SMELL,batch-orchestrator/src/main/java/io/github/pinpols/batch/orchestrator/infrastructure/file/FileGovernanceRepository.java,314,java:S1192,"Define a constant instead of duplicating this literal ""metadataJson"" 4 times.",OPEN,10min
CRITICAL,CODE_SMELL,batch-worker/import/src/main/java/io/github/pinpols/batch/worker/imports/stage/ParseStep.java,322,java:S1192,"Define a constant instead of duplicating this literal ""catch:NumberFormatException"" 3 times.",OPEN,8min
CRITICAL,CODE_SMELL,batch-console-api/src/main/java/io/github/pinpols/batch/console/domain/observability/infrastructure/DefaultConsoleReportExcelApplicationService.java,221,java:S1192,"Define a constant instead of duplicating this literal ""error.common.system_error_detail"" 4 times.",OPEN,10min
CRITICAL,CODE_SMELL,batch-orchestrator/src/main/java/io/github/pinpols/batch/orchestrator/application/service/governance/DefaultCompensationService.java,344,java:S1192,"Define a constant instead of duplicating this literal ""traceId"" 3 times.",OPEN,8min
CRITICAL,CODE_SMELL,batch-worker/import/src/main/java/io/github/pinpols/batch/worker/imports/jdbc/JdbcMappedImportSpec.java,286,java:S3776,Refactor this method to reduce its Cognitive Complexity from 19 to the 15 allowed.,OPEN,9min
CRITICAL,CODE_SMELL,batch-console-api/src/test/java/io/github/pinpols/batch/console/support/web/ConsoleIdempotencyInterceptorTest.java,87,java:S1186,"Add a nested comment explaining why this method is empty, throw an UnsupportedOperationException or complete the implementation.",OPEN,5min
CRITICAL,CODE_SMELL,batch-worker/atomic/src/main/java/io/github/pinpols/batch/worker/atomic/shell/ShellTaskExecutor.java,144,java:S1192,Use already-defined constant 'PARAM_TIMEOUT_SECONDS' instead of duplicating its value here.,OPEN,4min
CRITICAL,VULNERABILITY,batch-worker/import/src/main/java/io/github/pinpols/batch/worker/imports/stage/PreprocessStep.java,,java:S5443,Make sure publicly writable directories are used safely here.,CLOSED,30min
CRITICAL,CODE_SMELL,batch-worker/import/src/main/java/io/github/pinpols/batch/worker/imports/infrastructure/ImportRecordGovernanceService.java,208,java:S1192,"Define a constant instead of duplicating this literal ""failedCount"" 3 times.",OPEN,8min
CRITICAL,CODE_SMELL,batch-console-api/src/main/java/io/github/pinpols/batch/console/domain/ops/service/ConsoleKafkaLagQueryService.java,64,java:S1192,"Define a constant instead of duplicating this literal ""error"" 3 times.",OPEN,8min
CRITICAL,CODE_SMELL,batch-worker/export/src/main/java/io/github/pinpols/batch/worker/exports/stage/DefaultExportStageExecutor.java,77,java:S1192,"Define a constant instead of duplicating this literal ""recordCount"" 3 times.",OPEN,8min
CRITICAL,CODE_SMELL,batch-console-api/src/main/java/io/github/pinpols/batch/console/domain/notification/web/AlertmanagerNotifyController.java,53,java:S1192,"Define a constant instead of duplicating this literal ""error.common.unauthorized_detail"" 3 times.",OPEN,8min
CRITICAL,CODE_SMELL,batch-trigger/src/main/java/io/github/pinpols/batch/trigger/observability/QuartzMetrics.java,43,java:S1192,"Define a constant instead of duplicating this literal ""group"" 3 times.",OPEN,8min
CRITICAL,CODE_SMELL,batch-orchestrator/src/main/java/io/github/pinpols/batch/orchestrator/application/service/dryrun/DefaultDryRunPlanService.java,251,java:S1192,"Define a constant instead of duplicating this literal ""schedule"" 3 times.",OPEN,8min
CRITICAL,CODE_SMELL,batch-console-api/src/main/java/io/github/pinpols/batch/console/domain/job/infrastructure/DefaultConsoleBatchWindowApplicationService.java,60,java:S1192,"Define a constant instead of duplicating this literal ""start_time"" 3 times.",OPEN,8min
CRITICAL,CODE_SMELL,batch-worker/atomic/src/main/java/io/github/pinpols/batch/worker/atomic/storedproc/StoredProcTaskExecutor.java,134,java:S1192,Use already-defined constant 'PARAM_DS_BEAN' instead of duplicating its value here.,OPEN,4min
CRITICAL,CODE_SMELL,batch-worker/process/src/main/java/io/github/pinpols/batch/worker/processes/sql/SqlTransformComputeSpec.java,77,java:S1192,"Define a constant instead of duplicating this literal ""targetTable"" 3 times.",OPEN,8min
CRITICAL,CODE_SMELL,batch-console-api/src/main/java/io/github/pinpols/batch/console/infrastructure/config/DefaultConsoleConfigApplicationService.java,167,java:S1192,"Define a constant instead of duplicating this literal ""SUCCESS"" 3 times.",OPEN,8min
CRITICAL,CODE_SMELL,batch-orchestrator/src/main/java/io/github/pinpols/batch/orchestrator/infrastructure/scheduler/BatchDayOpenScheduler.java,168,java:S3776,Refactor this method to reduce its Cognitive Complexity from 21 to the 15 allowed.,OPEN,11min
CRITICAL,CODE_SMELL,batch-console-api/src/main/java/io/github/pinpols/batch/console/domain/notification/web/response/ConsoleNotificationChannelResponse.java,38,java:S3252,"Use static access with ""io.github.pinpols.batch.console.support.web.ConsoleResponseFieldReader"" for ""stringValue"".",OPEN,5min
CRITICAL,CODE_SMELL,batch-console-api/src/main/java/io/github/pinpols/batch/console/domain/notification/web/response/ConsoleAlertRoutingResponse.java,67,java:S3252,"Use static access with ""io.github.pinpols.batch.console.support.web.ConsoleResponseFieldReader"" for ""booleanValue"".",OPEN,5min
CRITICAL,CODE_SMELL,batch-orchestrator/src/main/java/io/github/pinpols/batch/orchestrator/application/service/workflow/WorkflowGraphValidator.java,323,java:S3776,Refactor this method to reduce its Cognitive Complexity from 17 to the 15 allowed.,OPEN,7min
CRITICAL,CODE_SMELL,batch-worker/process/src/main/java/io/github/pinpols/batch/worker/processes/infrastructure/ProcessStepExecutionAdapter.java,127,java:S1192,"Define a constant instead of duplicating this literal ""publishedCount"" 3 times.",OPEN,8min
CRITICAL,CODE_SMELL,batch-orchestrator/src/main/java/io/github/pinpols/batch/orchestrator/application/engine/TaskDispatchOutboxService.java,174,java:S1192,"Define a constant instead of duplicating this literal ""effectiveParams"" 5 times.",OPEN,12min
CRITICAL,CODE_SMELL,batch-console-api/src/main/java/io/github/pinpols/batch/console/domain/job/web/response/ConsoleRetryFailedPartitionsResponse.java,24,java:S3252,"Use static access with ""io.github.pinpols.batch.console.support.web.ConsoleResponseFieldReader"" for ""integerValue"".",OPEN,5min
CRITICAL,CODE_SMELL,batch-orchestrator/src/main/java/io/github/pinpols/batch/orchestrator/application/service/task/InstanceManagementApplicationService.java,92,java:S1192,"Define a constant instead of duplicating this literal ""error.common.state_conflict_detail"" 4 times.",OPEN,10min
CRITICAL,CODE_SMELL,batch-trigger/src/main/java/io/github/pinpols/batch/trigger/service/DefaultTriggerService.java,349,java:S1192,"Define a constant instead of duplicating this literal ""error.common.tenant_id_required"" 3 times.",OPEN,8min
CRITICAL,CODE_SMELL,batch-worker/import/src/main/java/io/github/pinpols/batch/worker/imports/stage/PreprocessStep.java,113,java:S3776,Refactor this method to reduce its Cognitive Complexity from 32 to the 15 allowed.,OPEN,22min
CRITICAL,CODE_SMELL,batch-common/src/main/java/io/github/pinpols/batch/common/utils/AlertLabels.java,65,java:S1192,Use already-defined constant 'GROUP_FRESHNESS' instead of duplicating its value here.,OPEN,4min
CRITICAL,CODE_SMELL,batch-console-api/src/main/java/io/github/pinpols/batch/console/domain/notification/web/response/ConsoleAlertRoutingResponse.java,66,java:S3252,"Use static access with ""io.github.pinpols.batch.console.support.web.ConsoleResponseFieldReader"" for ""instantValue"".",OPEN,5min
CRITICAL,CODE_SMELL,batch-orchestrator/src/main/java/io/github/pinpols/batch/orchestrator/application/service/workflow/DefaultWorkflowDagService.java,156,java:S3776,Refactor this method to reduce its Cognitive Complexity from 20 to the 15 allowed.,OPEN,10min
CRITICAL,CODE_SMELL,batch-console-api/src/main/java/io/github/pinpols/batch/console/domain/notification/web/response/ConsoleAlertRoutingResponse.java,49,java:S3252,"Use static access with ""io.github.pinpols.batch.console.support.web.ConsoleResponseFieldReader"" for ""longValue"".",OPEN,5min
CRITICAL,CODE_SMELL,batch-orchestrator/src/main/java/io/github/pinpols/batch/orchestrator/application/service/governance/OutboxOpsApplicationService.java,104,java:S6809,Call transactional methods via an injected dependency instead of directly via 'this'.,OPEN,5min
CRITICAL,CODE_SMELL,batch-worker/export/src/main/java/io/github/pinpols/batch/worker/exports/stage/RegisterStep.java,36,java:S1192,"Define a constant instead of duplicating this literal ""totalAmount"" 3 times.",OPEN,8min
CRITICAL,CODE_SMELL,batch-console-api/src/main/java/io/github/pinpols/batch/console/infrastructure/excel/ConfigPackageExcelValidator.java,453,java:S1192,Use already-defined constant 'COL_CHANNEL_CODE' instead of duplicating its value here.,OPEN,4min
CRITICAL,CODE_SMELL,batch-console-api/src/main/java/io/github/pinpols/batch/console/domain/notification/infrastructure/DefaultConsoleNotificationApplicationService.java,320,java:S1192,"Define a constant instead of duplicating this literal ""message"" 3 times.",OPEN,8min
CRITICAL,CODE_SMELL,batch-orchestrator/src/main/java/io/github/pinpols/batch/orchestrator/application/archive/OutboxArchiveService.java,72,java:S6809,Call transactional methods via an injected dependency instead of directly via 'this'.,OPEN,5min
CRITICAL,CODE_SMELL,batch-orchestrator/src/main/java/io/github/pinpols/batch/orchestrator/application/service/governance/DefaultFileGovernanceService.java,493,java:S1192,"Define a constant instead of duplicating this literal ""reason"" 3 times.",OPEN,8min
CRITICAL,CODE_SMELL,batch-console-api/src/main/java/io/github/pinpols/batch/console/infrastructure/config/DefaultConsoleResourceQueueApplicationService.java,71,java:S1192,"Define a constant instead of duplicating this literal ""worker_group"" 3 times.",OPEN,8min
CRITICAL,CODE_SMELL,batch-console-api/src/main/java/io/github/pinpols/batch/console/domain/job/web/response/ConsoleCalendarResponse.java,43,java:S3252,"Use static access with ""io.github.pinpols.batch.console.support.web.ConsoleResponseFieldReader"" for ""instantValue"".",OPEN,5min
CRITICAL,CODE_SMELL,batch-worker/process/src/main/java/io/github/pinpols/batch/worker/processes/sql/SqlTransformComputePlugin.java,648,java:S1192,"Define a constant instead of duplicating this literal "" ON CONFLICT ("" 3 times.",OPEN,8min
CRITICAL,CODE_SMELL,batch-worker/import/src/main/java/io/github/pinpols/batch/worker/imports/jdbc/JdbcMappedImportSpec.java,266,java:S2447,"Null is returned but a ""Boolean"" is expected.",OPEN,20min
CRITICAL,CODE_SMELL,batch-worker/core/src/main/java/io/github/pinpols/batch/worker/core/support/AbstractWorkerLoop.java,194,java:S3776,Refactor this method to reduce its Cognitive Complexity from 16 to the 15 allowed.,OPEN,6min
CRITICAL,CODE_SMELL,batch-console-api/src/main/java/io/github/pinpols/batch/console/domain/notification/web/response/ConsoleSubscriptionRuleResponse.java,48,java:S3252,"Use static access with ""io.github.pinpols.batch.console.support.web.ConsoleResponseFieldReader"" for ""instantValue"".",OPEN,5min
CRITICAL,CODE_SMELL,batch-worker/atomic/src/main/java/io/github/pinpols/batch/worker/atomic/sql/SqlTaskExecutor.java,195,java:S1192,"Define a constant instead of duplicating this literal ""SELECT"" 3 times.",OPEN,8min
CRITICAL,CODE_SMELL,batch-console-api/src/main/java/io/github/pinpols/batch/console/domain/notification/web/response/ConsoleNotificationTestResultResponse.java,31,java:S3252,"Use static access with ""io.github.pinpols.batch.console.support.web.ConsoleResponseFieldReader"" for ""booleanValue"".",OPEN,5min
CRITICAL,CODE_SMELL,batch-orchestrator/src/main/java/io/github/pinpols/batch/orchestrator/application/service/task/DefaultPartitionLifecycleService.java,214,java:S3776,Refactor this method to reduce its Cognitive Complexity from 16 to the 15 allowed.,OPEN,6min
CRITICAL,CODE_SMELL,batch-console-api/src/main/java/io/github/pinpols/batch/console/domain/workflow/infrastructure/excel/WorkflowExcelColumnMetadata.java,115,java:S1192,"Define a constant instead of duplicating this literal ""excel.guide.format.integer"" 6 times.",OPEN,14min
CRITICAL,CODE_SMELL,batch-console-api/src/main/java/io/github/pinpols/batch/console/domain/notification/web/response/ConsoleNotificationTestResultResponse.java,34,java:S3252,"Use static access with ""io.github.pinpols.batch.console.support.web.ConsoleResponseFieldReader"" for ""integerValue"".",OPEN,5min
CRITICAL,CODE_SMELL,batch-console-api/src/main/java/io/github/pinpols/batch/console/domain/notification/web/response/ConsoleAlertRoutingResponse.java,64,java:S3252,"Use static access with ""io.github.pinpols.batch.console.support.web.ConsoleResponseFieldReader"" for ""stringValue"".",OPEN,5min
CRITICAL,CODE_SMELL,batch-orchestrator/src/main/java/io/github/pinpols/batch/orchestrator/application/service/workflow/WorkflowGraphValidator.java,562,java:S3776,Refactor this method to reduce its Cognitive Complexity from 20 to the 15 allowed.,OPEN,10min
CRITICAL,CODE_SMELL,batch-worker/core/src/main/java/io/github/pinpols/batch/worker/core/infrastructure/checkpoint/DefaultProcessingPositionStore.java,61,java:S1192,"Define a constant instead of duplicating this literal ""failure"" 4 times.",OPEN,10min
CRITICAL,CODE_SMELL,batch-trigger/src/main/java/io/github/pinpols/batch/trigger/infrastructure/QuartzMisfireRecoveryListener.java,38,java:S1186,"Add a nested comment explaining why this method is empty, throw an UnsupportedOperationException or complete the implementation.",OPEN,5min
CRITICAL,CODE_SMELL,batch-console-api/src/main/java/io/github/pinpols/batch/console/domain/workflow/web/response/ConsoleWorkflowRunSkipNodeResponse.java,19,java:S3252,"Use static access with ""io.github.pinpols.batch.console.support.web.ConsoleResponseFieldReader"" for ""longValue"".",OPEN,5min
CRITICAL,CODE_SMELL,batch-console-api/src/main/java/io/github/pinpols/batch/console/domain/job/web/response/ConsoleBatchWindowResponse.java,45,java:S3252,"Use static access with ""io.github.pinpols.batch.console.support.web.ConsoleResponseFieldReader"" for ""localTimeValue"".",OPEN,5min
CRITICAL,CODE_SMELL,batch-worker/core/src/main/java/io/github/pinpols/batch/worker/core/infrastructure/HttpTaskExecutionClient.java,341,java:S3776,Refactor this method to reduce its Cognitive Complexity from 20 to the 15 allowed.,OPEN,10min
CRITICAL,CODE_SMELL,batch-orchestrator/src/main/java/io/github/pinpols/batch/orchestrator/infrastructure/mq/KafkaOutboxPublisher.java,86,java:S3776,Refactor this method to reduce its Cognitive Complexity from 17 to the 15 allowed.,OPEN,7min
CRITICAL,CODE_SMELL,batch-console-api/src/main/java/io/github/pinpols/batch/console/support/web/ConsoleApiExceptionHandler.java,117,java:S1452,Remove usage of generic wildcard type.,OPEN,20min
CRITICAL,CODE_SMELL,batch-console-api/src/main/java/io/github/pinpols/batch/console/infrastructure/config/DefaultConsoleConfigApprovalApplicationService.java,101,java:S1192,"Define a constant instead of duplicating this literal ""rolledBackAt"" 3 times.",OPEN,8min
CRITICAL,CODE_SMELL,batch-console-api/src/main/java/io/github/pinpols/batch/console/domain/file/infrastructure/DefaultConsoleFileTemplateApplicationService.java,128,java:S1192,"Define a constant instead of duplicating this literal ""EXPORT"" 3 times.",OPEN,8min
CRITICAL,CODE_SMELL,batch-trigger/src/main/java/io/github/pinpols/batch/trigger/infrastructure/TriggerSchedulerFacade.java,152,java:S3776,Refactor this method to reduce its Cognitive Complexity from 16 to the 15 allowed.,OPEN,6min
CRITICAL,CODE_SMELL,batch-console-api/src/main/java/io/github/pinpols/batch/console/domain/notification/web/response/ConsoleSubscriptionRuleResponse.java,42,java:S3252,"Use static access with ""io.github.pinpols.batch.console.support.web.ConsoleResponseFieldReader"" for ""stringValue"".",OPEN,5min
CRITICAL,CODE_SMELL,batch-console-api/src/main/java/io/github/pinpols/batch/console/infrastructure/excel/ConfigPackageExcelValidator.java,745,java:S1192,Use already-defined constant 'COL_WORKFLOW_NAME' instead of duplicating its value here.,OPEN,4min
CRITICAL,CODE_SMELL,batch-console-api/src/main/java/io/github/pinpols/batch/console/domain/notification/web/response/ConsoleSubscriptionRuleResponse.java,40,java:S3252,"Use static access with ""io.github.pinpols.batch.console.support.web.ConsoleResponseFieldReader"" for ""stringValue"".",OPEN,5min
CRITICAL,CODE_SMELL,batch-worker/atomic/src/main/java/io/github/pinpols/batch/worker/atomic/http/HttpTaskExecutor.java,265,java:S1192,Use already-defined constant 'PARAM_HEADERS' instead of duplicating its value here.,OPEN,4min
CRITICAL,CODE_SMELL,batch-console-api/src/main/java/io/github/pinpols/batch/console/domain/workflow/infrastructure/excel/WorkflowExcelColumnMetadata.java,100,java:S1192,"Define a constant instead of duplicating this literal ""WF_SETTLEMENT"" 3 times.",OPEN,8min
CRITICAL,CODE_SMELL,batch-console-api/src/main/java/io/github/pinpols/batch/console/domain/file/infrastructure/DefaultConsoleFileTemplateApplicationService.java,356,java:S1192,"Define a constant instead of duplicating this literal ""tenant_id"" 3 times.",OPEN,8min
CRITICAL,CODE_SMELL,batch-common/src/main/java/io/github/pinpols/batch/common/config/BatchSecurityProperties.java,74,java:S1192,"Define a constant instead of duplicating this literal ""batch.console.read-replica.replica.password"" 4 times.",OPEN,10min
CRITICAL,CODE_SMELL,batch-console-api/src/main/java/io/github/pinpols/batch/console/infrastructure/excel/ConfigPackageExcelValidator.java,455,java:S1192,Use already-defined constant 'COL_CHANNEL_TYPE' instead of duplicating its value here.,OPEN,4min
CRITICAL,CODE_SMELL,batch-worker/process/src/main/java/io/github/pinpols/batch/worker/processes/sql/SqlTransformComputePlugin.java,464,java:S1192,"Define a constant instead of duplicating this literal ""bizDate"" 3 times.",OPEN,8min
CRITICAL,CODE_SMELL,batch-console-api/src/main/java/io/github/pinpols/batch/console/domain/job/infrastructure/DefaultConsoleBatchWindowApplicationService.java,61,java:S1192,"Define a constant instead of duplicating this literal ""end_time"" 3 times.",OPEN,8min
CRITICAL,CODE_SMELL,batch-console-api/src/main/java/io/github/pinpols/batch/console/domain/job/web/response/ConsoleBatchWindowResponse.java,44,java:S3252,"Use static access with ""io.github.pinpols.batch.console.support.web.ConsoleResponseFieldReader"" for ""localTimeValue"".",OPEN,5min
CRITICAL,CODE_SMELL,batch-orchestrator/src/main/java/io/github/pinpols/batch/orchestrator/application/service/task/InstanceManagementApplicationService.java,98,java:S1192,"Define a constant instead of duplicating this literal ""error.common.concurrent_modification"" 3 times.",OPEN,8min
CRITICAL,CODE_SMELL,batch-console-api/src/main/java/io/github/pinpols/batch/console/domain/job/web/response/ConsoleDryRunResultResponse.java,23,java:S3252,"Use static access with ""io.github.pinpols.batch.console.support.web.ConsoleResponseFieldReader"" for ""stringValue"".",OPEN,5min
CRITICAL,CODE_SMELL,batch-worker/import/src/main/java/io/github/pinpols/batch/worker/imports/infrastructure/quality/DatasetRuleEvaluator.java,97,java:S1192,"Define a constant instead of duplicating this literal ""expected"" 3 times.",OPEN,8min
CRITICAL,CODE_SMELL,batch-console-api/src/main/java/io/github/pinpols/batch/console/domain/job/web/response/ConsoleSchedulerCommandResponse.java,12,java:S3252,"Use static access with ""io.github.pinpols.batch.console.support.web.ConsoleResponseFieldReader"" for ""stringValue"".",OPEN,5min
CRITICAL,CODE_SMELL,batch-worker/core/src/main/java/io/github/pinpols/batch/worker/core/application/TaskDispatchExecutor.java,74,java:S3776,Refactor this method to reduce its Cognitive Complexity from 20 to the 15 allowed.,OPEN,10min
CRITICAL,CODE_SMELL,batch-common/src/main/java/io/github/pinpols/batch/common/utils/AlertLabels.java,39,java:S1192,"Define a constant instead of duplicating this literal ""warning"" 3 times.",OPEN,8min
CRITICAL,CODE_SMELL,batch-orchestrator/src/main/java/io/github/pinpols/batch/orchestrator/application/service/asset/AssetFreshnessPolicyService.java,92,java:S1192,"Define a constant instead of duplicating this literal ""STALE"" 3 times.",OPEN,8min
CRITICAL,CODE_SMELL,batch-console-api/src/main/java/io/github/pinpols/batch/console/infrastructure/excel/ConfigPackageExcelValidator.java,818,java:S1192,Use already-defined constant 'COL_FROM_NODE_CODE' instead of duplicating its value here.,OPEN,6min
CRITICAL,CODE_SMELL,batch-worker/export/src/main/java/io/github/pinpols/batch/worker/exports/stage/PrepareStep.java,149,java:S1192,"Define a constant instead of duplicating this literal ""batch"" 3 times.",OPEN,8min
CRITICAL,CODE_SMELL,batch-console-api/src/main/java/io/github/pinpols/batch/console/domain/workflow/web/response/ConsolePipelineDefinitionListItemResponse.java,40,java:S3252,"Use static access with ""io.github.pinpols.batch.console.support.web.ConsoleResponseFieldReader"" for ""stringValue"".",OPEN,5min
CRITICAL,CODE_SMELL,batch-console-api/src/main/java/io/github/pinpols/batch/console/infrastructure/excel/ConfigPackageExcelValidator.java,775,java:S1192,Use already-defined constant 'COL_NODE_TYPE' instead of duplicating its value here.,OPEN,4min
CRITICAL,CODE_SMELL,batch-console-api/src/main/java/io/github/pinpols/batch/console/infrastructure/excel/ConfigPackageExcelValidator.java,746,java:S1192,Use already-defined constant 'COL_WORKFLOW_TYPE' instead of duplicating its value here.,OPEN,4min
CRITICAL,CODE_SMELL,batch-orchestrator/src/main/java/io/github/pinpols/batch/orchestrator/application/engine/TaskDispatchOutboxService.java,175,java:S1192,"Define a constant instead of duplicating this literal ""requestParams"" 5 times.",OPEN,12min
CRITICAL,BUG,batch-orchestrator/src/main/java/io/github/pinpols/batch/orchestrator/service/CutoffScheduleResolver.java,103,java:S8696,"Use "".equals()"" instead of ""=="" or ""!="" to compare objects of value-based types.",OPEN,5min
CRITICAL,CODE_SMELL,batch-orchestrator/src/main/java/io/github/pinpols/batch/orchestrator/application/service/governance/OutboxOpsApplicationService.java,99,java:S6809,Call transactional methods via an injected dependency instead of directly via 'this'.,OPEN,5min
CRITICAL,CODE_SMELL,batch-common/src/main/java/io/github/pinpols/batch/common/logging/SwallowedExceptionLogger.java,19,java:S1192,"Define a constant instead of duplicating this literal ""{}: {}"" 3 times.",OPEN,8min
CRITICAL,CODE_SMELL,batch-worker/export/src/main/java/io/github/pinpols/batch/worker/exports/jdbc/JdbcMappedExportSpec.java,137,java:S3776,Refactor this method to reduce its Cognitive Complexity from 17 to the 15 allowed.,OPEN,7min
CRITICAL,CODE_SMELL,sdk/java/core/src/main/java/io/github/pinpols/batch/sdk/dispatcher/TaskDispatcher.java,341,java:S1192,Use already-defined constant 'MDC_TENANT_ID' instead of duplicating its value here.,OPEN,8min
CRITICAL,CODE_SMELL,batch-console-api/src/main/java/io/github/pinpols/batch/console/domain/workflow/web/response/ConsolePipelineDefinitionListItemResponse.java,41,java:S3252,"Use static access with ""io.github.pinpols.batch.console.support.web.ConsoleResponseFieldReader"" for ""stringValue"".",OPEN,5min
CRITICAL,CODE_SMELL,batch-worker/core/src/main/java/io/github/pinpols/batch/worker/core/support/AbstractTaskConsumer.java,526,java:S1192,"Define a constant instead of duplicating this literal ""workerType"" 3 times.",OPEN,8min
CRITICAL,CODE_SMELL,sdk/java/core/src/main/java/io/github/pinpols/batch/sdk/dispatcher/TaskDispatcher.java,732,java:S1192,"Define a constant instead of duplicating this literal ""message"" 3 times.",OPEN,8min
CRITICAL,CODE_SMELL,batch-console-api/src/main/java/io/github/pinpols/batch/console/domain/job/web/response/ConsoleCalendarResponse.java,40,java:S3252,"Use static access with ""io.github.pinpols.batch.console.support.web.ConsoleResponseFieldReader"" for ""booleanValue"".",OPEN,5min
CRITICAL,CODE_SMELL,batch-worker/atomic/src/main/java/io/github/pinpols/batch/worker/atomic/sql/SqlTaskExecutor.java,153,java:S1192,Use already-defined constant 'PARAM_DS_BEAN' instead of duplicating its value here.,OPEN,4min
CRITICAL,CODE_SMELL,batch-console-api/src/main/java/io/github/pinpols/batch/console/domain/job/web/response/ConsoleCalendarResponse.java,32,java:S3252,"Use static access with ""io.github.pinpols.batch.console.support.web.ConsoleResponseFieldReader"" for ""longValue"".",OPEN,5min
CRITICAL,CODE_SMELL,batch-console-api/src/main/java/io/github/pinpols/batch/console/infrastructure/config/DefaultConsoleConfigApprovalApplicationService.java,103,java:S1192,"Define a constant instead of duplicating this literal ""updatedBy"" 3 times.",OPEN,8min
CRITICAL,CODE_SMELL,batch-console-api/src/main/java/io/github/pinpols/batch/console/infrastructure/excel/ConfigPackageExcelValidator.java,774,java:S1192,Use already-defined constant 'COL_NODE_NAME' instead of duplicating its value here.,OPEN,4min
CRITICAL,CODE_SMELL,batch-trigger/src/main/java/io/github/pinpols/batch/trigger/service/DefaultTriggerService.java,231,java:S1192,"Define a constant instead of duplicating this literal ""PENDING"" 3 times.",OPEN,8min
CRITICAL,CODE_SMELL,batch-console-api/src/main/java/io/github/pinpols/batch/console/support/web/ConsoleIdempotencyInterceptor.java,46,java:S1192,"Define a constant instead of duplicating this literal ""{\""code\"":\"""" 4 times.",OPEN,10min
CRITICAL,CODE_SMELL,batch-console-api/src/main/java/io/github/pinpols/batch/console/domain/notification/web/response/ConsoleAlertRoutingResponse.java,62,java:S3252,"Use static access with ""io.github.pinpols.batch.console.support.web.ConsoleResponseFieldReader"" for ""stringValue"".",OPEN,5min
CRITICAL,CODE_SMELL,batch-orchestrator/src/main/java/io/github/pinpols/batch/orchestrator/application/plan/DefaultSchedulePlanBuilder.java,46,java:S3776,Refactor this method to reduce its Cognitive Complexity from 19 to the 15 allowed.,OPEN,9min
CRITICAL,CODE_SMELL,batch-orchestrator/src/main/java/io/github/pinpols/batch/orchestrator/infrastructure/lineage/OpenLineageEmitter.java,169,java:S1192,"Define a constant instead of duplicating this literal ""_schemaURL"" 3 times.",OPEN,8min
CRITICAL,CODE_SMELL,batch-worker/import/src/main/java/io/github/pinpols/batch/worker/imports/stage/format/ExcelFormatParser.java,78,java:S3776,Refactor this method to reduce its Cognitive Complexity from 16 to the 15 allowed.,OPEN,6min
CRITICAL,CODE_SMELL,batch-orchestrator/src/main/java/io/github/pinpols/batch/orchestrator/config/InternalSecurityConfiguration.java,23,java:S1192,"Define a constant instead of duplicating this literal ""/internal/*"" 3 times.",OPEN,8min
CRITICAL,CODE_SMELL,batch-console-api/src/main/java/io/github/pinpols/batch/console/infrastructure/excel/ConfigPackageExcelValidator.java,986,java:S3776,Refactor this method to reduce its Cognitive Complexity from 61 to the 15 allowed.,OPEN,51min
CRITICAL,CODE_SMELL,batch-console-api/src/main/java/io/github/pinpols/batch/console/infrastructure/excel/ConfigPackageExcelValidator.java,151,java:S1192,"Define a constant instead of duplicating this literal ""COMPLETE"" 3 times.",OPEN,8min
CRITICAL,CODE_SMELL,batch-worker/dispatch/src/main/java/io/github/pinpols/batch/worker/dispatchs/infrastructure/DispatchReceiptPollScheduler.java,137,java:S3776,Refactor this method to reduce its Cognitive Complexity from 17 to the 15 allowed.,OPEN,7min
CRITICAL,CODE_SMELL,batch-worker/atomic/src/main/java/io/github/pinpols/batch/worker/atomic/http/HttpTaskExecutor.java,167,java:S3776,Refactor this method to reduce its Cognitive Complexity from 18 to the 15 allowed.,OPEN,8min
CRITICAL,CODE_SMELL,batch-console-api/src/main/java/io/github/pinpols/batch/console/infrastructure/config/DefaultConsoleResourceQueueApplicationService.java,70,java:S1192,"Define a constant instead of duplicating this literal ""max_qps"" 3 times.",OPEN,8min
CRITICAL,CODE_SMELL,batch-worker/import/src/main/java/io/github/pinpols/batch/worker/imports/preprocess/ImportPreprocessPipeline.java,114,java:S3776,Refactor this method to reduce its Cognitive Complexity from 19 to the 15 allowed.,OPEN,9min
CRITICAL,CODE_SMELL,batch-orchestrator/src/main/java/io/github/pinpols/batch/orchestrator/application/service/task/InstanceManagementApplicationService.java,35,java:S1192,"Define a constant instead of duplicating this literal ""RUNNING"" 4 times.",OPEN,10min
CRITICAL,CODE_SMELL,batch-common/src/main/java/io/github/pinpols/batch/common/health/S3HealthIndicator.java,33,java:S1192,"Define a constant instead of duplicating this literal ""bucket"" 3 times.",OPEN,8min
CRITICAL,CODE_SMELL,batch-orchestrator/src/main/java/io/github/pinpols/batch/orchestrator/application/service/sensor/HttpPollSensorPolicy.java,78,java:S1192,"Define a constant instead of duplicating this literal ""HTTP_POLL"" 4 times.",OPEN,10min
CRITICAL,CODE_SMELL,batch-console-api/src/main/java/io/github/pinpols/batch/console/application/ops/ConsoleOpsQueryService.java,354,java:S1192,"Define a constant instead of duplicating this literal ""created_at"" 3 times.",OPEN,8min
CRITICAL,CODE_SMELL,batch-console-api/src/main/java/io/github/pinpols/batch/console/domain/notification/web/response/ConsoleSubscriptionRuleResponse.java,39,java:S3252,"Use static access with ""io.github.pinpols.batch.console.support.web.ConsoleResponseFieldReader"" for ""stringValue"".",OPEN,5min
CRITICAL,CODE_SMELL,batch-console-api/src/main/java/io/github/pinpols/batch/console/infrastructure/config/DefaultConsoleResourceQueueApplicationService.java,79,java:S1192,"Define a constant instead of duplicating this literal ""enabled"" 3 times.",OPEN,8min
CRITICAL,CODE_SMELL,batch-console-api/src/main/java/io/github/pinpols/batch/console/domain/notification/web/response/ConsoleNotificationDeliveryLogResponse.java,50,java:S3252,"Use static access with ""io.github.pinpols.batch.console.support.web.ConsoleResponseFieldReader"" for ""integerValue"".",OPEN,5min
CRITICAL,CODE_SMELL,batch-console-api/src/main/java/io/github/pinpols/batch/console/infrastructure/excel/ConfigPackageExcelWorkbookWriter.java,1109,java:S1192,"Define a constant instead of duplicating this literal ""FIXED"" 3 times.",OPEN,8min
CRITICAL,CODE_SMELL,batch-console-api/src/main/java/io/github/pinpols/batch/console/domain/workflow/infrastructure/excel/WorkflowExcelColumnMetadata.java,108,java:S1192,"Define a constant instead of duplicating this literal ""excel.guide.format.enum"" 4 times.",OPEN,10min
CRITICAL,CODE_SMELL,sdk/java/core/src/test/java/io/github/pinpols/batch/sdk/handler/SdkAbstractProcessHandlerTest.java,163,java:S1186,"Add a nested comment explaining why this method is empty, throw an UnsupportedOperationException or complete the implementation.",OPEN,5min
CRITICAL,CODE_SMELL,batch-console-api/src/main/java/io/github/pinpols/batch/console/domain/workflow/web/response/ConsolePipelineDefinitionListItemResponse.java,39,java:S3252,"Use static access with ""io.github.pinpols.batch.console.support.web.ConsoleResponseFieldReader"" for ""stringValue"".",OPEN,5min
CRITICAL,CODE_SMELL,batch-worker/core/src/main/java/io/github/pinpols/batch/worker/core/support/PipelineVerifierHook.java,73,java:S3776,Refactor this method to reduce its Cognitive Complexity from 18 to the 15 allowed.,OPEN,8min
CRITICAL,CODE_SMELL,batch-worker/export/src/main/java/io/github/pinpols/batch/worker/exports/stage/format/AbstractExportFormat.java,556,java:S1192,"Define a constant instead of duplicating this literal ""catch:Exception"" 5 times.",OPEN,12min
CRITICAL,CODE_SMELL,batch-console-api/src/main/java/io/github/pinpols/batch/console/domain/notification/web/response/ConsoleAlertRoutingResponse.java,57,java:S3252,"Use static access with ""io.github.pinpols.batch.console.support.web.ConsoleResponseFieldReader"" for ""stringValue"".",OPEN,5min
CRITICAL,CODE_SMELL,batch-console-api/src/main/java/io/github/pinpols/batch/console/infrastructure/excel/ConfigPackageExcelWorkbookWriter.java,595,java:S1192,"Define a constant instead of duplicating this literal ""field_mappings"" 3 times.",OPEN,8min
CRITICAL,CODE_SMELL,batch-console-api/src/main/java/io/github/pinpols/batch/console/domain/job/infrastructure/DefaultConsoleCalendarApplicationService.java,63,java:S1192,"Define a constant instead of duplicating this literal ""tenantId"" 3 times.",OPEN,8min
CRITICAL,CODE_SMELL,batch-worker/import/src/main/java/io/github/pinpols/batch/worker/imports/stage/LoadStep.java,96,java:S3776,Refactor this method to reduce its Cognitive Complexity from 16 to the 15 allowed.,OPEN,6min
CRITICAL,CODE_SMELL,batch-console-api/src/main/java/io/github/pinpols/batch/console/infrastructure/config/DefaultConsoleConfigApprovalApplicationService.java,88,java:S1192,"Define a constant instead of duplicating this literal ""reviewComment"" 3 times.",OPEN,8min
CRITICAL,CODE_SMELL,batch-console-api/src/main/java/io/github/pinpols/batch/console/infrastructure/excel/ConfigPackageExcelValidator.java,777,java:S1192,Use already-defined constant 'COL_NODE_PARAMS' instead of duplicating its value here.,OPEN,4min
CRITICAL,CODE_SMELL,batch-common/src/main/java/io/github/pinpols/batch/common/storage/S3ObjectStore.java,112,java:S3776,Refactor this method to reduce its Cognitive Complexity from 27 to the 15 allowed.,OPEN,17min
CRITICAL,CODE_SMELL,batch-console-api/src/main/java/io/github/pinpols/batch/console/support/web/ConsoleApiExceptionHandler.java,172,java:S1452,Remove usage of generic wildcard type.,OPEN,20min
CRITICAL,CODE_SMELL,batch-console-api/src/main/java/io/github/pinpols/batch/console/infrastructure/config/DefaultConsoleResourceQueueApplicationService.java,68,java:S1192,"Define a constant instead of duplicating this literal ""max_running_partitions"" 3 times.",OPEN,8min
CRITICAL,CODE_SMELL,batch-trigger/src/main/java/io/github/pinpols/batch/trigger/service/DefaultTriggerService.java,151,java:S1192,"Define a constant instead of duplicating this literal ""LAUNCHED"" 3 times.",OPEN,8min
CRITICAL,CODE_SMELL,batch-console-api/src/main/java/io/github/pinpols/batch/console/domain/job/web/response/ConsoleBatchWindowResponse.java,47,java:S3252,"Use static access with ""io.github.pinpols.batch.console.support.web.ConsoleResponseFieldReader"" for ""stringValue"".",OPEN,5min
CRITICAL,CODE_SMELL,batch-orchestrator/src/main/java/io/github/pinpols/batch/orchestrator/application/service/governance/DefaultFileGovernanceService.java,364,java:S1192,"Define a constant instead of duplicating this literal ""CONTINUE_WAITING"" 3 times.",OPEN,8min
CRITICAL,CODE_SMELL,batch-console-api/src/main/java/io/github/pinpols/batch/console/domain/job/web/response/ConsoleInstanceActionResponse.java,24,java:S3252,"Use static access with ""io.github.pinpols.batch.console.support.web.ConsoleResponseFieldReader"" for ""integerValue"".",OPEN,5min
CRITICAL,CODE_SMELL,batch-worker/dispatch/src/main/java/io/github/pinpols/batch/worker/dispatchs/stage/AckDispatchStep.java,38,java:S3776,Refactor this method to reduce its Cognitive Complexity from 22 to the 15 allowed.,OPEN,12min
CRITICAL,CODE_SMELL,sdk/java/core/src/test/java/io/github/pinpols/batch/sdk/handler/SdkAbstractProcessHandlerTest.java,350,java:S1186,"Add a nested comment explaining why this method is empty, throw an UnsupportedOperationException or complete the implementation.",OPEN,5min
CRITICAL,CODE_SMELL,batch-console-api/src/main/java/io/github/pinpols/batch/console/infrastructure/excel/ConfigPackageExcelValidator.java,406,java:S1192,Use already-defined constant 'COL_JOB_TYPE' instead of duplicating its value here.,OPEN,4min
CRITICAL,CODE_SMELL,sdk/java/core/src/test/java/io/github/pinpols/batch/sdk/handler/SdkAbstractProcessHandlerTest.java,318,java:S1186,"Add a nested comment explaining why this method is empty, throw an UnsupportedOperationException or complete the implementation.",OPEN,5min
CRITICAL,CODE_SMELL,batch-console-api/src/main/java/io/github/pinpols/batch/console/domain/notification/web/response/ConsoleAlertRoutingResponse.java,52,java:S3252,"Use static access with ""io.github.pinpols.batch.console.support.web.ConsoleResponseFieldReader"" for ""stringValue"".",OPEN,5min
CRITICAL,CODE_SMELL,batch-worker/import/src/main/java/io/github/pinpols/batch/worker/imports/stage/ParseStep.java,122,java:S3776,Refactor this method to reduce its Cognitive Complexity from 23 to the 15 allowed.,OPEN,13min
CRITICAL,CODE_SMELL,batch-orchestrator/src/main/java/io/github/pinpols/batch/orchestrator/infrastructure/scheduler/WorkerCapabilityTagsAuditScheduler.java,68,java:S3776,Refactor this method to reduce its Cognitive Complexity from 28 to the 15 allowed.,OPEN,18min
CRITICAL,CODE_SMELL,batch-orchestrator/src/main/java/io/github/pinpols/batch/orchestrator/infrastructure/scheduler/BatchDayOpenScheduler.java,184,java:S1192,"Define a constant instead of duplicating this literal ""BLOCKED_BY_UPSTREAM_CALENDAR:upstream="" 3 times.",OPEN,8min
CRITICAL,CODE_SMELL,batch-orchestrator/src/main/java/io/github/pinpols/batch/orchestrator/application/service/replay/BatchDayReplayService.java,199,java:S1192,"Define a constant instead of duplicating this literal ""error.batch_day_replay.invalid_argument"" 3 times.",OPEN,8min
CRITICAL,CODE_SMELL,batch-worker/export/src/main/java/io/github/pinpols/batch/worker/exports/infrastructure/ExportStepExecutionAdapter.java,124,java:S1192,"Define a constant instead of duplicating this literal ""objectName"" 3 times.",OPEN,8min
CRITICAL,CODE_SMELL,batch-console-api/src/main/java/io/github/pinpols/batch/console/application/rbac/ConsoleTenantApplicationService.java,199,java:S1192,"Define a constant instead of duplicating this literal ""tenant_id"" 3 times.",OPEN,8min
CRITICAL,CODE_SMELL,batch-orchestrator/src/main/java/io/github/pinpols/batch/orchestrator/service/CutoffScheduleResolver.java,77,java:S3776,Refactor this method to reduce its Cognitive Complexity from 26 to the 15 allowed.,OPEN,16min
CRITICAL,VULNERABILITY,batch-console-api/src/main/java/io/github/pinpols/batch/console/config/ConsoleSecurityConfiguration.java,108,java:S4502,Make sure disabling Spring Security's CSRF protection is safe here.,OPEN,5min
CRITICAL,CODE_SMELL,batch-console-api/src/main/java/io/github/pinpols/batch/console/domain/notification/web/response/ConsoleAlertRoutingResponse.java,56,java:S3252,"Use static access with ""io.github.pinpols.batch.console.support.web.ConsoleResponseFieldReader"" for ""stringValue"".",OPEN,5min
CRITICAL,CODE_SMELL,batch-orchestrator/src/main/java/io/github/pinpols/batch/orchestrator/infrastructure/scheduler/WaitingPartitionDispatchScheduler.java,84,java:S3776,Refactor this method to reduce its Cognitive Complexity from 27 to the 15 allowed.,OPEN,17min
CRITICAL,CODE_SMELL,batch-orchestrator/src/main/java/io/github/pinpols/batch/orchestrator/application/plan/DefaultSchedulePlanBuilder.java,181,java:S3776,Refactor this method to reduce its Cognitive Complexity from 16 to the 15 allowed.,OPEN,6min
CRITICAL,CODE_SMELL,batch-console-api/src/main/java/io/github/pinpols/batch/console/domain/notification/web/response/ConsoleNotificationChannelResponse.java,46,java:S3252,"Use static access with ""io.github.pinpols.batch.console.support.web.ConsoleResponseFieldReader"" for ""instantValue"".",OPEN,5min
CRITICAL,CODE_SMELL,batch-console-api/src/main/java/io/github/pinpols/batch/console/domain/job/web/response/ConsoleBatchWindowResponse.java,50,java:S3252,"Use static access with ""io.github.pinpols.batch.console.support.web.ConsoleResponseFieldReader"" for ""stringValue"".",OPEN,5min
CRITICAL,CODE_SMELL,batch-console-api/src/main/java/io/github/pinpols/batch/console/support/web/ConsoleApiExceptionHandler.java,291,java:S1452,Remove usage of generic wildcard type.,OPEN,20min
CRITICAL,CODE_SMELL,sdk/java/core/src/main/java/io/github/pinpols/batch/sdk/internal/PlatformHttpClient.java,63,java:S1192,"Define a constant instead of duplicating this literal ""/internal/tasks/"" 3 times.",OPEN,8min
CRITICAL,CODE_SMELL,batch-worker/import/src/main/java/io/github/pinpols/batch/worker/imports/stage/format/JsonFormatParser.java,28,java:S3776,Refactor this method to reduce its Cognitive Complexity from 40 to the 15 allowed.,OPEN,30min
CRITICAL,CODE_SMELL,batch-orchestrator/src/main/java/io/github/pinpols/batch/orchestrator/infrastructure/quota/DatabaseQuotaRuntimeStateService.java,237,java:S3776,Refactor this method to reduce its Cognitive Complexity from 22 to the 15 allowed.,OPEN,12min
CRITICAL,CODE_SMELL,batch-orchestrator/src/main/java/io/github/pinpols/batch/orchestrator/application/service/task/InstanceManagementApplicationService.java,34,java:S1192,"Define a constant instead of duplicating this literal ""READY"" 3 times.",OPEN,8min
CRITICAL,CODE_SMELL,batch-console-api/src/main/java/io/github/pinpols/batch/console/infrastructure/excel/ConfigPackageExcelValidator.java,411,java:S1192,Use already-defined constant 'COL_EXECUTION_MODE' instead of duplicating its value here.,OPEN,4min
CRITICAL,CODE_SMELL,batch-worker/export/src/main/java/io/github/pinpols/batch/worker/exports/plugin/ExportKeysetRangePlanner.java,61,java:S1192,"Define a constant instead of duplicating this literal ""partitionKeysetRange"" 3 times.",OPEN,8min
CRITICAL,CODE_SMELL,batch-worker/atomic/src/main/java/io/github/pinpols/batch/worker/atomic/shell/ShellTaskExecutor.java,339,java:S3776,Refactor this method to reduce its Cognitive Complexity from 16 to the 15 allowed.,OPEN,6min
CRITICAL,CODE_SMELL,batch-worker/process/src/main/java/io/github/pinpols/batch/worker/processes/sql/SqlTransformComputeSpec.java,180,java:S3776,Refactor this method to reduce its Cognitive Complexity from 17 to the 15 allowed.,OPEN,7min
CRITICAL,CODE_SMELL,batch-console-api/src/main/java/io/github/pinpols/batch/console/domain/job/web/response/ConsoleBatchWindowResponse.java,41,java:S3252,"Use static access with ""io.github.pinpols.batch.console.support.web.ConsoleResponseFieldReader"" for ""stringValue"".",OPEN,5min
CRITICAL,CODE_SMELL,batch-console-api/src/main/java/io/github/pinpols/batch/console/domain/notification/web/response/ConsoleAlertRoutingResponse.java,61,java:S3252,"Use static access with ""io.github.pinpols.batch.console.support.web.ConsoleResponseFieldReader"" for ""booleanValue"".",OPEN,5min
CRITICAL,CODE_SMELL,batch-console-api/src/main/java/io/github/pinpols/batch/console/domain/job/infrastructure/DefaultConsoleBatchWindowApplicationService.java,69,java:S1192,"Define a constant instead of duplicating this literal ""allow_cross_day"" 3 times.",OPEN,8min
CRITICAL,CODE_SMELL,batch-console-api/src/main/java/io/github/pinpols/batch/console/infrastructure/config/DefaultConsoleConfigSyncApplicationService.java,144,java:S1192,"Define a constant instead of duplicating this literal ""skippedItems"" 3 times.",OPEN,8min
CRITICAL,CODE_SMELL,batch-console-api/src/main/java/io/github/pinpols/batch/console/domain/job/infrastructure/DefaultConsoleBatchWindowApplicationService.java,71,java:S1192,"Define a constant instead of duplicating this literal ""description"" 3 times.",OPEN,8min
CRITICAL,CODE_SMELL,batch-console-api/src/main/java/io/github/pinpols/batch/console/domain/notification/service/SubscriptionRuleWebhookDispatcher.java,202,java:S1192,"Define a constant instead of duplicating this literal ""tenant_id"" 3 times.",OPEN,8min
CRITICAL,CODE_SMELL,batch-orchestrator/src/main/java/io/github/pinpols/batch/orchestrator/application/service/task/InstanceManagementApplicationService.java,50,java:S1192,"Define a constant instead of duplicating this literal ""job instance not found"" 4 times.",OPEN,10min
CRITICAL,CODE_SMELL,batch-console-api/src/main/java/io/github/pinpols/batch/console/application/ops/ConsoleOpsQueryService.java,345,java:S1192,"Define a constant instead of duplicating this literal ""tenant_id"" 3 times.",OPEN,8min
CRITICAL,CODE_SMELL,batch-worker/atomic/src/main/java/io/github/pinpols/batch/worker/atomic/runtime/AtomicRuntimeStatusService.java,95,java:S1192,"Define a constant instead of duplicating this literal ""unknown"" 3 times.",OPEN,8min
CRITICAL,CODE_SMELL,batch-worker/atomic/src/main/java/io/github/pinpols/batch/worker/atomic/http/HttpTaskExecutor.java,456,java:S3776,Refactor this method to reduce its Cognitive Complexity from 18 to the 15 allowed.,OPEN,8min
CRITICAL,CODE_SMELL,batch-orchestrator/src/main/java/io/github/pinpols/batch/orchestrator/infrastructure/file/FileGovernanceStorageMaintenance.java,161,java:S1192,"Define a constant instead of duplicating this literal ""ARCHIVED"" 5 times.",OPEN,12min
CRITICAL,CODE_SMELL,batch-console-api/src/main/java/io/github/pinpols/batch/console/domain/rbac/support/ConsoleJwtService.java,269,java:S1192,"Define a constant instead of duplicating this literal ""error.console_jwt.invalid"" 4 times.",OPEN,10min
CRITICAL,CODE_SMELL,batch-console-api/src/main/java/io/github/pinpols/batch/console/domain/notification/web/response/ConsoleNotificationDeliveryLogResponse.java,45,java:S3252,"Use static access with ""io.github.pinpols.batch.console.support.web.ConsoleResponseFieldReader"" for ""value"".",OPEN,5min
CRITICAL,CODE_SMELL,batch-worker/export/src/main/java/io/github/pinpols/batch/worker/exports/stage/RegisterStep.java,36,java:S1192,"Define a constant instead of duplicating this literal ""recordCount"" 3 times.",OPEN,8min
CRITICAL,CODE_SMELL,batch-console-api/src/main/java/io/github/pinpols/batch/console/infrastructure/excel/ConfigPackageExcelWorkbookWriter.java,601,java:S1192,"Define a constant instead of duplicating this literal ""query_param_schema"" 3 times.",OPEN,8min
CRITICAL,CODE_SMELL,batch-orchestrator/src/main/java/io/github/pinpols/batch/orchestrator/application/service/governance/DefaultCompensationService.java,441,java:S1192,"Define a constant instead of duplicating this literal ""commandNo"" 3 times.",OPEN,8min
CRITICAL,CODE_SMELL,batch-orchestrator/src/main/java/io/github/pinpols/batch/orchestrator/infrastructure/scheduler/BatchDaySettleScheduler.java,54,java:S1192,Use already-defined constant 'STATUS_SETTLING' instead of duplicating its value here.,OPEN,4min
MAJOR,CODE_SMELL,batch-console-api/src/main/java/io/github/pinpols/batch/console/shared/approval/OrchestratorApprovalClient.java,96,java:S6213,Rename this variable to not match a restricted identifier.,OPEN,5min
MAJOR,CODE_SMELL,batch-worker/import/src/main/java/io/github/pinpols/batch/worker/imports/runtime/ImportIngressScanner.java,604,java:S6213,Rename this variable to not match a restricted identifier.,OPEN,5min
MAJOR,CODE_SMELL,sdk/java/core/src/test/java/io/github/pinpols/batch/sdk/client/BatchPlatformClientBuilderTest.java,61,java:S5778,Refactor the code of the lambda to have only one invocation possibly throwing a runtime exception.,OPEN,5min
MAJOR,CODE_SMELL,batch-common/src/test/java/io/github/pinpols/batch/common/spi/task/BatchTaskExecutorRegistryTest.java,61,java:S5778,Refactor the code of the lambda to have only one invocation possibly throwing a runtime exception.,OPEN,5min
MAJOR,CODE_SMELL,batch-console-api/src/test/java/io/github/pinpols/batch/console/domain/workflow/infrastructure/DefaultConsoleWorkflowDefinitionApplicationServiceCreateUpdateValidationTest.java,87,java:S5778,Refactor the code of the lambda to have only one invocation possibly throwing a runtime exception.,OPEN,5min
MAJOR,CODE_SMELL,batch-worker/import/src/main/java/io/github/pinpols/batch/worker/imports/infrastructure/quality/TrailerControlRecord.java,,java:S4449,"Annotate the parameter with @javax.annotation.Nullable in method 'hasText' declaration, or make sure that null can not be passed as argument.",CLOSED,10min
MAJOR,BUG,batch-console-api/src/main/java/io/github/pinpols/batch/console/domain/audit/infrastructure/ai/DefaultConsoleAiApplicationService.java,,java:S2259,"A ""NullPointerException"" could be thrown; ""getResult()"" can return null.",CLOSED,10min
MAJOR,CODE_SMELL,batch-orchestrator/src/main/java/io/github/pinpols/batch/orchestrator/infrastructure/file/FileGovernanceStorageMaintenance.java,145,java:S1141,Extract this nested try block into a separate method.,OPEN,20min
MAJOR,CODE_SMELL,batch-common/src/main/java/io/github/pinpols/batch/common/utils/CorrelationIds.java,25,java:S2589,"Remove this expression which always evaluates to ""false""",OPEN,10min
MAJOR,CODE_SMELL,batch-worker/import/src/main/java/io/github/pinpols/batch/worker/imports/infrastructure/ImportRecordGovernanceService.java,326,java:S4449,"Annotate the parameter with @javax.annotation.Nullable in method 'maskPlainText' declaration, or make sure that null can not be passed as argument.",OPEN,10min
MAJOR,CODE_SMELL,sdk/java/core/src/main/java/io/github/pinpols/batch/sdk/handler/typed/SdkAbstractTypedExportHandler.java,77,java:S1172,"Remove these unused method parameters ""input"", ""counts"".",OPEN,5min
MAJOR,CODE_SMELL,batch-console-api/src/main/java/io/github/pinpols/batch/console/support/web/ConsoleResponseFieldReader.java,144,java:S3358,Extract this nested ternary operation into an independent statement.,OPEN,5min
MAJOR,CODE_SMELL,batch-worker/core/src/main/java/io/github/pinpols/batch/worker/core/support/PipelineStepFlowSupport.java,74,java:S4449,"Annotate the parameter with @javax.annotation.Nullable in method 'hasText' declaration, or make sure that null can not be passed as argument.",OPEN,10min
MAJOR,CODE_SMELL,batch-worker/export/src/main/java/io/github/pinpols/batch/worker/exports/stage/StoreStep.java,202,java:S112,Replace generic exceptions with specific library exceptions or a custom exception.,OPEN,20min
MAJOR,BUG,batch-worker/dispatch/src/main/java/io/github/pinpols/batch/worker/dispatchs/infrastructure/channel/DispatchManifestSupport.java,99,java:S6218,"Override equals, hashCode and toString to consider array's content in the method",OPEN,5min
MAJOR,CODE_SMELL,batch-worker/export/src/test/java/io/github/pinpols/batch/worker/exports/sql/SqlTemplateExportSqlValidatorTest.java,61,java:S5778,Refactor the code of the lambda to have only one invocation possibly throwing a runtime exception.,OPEN,5min
MAJOR,CODE_SMELL,batch-orchestrator/src/main/java/io/github/pinpols/batch/orchestrator/application/plan/DefaultSchedulePlanBuilder.java,216,java:S6885,"Use ""Math.clamp"" instead of ""Math.min"" or ""Math.max"".",OPEN,5min
MAJOR,CODE_SMELL,batch-orchestrator/src/main/java/io/github/pinpols/batch/orchestrator/mapper/BatchDayInstanceMapper.java,37,java:S6213,Rename this variable to not match a restricted identifier.,OPEN,5min
MAJOR,CODE_SMELL,batch-orchestrator/src/main/java/io/github/pinpols/batch/orchestrator/infrastructure/scheduler/WorkerCapabilityTagsAuditScheduler.java,130,java:S2589,"Remove this expression which always evaluates to ""false""",OPEN,10min
MAJOR,CODE_SMELL,batch-orchestrator/src/test/java/io/github/pinpols/batch/orchestrator/application/service/task/ChildJobLaunchSupportTest.java,141,java:S5778,Refactor the code of the lambda to have only one invocation possibly throwing a runtime exception.,OPEN,5min
MAJOR,VULNERABILITY,batch-orchestrator/src/main/java/io/github/pinpols/batch/orchestrator/infrastructure/admin/AdminTestDataCleanupRepository.java,106,java:S2077,Make sure using a dynamically formatted SQL query is safe here.,OPEN,20min
MAJOR,CODE_SMELL,batch-orchestrator/src/main/java/io/github/pinpols/batch/orchestrator/application/engine/DefaultScheduleForwarder.java,405,java:S6885,"Use ""Math.clamp"" instead of ""Math.min"" or ""Math.max"".",OPEN,5min
MAJOR,CODE_SMELL,batch-console-api/src/test/java/io/github/pinpols/batch/console/domain/audit/infrastructure/ai/DefaultConsoleAiApplicationServiceTest.java,398,java:S2925,"Remove this use of ""Thread.sleep()"".",OPEN,20min
MAJOR,CODE_SMELL,batch-worker/export/src/main/java/io/github/pinpols/batch/worker/exports/stage/format/DelimitedExportFormat.java,124,java:S112,Replace generic exceptions with specific library exceptions or a custom exception.,OPEN,20min
MAJOR,BUG,batch-worker/import/src/main/java/io/github/pinpols/batch/worker/imports/infrastructure/quality/TrailerControlRecord.java,,java:S2259,"A ""NullPointerException"" could be thrown; ""raw"" is nullable here.",CLOSED,10min
MAJOR,CODE_SMELL,batch-console-api/src/test/java/io/github/pinpols/batch/console/shared/approval/OrchestratorApprovalClientTest.java,147,java:S5778,Refactor the code of the lambda to have only one invocation possibly throwing a runtime exception.,OPEN,5min
MAJOR,CODE_SMELL,batch-worker/import/src/main/java/io/github/pinpols/batch/worker/imports/preprocess/ImportPreprocessPipeline.java,151,java:S6916,"Replace this ""if"" statement with a pattern match guard.",OPEN,5min
MAJOR,CODE_SMELL,batch-worker/import/src/main/java/io/github/pinpols/batch/worker/imports/stage/format/FormatParser.java,15,java:S112,Replace generic exceptions with specific library exceptions or a custom exception.,OPEN,20min
MAJOR,CODE_SMELL,batch-worker/atomic/src/main/java/io/github/pinpols/batch/worker/atomic/storedproc/StoredProcTaskExecutor.java,344,java:S1172,"Remove this unused method parameter ""ctx"".",OPEN,5min
MAJOR,CODE_SMELL,batch-orchestrator/src/main/java/io/github/pinpols/batch/orchestrator/application/service/workflow/WorkflowGraphValidator.java,583,java:S4449,"Annotate the parameter with @javax.annotation.Nullable in method 'hasText' declaration, or make sure that null can not be passed as argument.",OPEN,10min
MAJOR,VULNERABILITY,batch-worker/atomic/src/main/java/io/github/pinpols/batch/worker/atomic/storedproc/StoredProcTaskExecutor.java,,java:S2077,Make sure using a dynamically formatted SQL query is safe here.,CLOSED,20min
MAJOR,CODE_SMELL,batch-console-api/src/test/java/io/github/pinpols/batch/console/domain/notification/infrastructure/DefaultConsoleNotificationApplicationServiceTest.java,283,java:S5778,Refactor the code of the lambda to have only one invocation possibly throwing a runtime exception.,OPEN,5min
MAJOR,CODE_SMELL,batch-orchestrator/src/test/java/io/github/pinpols/batch/orchestrator/integration/OrchestratorConfigCacheServiceIntegrationTest.java,83,java:S6213,Rename this variable to not match a restricted identifier.,OPEN,5min
MAJOR,CODE_SMELL,batch-orchestrator/src/main/java/io/github/pinpols/batch/orchestrator/application/service/workflow/DefaultWorkflowDagService.java,124,java:S6485,Replace this call to the constructor with the better suited static method HashMap.newHashMap(int numMappings),OPEN,5min
MAJOR,CODE_SMELL,batch-common/src/main/java/io/github/pinpols/batch/common/persistence/mybatis/AuditFieldsInterceptor.java,150,java:S3011,This accessibility bypass should be removed.,OPEN,30min
MAJOR,CODE_SMELL,batch-orchestrator/src/main/java/io/github/pinpols/batch/orchestrator/mapper/DisasterDayOverrideMapper.java,11,java:S6213,Rename this variable to not match a restricted identifier.,OPEN,5min
MAJOR,CODE_SMELL,batch-console-api/src/main/java/io/github/pinpols/batch/console/domain/rbac/support/captcha/AliyunCaptchaVerifier.java,120,java:S112,Replace generic exceptions with specific library exceptions or a custom exception.,OPEN,20min
MAJOR,CODE_SMELL,batch-console-api/src/main/java/io/github/pinpols/batch/console/support/web/ConsoleResponseFieldReader.java,136,java:S1168,Return an empty map instead of null.,OPEN,30min
MAJOR,BUG,batch-console-api/src/main/java/io/github/pinpols/batch/console/support/cache/ConsoleQueryCacheService.java,182,java:S2583,"Change this condition so that it does not always evaluate to ""false""",OPEN,15min
MAJOR,VULNERABILITY,batch-worker/export/src/main/java/io/github/pinpols/batch/worker/exports/plugin/GenericJdbcMappedExportDataPlugin.java,203,java:S2077,Make sure using a dynamically formatted SQL query is safe here.,OPEN,20min
MAJOR,CODE_SMELL,batch-worker/core/src/test/java/io/github/pinpols/batch/worker/core/infrastructure/DefaultTaskExecutionWrapperTest.java,355,java:S2925,"Remove this use of ""Thread.sleep()"".",OPEN,20min
MAJOR,CODE_SMELL,batch-console-api/src/test/java/io/github/pinpols/batch/console/domain/ops/service/ConsoleAtomicTaskConfigServiceTest.java,78,java:S5778,Refactor the code of the lambda to have only one invocation possibly throwing a runtime exception.,OPEN,5min
MAJOR,VULNERABILITY,batch-worker/import/src/main/java/io/github/pinpols/batch/worker/imports/plugin/GenericJdbcMappedImportLoadPlugin.java,203,java:S2077,Make sure using a dynamically formatted SQL query is safe here.,OPEN,20min
MAJOR,CODE_SMELL,batch-worker/import/src/main/java/io/github/pinpols/batch/worker/imports/preprocess/ImportPreprocessPipeline.java,458,java:S4449,"Annotate the parameter with @javax.annotation.Nullable in method 'hasText' declaration, or make sure that null can not be passed as argument.",OPEN,10min
MAJOR,CODE_SMELL,batch-console-api/src/main/java/io/github/pinpols/batch/console/domain/rbac/support/ConsoleTenantGuard.java,121,java:S3358,Extract this nested ternary operation into an independent statement.,OPEN,5min
MAJOR,CODE_SMELL,batch-worker/dispatch/src/test/java/io/github/pinpols/batch/worker/dispatchs/infrastructure/channel/DispatchChannelCircuitBreakerTest.java,126,java:S2925,"Remove this use of ""Thread.sleep()"".",OPEN,20min
MAJOR,CODE_SMELL,batch-trigger/src/test/java/io/github/pinpols/batch/trigger/integration/TriggerMisfirePendingMapperIntegrationTest.java,70,java:S5778,Refactor the code of the lambda to have only one invocation possibly throwing a runtime exception.,OPEN,5min
MAJOR,CODE_SMELL,batch-orchestrator/src/main/java/io/github/pinpols/batch/orchestrator/application/service/workflow/WorkflowConditionEvaluator.java,244,java:S127,Refactor the code in order to not assign to this loop counter from within the loop body.,OPEN,10min
MAJOR,BUG,batch-worker/export/src/main/java/io/github/pinpols/batch/worker/exports/plugin/GenericJdbcMappedExportDataPlugin.java,140,java:S6218,"Override equals, hashCode and toString to consider array's content in the method",OPEN,5min
MAJOR,CODE_SMELL,batch-common/src/main/java/io/github/pinpols/batch/common/logging/SwallowedExceptionLogger.java,29,java:S2629,Invoke method(s) only conditionally.,OPEN,5min
MAJOR,CODE_SMELL,batch-console-api/src/main/java/io/github/pinpols/batch/console/domain/job/web/ConsoleDryRunPlanController.java,57,java:S125,This block of commented-out lines of code should be removed.,OPEN,5min
MAJOR,CODE_SMELL,sdk/java/core/src/main/java/io/github/pinpols/batch/sdk/handler/typed/SdkAbstractTypedExportHandler.java,72,java:S1172,"Remove these unused method parameters ""input"", ""lastRow"".",OPEN,5min
MAJOR,CODE_SMELL,batch-orchestrator/src/test/java/io/github/pinpols/batch/orchestrator/integration/ShedLockConfigurationIntegrationTest.java,94,java:S2925,"Remove this use of ""Thread.sleep()"".",OPEN,20min
MAJOR,CODE_SMELL,batch-worker/export/src/test/java/io/github/pinpols/batch/worker/exports/sql/SqlTemplateExportSqlValidatorTest.java,154,java:S5778,Refactor the code of the lambda to have only one invocation possibly throwing a runtime exception.,OPEN,5min
MAJOR,CODE_SMELL,batch-worker/dispatch/src/test/java/io/github/pinpols/batch/worker/dispatchs/infrastructure/channel/DispatchChannelGatewayTest.java,169,java:S2925,"Remove this use of ""Thread.sleep()"".",OPEN,20min
MAJOR,CODE_SMELL,batch-console-api/src/test/java/io/github/pinpols/batch/console/domain/observability/realtime/ConsoleOpsSummaryRealtimeStreamTest.java,95,java:S2925,"Remove this use of ""Thread.sleep()"".",OPEN,20min
MAJOR,CODE_SMELL,batch-worker/atomic/src/test/java/io/github/pinpols/batch/worker/atomic/shell/ShellTaskExecutorTest.java,195,java:S2925,"Remove this use of ""Thread.sleep()"".",OPEN,20min
MAJOR,CODE_SMELL,batch-orchestrator/src/main/java/io/github/pinpols/batch/orchestrator/infrastructure/scheduler/DefaultResourceScheduler.java,351,java:S6885,"Use ""Math.clamp"" instead of ""Math.min"" or ""Math.max"".",OPEN,5min
MAJOR,CODE_SMELL,batch-common/src/test/java/io/github/pinpols/batch/common/resilience/DownstreamFallbackTest.java,183,java:S2925,"Remove this use of ""Thread.sleep()"".",OPEN,20min
MAJOR,BUG,batch-orchestrator/src/main/java/io/github/pinpols/batch/orchestrator/infrastructure/file/BundleArrivalLauncher.java,243,java:S2583,"Change this condition so that it does not always evaluate to ""false""",OPEN,15min
MAJOR,CODE_SMELL,batch-worker/dispatch/src/main/java/io/github/pinpols/batch/worker/dispatchs/infrastructure/channel/RemoteFilesystemDispatchSupport.java,647,java:S4449,"Annotate the parameter with @javax.annotation.Nullable in method 'hasText' declaration, or make sure that null can not be passed as argument.",OPEN,10min
MAJOR,CODE_SMELL,batch-console-api/src/main/java/io/github/pinpols/batch/console/domain/notification/service/TencentSmsProvider.java,311,java:S112,Replace generic exceptions with specific library exceptions or a custom exception.,OPEN,20min
MAJOR,CODE_SMELL,batch-worker/export/src/test/java/io/github/pinpols/batch/worker/exports/plugin/ExportDataPluginRegistryTest.java,62,java:S5778,Refactor the code of the lambda to have only one invocation possibly throwing a runtime exception.,OPEN,5min
MAJOR,CODE_SMELL,batch-orchestrator/src/main/java/io/github/pinpols/batch/orchestrator/application/service/workflow/WorkflowNodePayloadBuilder.java,351,java:S1168,Return an empty map instead of null.,OPEN,30min
MAJOR,CODE_SMELL,batch-common/src/test/java/io/github/pinpols/batch/common/storage/FilesystemObjectStoreTest.java,236,java:S5778,Refactor the code of the lambda to have only one invocation possibly throwing a runtime exception.,OPEN,5min
MAJOR,CODE_SMELL,batch-worker/dispatch/src/main/java/io/github/pinpols/batch/worker/dispatchs/infrastructure/channel/RemoteFilesystemDispatchSupport.java,417,java:S4449,"Annotate the parameter with @javax.annotation.Nullable in method 'hasText' declaration, or make sure that null can not be passed as argument.",OPEN,10min
MAJOR,CODE_SMELL,batch-common/src/main/java/io/github/pinpols/batch/common/config/BatchPgSessionAutoConfiguration.java,26,java:S1118,Add a private constructor to hide the implicit public one.,OPEN,5min
MAJOR,CODE_SMELL,batch-orchestrator/src/test/java/io/github/pinpols/batch/orchestrator/application/service/workflow/DefaultWorkflowNodeDispatchServiceTest.java,326,java:S5778,Refactor the code of the lambda to have only one invocation possibly throwing a runtime exception.,OPEN,5min
MAJOR,CODE_SMELL,sdk/java/core/src/main/java/io/github/pinpols/batch/sdk/handler/SdkAbstractExportHandler.java,36,java:S112,Replace generic exceptions with specific library exceptions or a custom exception.,OPEN,20min
MAJOR,CODE_SMELL,batch-worker/process/src/test/java/io/github/pinpols/batch/worker/processes/stage/DefaultProcessStageExecutorTest.java,339,java:S5778,Refactor the code of the lambda to have only one invocation possibly throwing a runtime exception.,OPEN,5min
MAJOR,CODE_SMELL,sdk/java/core/src/test/java/io/github/pinpols/batch/sdk/idempotent/SdkIdempotentHandlerTest.java,305,java:S5778,Refactor the code of the lambda to have only one invocation possibly throwing a runtime exception.,OPEN,5min
MAJOR,CODE_SMELL,batch-console-api/src/main/java/io/github/pinpols/batch/console/application/ops/ConsoleClusterDiagnosticService.java,154,java:S6204,Replace this usage of 'Stream.collect(Collectors.toList())' with 'Stream.toList()' and ensure that the list is unmodified.,OPEN,5min
MAJOR,CODE_SMELL,batch-orchestrator/src/test/java/io/github/pinpols/batch/orchestrator/integration/OrchestratorConfigCacheServiceIntegrationTest.java,67,java:S6213,Rename this variable to not match a restricted identifier.,OPEN,5min
MAJOR,CODE_SMELL,batch-orchestrator/src/main/java/io/github/pinpols/batch/orchestrator/mapper/BatchDayReplayEntryMapper.java,14,java:S6213,Rename this variable to not match a restricted identifier.,OPEN,5min
MAJOR,CODE_SMELL,batch-orchestrator/src/test/java/io/github/pinpols/batch/orchestrator/application/service/replay/BatchDayReplayServiceTest.java,207,java:S5778,Refactor the code of the lambda to have only one invocation possibly throwing a runtime exception.,OPEN,5min
MAJOR,CODE_SMELL,batch-worker/dispatch/src/main/java/io/github/pinpols/batch/worker/dispatchs/infrastructure/DispatchFileContentResolver.java,37,java:S112,Replace generic exceptions with specific library exceptions or a custom exception.,OPEN,20min
MAJOR,CODE_SMELL,sdk/java/core/src/test/java/io/github/pinpols/batch/sdk/idempotent/SdkIdempotentHandlerTest.java,320,java:S5778,Refactor the code of the lambda to have only one invocation possibly throwing a runtime exception.,OPEN,5min
MAJOR,CODE_SMELL,batch-orchestrator/src/main/java/io/github/pinpols/batch/orchestrator/infrastructure/scheduler/WaitingPartitionDispatchScheduler.java,344,java:S3358,Extract this nested ternary operation into an independent statement.,OPEN,5min
MAJOR,CODE_SMELL,batch-orchestrator/src/main/java/io/github/pinpols/batch/orchestrator/application/engine/DefaultScheduleForwarder.java,404,java:S6885,"Use ""Math.clamp"" instead of ""Math.min"" or ""Math.max"".",OPEN,5min
MAJOR,CODE_SMELL,batch-console-api/src/test/java/io/github/pinpols/batch/console/infrastructure/config/DefaultConsoleConfigApplicationServiceTest.java,423,java:S125,This block of commented-out lines of code should be removed.,OPEN,5min
MAJOR,CODE_SMELL,batch-worker/import/src/main/java/io/github/pinpols/batch/worker/imports/stage/format/ExcelFormatParser.java,268,java:S4449,"Annotate the parameter with @javax.annotation.Nullable in method 'hasText' declaration, or make sure that null can not be passed as argument.",OPEN,10min
MAJOR,CODE_SMELL,batch-console-api/src/test/java/io/github/pinpols/batch/console/domain/ops/web/ConsoleForensicControllerTest.java,65,java:S125,This block of commented-out lines of code should be removed.,OPEN,5min
MAJOR,CODE_SMELL,batch-console-api/src/main/java/io/github/pinpols/batch/console/domain/notification/service/AliyunSmsProvider.java,284,java:S112,Replace generic exceptions with specific library exceptions or a custom exception.,OPEN,20min
MAJOR,CODE_SMELL,sdk/java/core/src/main/java/io/github/pinpols/batch/sdk/dispatcher/TaskDispatcher.java,194,java:S6485,Replace this call to the constructor with the better suited static method HashMap.newHashMap(int numMappings),OPEN,5min
MAJOR,CODE_SMELL,batch-console-api/src/main/java/io/github/pinpols/batch/console/domain/workflow/infrastructure/excel/WorkflowExcelKeys.java,30,java:S6878,Use the record pattern instead of this pattern match variable.,OPEN,5min
MAJOR,CODE_SMELL,batch-console-api/src/test/java/io/github/pinpols/batch/console/infrastructure/config/DefaultConsoleConfigApplicationServiceTest.java,435,java:S125,This block of commented-out lines of code should be removed.,OPEN,5min
MAJOR,CODE_SMELL,batch-orchestrator/src/test/java/io/github/pinpols/batch/orchestrator/application/service/sensor/SensorPolicyRegistryTest.java,27,java:S5778,Refactor the code of the lambda to have only one invocation possibly throwing a runtime exception.,OPEN,5min
MAJOR,BUG,batch-worker/import/src/main/java/io/github/pinpols/batch/worker/imports/stage/PreprocessStep.java,,java:S2259,"""NullPointerException"" will be thrown when invoking method ""isBinaryImportFormat()"".",CLOSED,10min
MAJOR,BUG,batch-common/src/main/java/io/github/pinpols/batch/common/utils/CodeNormalizer.java,95,java:S2583,"Change this condition so that it does not always evaluate to ""false""",OPEN,15min
MAJOR,VULNERABILITY,batch-worker/export/src/main/java/io/github/pinpols/batch/worker/exports/plugin/GenericJdbcMappedExportDataPlugin.java,73,java:S2077,Make sure using a dynamically formatted SQL query is safe here.,OPEN,20min
MAJOR,CODE_SMELL,batch-orchestrator/src/main/java/io/github/pinpols/batch/orchestrator/infrastructure/lineage/OpenLineageEmitter.java,307,java:S6213,Rename this method to not match a restricted identifier.,OPEN,5min
MAJOR,CODE_SMELL,batch-common/src/main/java/io/github/pinpols/batch/common/utils/ContentMaskingUtils.java,23,java:S5869,Remove duplicates in this character class.,OPEN,5min
MAJOR,CODE_SMELL,batch-worker/core/src/main/java/io/github/pinpols/batch/worker/core/support/AbstractPipelineStepExecutionAdapter.java,320,java:S4449,"Annotate the parameter with @javax.annotation.Nullable in method 'hasText' declaration, or make sure that null can not be passed as argument.",OPEN,10min
MAJOR,CODE_SMELL,sdk/java/core/src/main/java/io/github/pinpols/batch/sdk/handler/SdkAbstractImportHandler.java,27,java:S112,Replace generic exceptions with specific library exceptions or a custom exception.,OPEN,20min
MAJOR,CODE_SMELL,batch-orchestrator/src/main/java/io/github/pinpols/batch/orchestrator/application/service/governance/DefaultRetryGovernanceService.java,81,java:S6813,Remove this field injection and use constructor injection instead.,OPEN,5min
MAJOR,BUG,batch-worker/import/src/main/java/io/github/pinpols/batch/worker/imports/preprocess/ImportPreprocessPipeline.java,139,java:S2259,"A ""NullPointerException"" could be thrown; ""type"" is nullable here.",OPEN,10min
MAJOR,CODE_SMELL,batch-worker/dispatch/src/main/java/io/github/pinpols/batch/worker/dispatchs/infrastructure/verifier/DispatchReceiptPresentVerifier.java,39,java:S4449,"Annotate the parameter with @javax.annotation.Nullable in method 'hasText' declaration, or make sure that null can not be passed as argument.",OPEN,10min
MAJOR,VULNERABILITY,batch-orchestrator/src/main/java/io/github/pinpols/batch/orchestrator/infrastructure/admin/AdminTestDataCleanupRepository.java,85,java:S2077,Make sure using a dynamically formatted SQL query is safe here.,OPEN,20min
MAJOR,CODE_SMELL,sdk/java/core/src/test/java/io/github/pinpols/batch/sdk/dispatcher/KafkaConsumerCloseJoinTest.java,94,java:S2925,"Remove this use of ""Thread.sleep()"".",OPEN,20min
MAJOR,CODE_SMELL,sdk/java/core/src/test/java/io/github/pinpols/batch/sdk/dispatcher/TaskDispatcherAutoWrapTest.java,251,java:S6213,Rename this method to not match a restricted identifier.,OPEN,5min
MAJOR,BUG,batch-console-api/src/main/java/io/github/pinpols/batch/console/domain/notification/service/WebhookDeliverySupport.java,77,java:S2583,"Change this condition so that it does not always evaluate to ""false""",OPEN,15min
MAJOR,BUG,batch-console-api/src/main/java/io/github/pinpols/batch/console/infrastructure/excel/ConfigPackageExcelValidator.java,1466,java:S2583,"Change this condition so that it does not always evaluate to ""false""",OPEN,15min
MAJOR,CODE_SMELL,batch-worker/import/src/main/java/io/github/pinpols/batch/worker/imports/stage/PreprocessStep.java,764,java:S8491,Remove or merge the dangling Javadoc comment(s).,OPEN,5min
MAJOR,CODE_SMELL,batch-console-api/src/main/java/io/github/pinpols/batch/console/infrastructure/config/DefaultConsoleConfigSyncApplicationService.java,124,java:S6885,"Use ""Math.clamp"" instead of ""Math.min"" or ""Math.max"".",OPEN,5min
MAJOR,BUG,batch-worker/import/src/main/java/io/github/pinpols/batch/worker/imports/stage/FeedbackStep.java,,java:S2259,"A ""NullPointerException"" could be thrown; ""context"" is nullable here.",CLOSED,10min
MAJOR,CODE_SMELL,batch-worker/import/src/main/java/io/github/pinpols/batch/worker/imports/preprocess/ImportPreprocessPipeline.java,156,java:S6916,"Replace this ""if"" statement with a pattern match guard.",OPEN,5min
MAJOR,VULNERABILITY,batch-orchestrator/src/main/java/io/github/pinpols/batch/orchestrator/infrastructure/admin/AdminTestDataCleanupRepository.java,69,java:S2077,Make sure using a dynamically formatted SQL query is safe here.,OPEN,20min
MAJOR,CODE_SMELL,sdk/java/core/src/main/java/io/github/pinpols/batch/sdk/handler/typed/SdkAbstractTypedProcessHandler.java,60,java:S1172,"Remove these unused method parameters ""input"", ""batch"".",OPEN,5min
MAJOR,CODE_SMELL,batch-console-api/src/main/java/io/github/pinpols/batch/console/domain/rbac/support/ConsoleAuthenticationFilter.java,122,java:S4449,"Annotate the parameter with @javax.annotation.Nullable in method 'hasText' declaration, or make sure that null can not be passed as argument.",OPEN,10min
MAJOR,CODE_SMELL,batch-worker/export/src/main/java/io/github/pinpols/batch/worker/exports/stage/GenerateStep.java,266,java:S1172,"Remove this unused method parameter ""exportPayload"".",OPEN,5min
MAJOR,CODE_SMELL,sdk/java/core/src/test/java/io/github/pinpols/batch/sdk/client/BatchPlatformClientBuilderTest.java,50,java:S5778,Refactor the code of the lambda to have only one invocation possibly throwing a runtime exception.,OPEN,5min
MAJOR,CODE_SMELL,batch-orchestrator/src/main/java/io/github/pinpols/batch/orchestrator/application/service/workflow/WorkflowGraphValidator.java,594,java:S4449,"Annotate the parameter with @javax.annotation.Nullable in method 'hasText' declaration, or make sure that null can not be passed as argument.",OPEN,10min
MAJOR,BUG,batch-console-api/src/main/java/io/github/pinpols/batch/console/domain/notification/service/DingTalkNotificationSender.java,194,java:S2583,"Change this condition so that it does not always evaluate to ""false""",OPEN,15min
MAJOR,CODE_SMELL,batch-console-api/src/test/java/io/github/pinpols/batch/console/service/ConsoleArchivePolicyServiceTest.java,69,java:S5976,Replace these 3 tests with a single Parameterized one.,OPEN,10min
MAJOR,CODE_SMELL,batch-worker/export/src/main/java/io/github/pinpols/batch/worker/exports/stage/StoreStep.java,285,java:S112,Replace generic exceptions with specific library exceptions or a custom exception.,OPEN,20min
MAJOR,CODE_SMELL,batch-worker/core/src/main/java/io/github/pinpols/batch/worker/core/domain/TaskExecutionReport.java,37,java:S8491,Remove or merge the dangling Javadoc comment(s).,OPEN,5min
MAJOR,CODE_SMELL,batch-common/src/main/java/io/github/pinpols/batch/common/storage/FilesystemObjectStore.java,106,java:S1141,Extract this nested try block into a separate method.,OPEN,20min
MAJOR,CODE_SMELL,batch-console-api/src/main/java/io/github/pinpols/batch/console/shared/approval/OrchestratorApprovalClient.java,96,java:S4449,"Annotate the parameter with @javax.annotation.Nullable in method 'requireFound' declaration, or make sure that null can not be passed as argument.",OPEN,10min
MAJOR,CODE_SMELL,batch-console-api/src/main/java/io/github/pinpols/batch/console/domain/file/infrastructure/DefaultConsoleFileApplicationService.java,225,java:S4449,"Annotate the parameter with @javax.annotation.Nullable in method 'hasText' declaration, or make sure that null can not be passed as argument.",OPEN,10min
MAJOR,CODE_SMELL,batch-orchestrator/src/test/java/io/github/pinpols/batch/orchestrator/integration/JobLaunchToFinishLifecycleIntegrationTest.java,205,java:S2925,"Remove this use of ""Thread.sleep()"".",OPEN,20min
MAJOR,CODE_SMELL,batch-console-api/src/main/java/io/github/pinpols/batch/console/domain/notification/service/WebhookDeliveryRelay.java,248,java:S1181,Catch Exception instead of Throwable.,OPEN,20min
MAJOR,BUG,batch-common/src/main/java/io/github/pinpols/batch/common/utils/PostgresqlJsonbTexts.java,19,java:S2583,"Change this condition so that it does not always evaluate to ""false""",OPEN,15min
MAJOR,CODE_SMELL,batch-console-api/src/test/java/io/github/pinpols/batch/console/integration/TelemetryWritePathIntegrationTest.java,144,java:S3415,Replace this literal with the actual expression you want to assert.,OPEN,2min
MAJOR,CODE_SMELL,batch-worker/import/src/test/java/io/github/pinpols/batch/worker/imports/jdbc/JdbcMappedImportSpecTest.java,142,java:S5778,Refactor the code of the lambda to have only one invocation possibly throwing a runtime exception.,OPEN,5min
MAJOR,CODE_SMELL,batch-console-api/src/test/java/io/github/pinpols/batch/console/domain/rbac/service/ConsoleApiKeyServiceTest.java,106,java:S5778,Refactor the code of the lambda to have only one invocation possibly throwing a runtime exception.,OPEN,5min
MAJOR,BUG,batch-worker/import/src/main/java/io/github/pinpols/batch/worker/imports/stage/LoadStep.java,193,java:S2677,"Use or store the value returned from ""readLine"" instead of throwing it away.",OPEN,5min
MAJOR,CODE_SMELL,sdk/java/core/src/main/java/io/github/pinpols/batch/sdk/handler/SdkAbstractTaskHandler.java,61,java:S1181,Catch Exception instead of Throwable.,OPEN,20min
MAJOR,CODE_SMELL,batch-common/src/main/java/io/github/pinpols/batch/common/web/AbstractApiExceptionHandler.java,51,java:S2629,Invoke method(s) only conditionally.,OPEN,5min
MAJOR,CODE_SMELL,sdk/java/core/src/main/java/io/github/pinpols/batch/sdk/handler/atomic/HttpAtomicHandler.java,112,java:S112,Replace generic exceptions with specific library exceptions or a custom exception.,OPEN,20min
MAJOR,CODE_SMELL,batch-orchestrator/src/test/java/io/github/pinpols/batch/orchestrator/application/service/readiness/ReadinessServiceTest.java,104,java:S4144,"Update this method so that its implementation is not identical to ""shouldNotBeReady_whenRerunNotEffective"" on line 89.",OPEN,15min
MAJOR,CODE_SMELL,batch-worker/export/src/main/java/io/github/pinpols/batch/worker/exports/stage/RegisterStep.java,98,java:S4449,"Annotate the parameter with @javax.annotation.Nullable in method 'hasText' declaration, or make sure that null can not be passed as argument.",OPEN,10min
MAJOR,BUG,batch-console-api/src/main/java/io/github/pinpols/batch/console/domain/notification/service/WeComNotificationSender.java,168,java:S2583,"Change this condition so that it does not always evaluate to ""false""",OPEN,15min
MAJOR,VULNERABILITY,batch-orchestrator/src/main/java/io/github/pinpols/batch/orchestrator/infrastructure/admin/AdminTestDataCleanupRepository.java,92,java:S2077,Make sure using a dynamically formatted SQL query is safe here.,OPEN,20min
MAJOR,BUG,batch-common/src/main/java/io/github/pinpols/batch/common/utils/Guard.java,79,java:S2583,"Change this condition so that it does not always evaluate to ""false""",OPEN,15min
MAJOR,CODE_SMELL,batch-common/src/test/java/io/github/pinpols/batch/common/tenant/routing/DbTablePlacementResolverTest.java,131,java:S5778,Refactor the code of the lambda to have only one invocation possibly throwing a runtime exception.,OPEN,5min
MAJOR,BUG,batch-common/src/main/java/io/github/pinpols/batch/common/utils/JsonUtils.java,91,java:S2583,"Change this condition so that it does not always evaluate to ""false""",OPEN,15min
MAJOR,CODE_SMELL,batch-console-api/src/main/java/io/github/pinpols/batch/console/domain/rbac/support/ConsoleJwtService.java,242,java:S2589,"Remove this expression which always evaluates to ""true""",OPEN,10min
MAJOR,CODE_SMELL,batch-worker/export/src/main/java/io/github/pinpols/batch/worker/exports/stage/DefaultExportStageExecutor.java,125,java:S125,This block of commented-out lines of code should be removed.,OPEN,5min
MAJOR,CODE_SMELL,sdk/java/core/src/main/java/io/github/pinpols/batch/sdk/idempotent/SdkIdempotencyStore.java,64,java:S6213,Rename this variable to not match a restricted identifier.,OPEN,5min
MAJOR,CODE_SMELL,batch-console-api/src/main/java/io/github/pinpols/batch/console/domain/audit/support/AuditAspect.java,148,java:S6213,Rename this method to not match a restricted identifier.,OPEN,5min
MAJOR,CODE_SMELL,batch-orchestrator/src/main/java/io/github/pinpols/batch/orchestrator/infrastructure/scheduler/BatchDaySettleScheduler.java,204,java:S125,This block of commented-out lines of code should be removed.,OPEN,5min
MAJOR,CODE_SMELL,batch-console-api/src/main/java/io/github/pinpols/batch/console/domain/workflow/infrastructure/excel/WorkflowExcelKeys.java,58,java:S6878,Use the record pattern instead of this pattern match variable.,OPEN,5min
MAJOR,CODE_SMELL,batch-common/src/main/java/io/github/pinpols/batch/common/utils/AlertLabels.java,38,java:S2589,"Remove this expression which always evaluates to ""false""",OPEN,10min
MAJOR,CODE_SMELL,batch-worker/export/src/test/java/io/github/pinpols/batch/worker/exports/sql/SqlTemplateExportSqlValidatorTest.java,208,java:S5778,Refactor the code of the lambda to have only one invocation possibly throwing a runtime exception.,OPEN,5min
MAJOR,CODE_SMELL,batch-orchestrator/src/main/java/io/github/pinpols/batch/orchestrator/application/service/task/TaskOutcomeSummaryBuilder.java,211,java:S1168,Return an empty map instead of null.,OPEN,30min
MAJOR,CODE_SMELL,batch-common/src/main/java/io/github/pinpols/batch/common/storage/FilesystemObjectStore.java,187,java:S1141,Extract this nested try block into a separate method.,OPEN,20min
MAJOR,CODE_SMELL,batch-worker/export/src/main/java/io/github/pinpols/batch/worker/exports/stage/format/AbstractExportFormat.java,186,java:S112,Replace generic exceptions with specific library exceptions or a custom exception.,OPEN,20min
MAJOR,CODE_SMELL,batch-worker/import/src/main/java/io/github/pinpols/batch/worker/imports/infrastructure/quality/TrailerControlRecord.java,,java:S4449,"Annotate the parameter with @javax.annotation.Nullable in method 'hasText' declaration, or make sure that null can not be passed as argument.",CLOSED,10min
MAJOR,CODE_SMELL,batch-worker/export/src/test/java/io/github/pinpols/batch/worker/exports/sql/SqlTemplateExportSqlValidatorTest.java,38,java:S5778,Refactor the code of the lambda to have only one invocation possibly throwing a runtime exception.,OPEN,5min
MAJOR,CODE_SMELL,batch-worker/dispatch/src/main/java/io/github/pinpols/batch/worker/dispatchs/infrastructure/channel/RemoteFilesystemDispatchSupport.java,302,java:S4449,"Annotate the parameter with @javax.annotation.Nullable in method 'hasText' declaration, or make sure that null can not be passed as argument.",OPEN,10min
MAJOR,CODE_SMELL,batch-common/src/test/java/io/github/pinpols/batch/common/spi/task/BatchTaskExecutorRegistryTest.java,53,java:S5778,Refactor the code of the lambda to have only one invocation possibly throwing a runtime exception.,OPEN,5min
MAJOR,CODE_SMELL,batch-worker/import/src/main/java/io/github/pinpols/batch/worker/imports/stage/format/JsonFormatParser.java,51,java:S125,This block of commented-out lines of code should be removed.,OPEN,5min
MAJOR,CODE_SMELL,batch-orchestrator/src/main/java/io/github/pinpols/batch/orchestrator/application/engine/TaskDispatchOutboxService.java,114,java:S125,This block of commented-out lines of code should be removed.,OPEN,5min
MAJOR,CODE_SMELL,batch-orchestrator/src/test/java/io/github/pinpols/batch/orchestrator/application/service/workflow/WorkflowRunPauseResumeTest.java,91,java:S5778,Refactor the code of the lambda to have only one invocation possibly throwing a runtime exception.,OPEN,5min
MAJOR,CODE_SMELL,batch-console-api/src/test/java/io/github/pinpols/batch/console/domain/rbac/support/ConsoleJwtServiceTest.java,138,java:S5976,Replace these 3 tests with a single Parameterized one.,OPEN,10min
MAJOR,CODE_SMELL,batch-common/src/test/java/io/github/pinpols/batch/common/stateful/StatefulBackendGuardIntegrationTest.java,155,java:S5778,Refactor the code of the lambda to have only one invocation possibly throwing a runtime exception.,OPEN,5min
MAJOR,CODE_SMELL,batch-console-api/src/main/java/io/github/pinpols/batch/console/domain/file/infrastructure/DefaultConsoleFileChannelApplicationService.java,114,java:S3358,Extract this nested ternary operation into an independent statement.,OPEN,5min
MAJOR,CODE_SMELL,batch-worker/export/src/test/java/io/github/pinpols/batch/worker/exports/sql/SqlTemplateExportSqlValidatorTest.java,188,java:S5778,Refactor the code of the lambda to have only one invocation possibly throwing a runtime exception.,OPEN,5min
MAJOR,CODE_SMELL,batch-worker/dispatch/src/main/java/io/github/pinpols/batch/worker/dispatchs/infrastructure/channel/SmtpEmailDispatchChannelAdapter.java,240,java:S112,Replace generic exceptions with specific library exceptions or a custom exception.,OPEN,20min
MAJOR,CODE_SMELL,sdk/java/core/src/main/java/io/github/pinpols/batch/sdk/client/BatchPlatformClient.java,214,java:S6885,"Use ""Math.clamp"" instead of ""Math.min"" or ""Math.max"".",OPEN,5min
MAJOR,CODE_SMELL,batch-console-api/src/main/java/io/github/pinpols/batch/console/domain/rbac/support/ConsoleDefaultPasswordGuard.java,57,java:S6204,Replace this usage of 'Stream.collect(Collectors.toList())' with 'Stream.toList()' and ensure that the list is unmodified.,OPEN,5min
MAJOR,CODE_SMELL,batch-orchestrator/src/main/java/io/github/pinpols/batch/orchestrator/application/service/task/DefaultTaskOutcomeService.java,339,java:S125,This block of commented-out lines of code should be removed.,OPEN,5min
MAJOR,CODE_SMELL,batch-console-api/src/test/java/io/github/pinpols/batch/console/domain/audit/infrastructure/ai/DefaultConsoleAiApplicationServiceTest.java,237,java:S5778,Refactor the code of the lambda to have only one invocation possibly throwing a runtime exception.,OPEN,5min
MAJOR,CODE_SMELL,batch-orchestrator/src/main/java/io/github/pinpols/batch/orchestrator/mapper/CalendarDependencyMapper.java,10,java:S6213,Rename this variable to not match a restricted identifier.,OPEN,5min
MAJOR,CODE_SMELL,batch-worker/dispatch/src/main/java/io/github/pinpols/batch/worker/dispatchs/infrastructure/channel/RemoteFilesystemDispatchSupport.java,720,java:S4449,"Annotate the parameter with @javax.annotation.Nullable in method 'hasText' declaration, or make sure that null can not be passed as argument.",OPEN,10min
MAJOR,CODE_SMELL,batch-worker/import/src/main/java/io/github/pinpols/batch/worker/imports/preprocess/ImportPreprocessPipeline.java,458,java:S4449,"Annotate the parameter with @javax.annotation.Nullable in method 'hasText' declaration, or make sure that null can not be passed as argument.",OPEN,10min
MAJOR,CODE_SMELL,sdk/java/core/src/test/java/io/github/pinpols/batch/sdk/dispatcher/TaskDispatcherTenantMismatchTest.java,75,java:S2925,"Remove this use of ""Thread.sleep()"".",OPEN,20min
MAJOR,CODE_SMELL,batch-orchestrator/src/test/java/io/github/pinpols/batch/orchestrator/service/DefaultWorkerRegistryServiceTest.java,514,java:S5778,Refactor the code of the lambda to have only one invocation possibly throwing a runtime exception.,OPEN,5min
MAJOR,CODE_SMELL,batch-worker/dispatch/src/main/java/io/github/pinpols/batch/worker/dispatchs/infrastructure/channel/RemoteFilesystemDispatchSupport.java,114,java:S125,This block of commented-out lines of code should be removed.,OPEN,5min
MAJOR,CODE_SMELL,batch-orchestrator/src/main/java/io/github/pinpols/batch/orchestrator/application/service/dryrun/DryRunObjectStorageProbe.java,36,java:S4449,"Annotate the parameter with @javax.annotation.Nullable in method 'hasText' declaration, or make sure that null can not be passed as argument.",OPEN,10min
MAJOR,CODE_SMELL,batch-common/src/main/java/io/github/pinpols/batch/common/plugin/ImportLoadPlugin.java,13,java:S112,Replace generic exceptions with specific library exceptions or a custom exception.,OPEN,20min
MAJOR,CODE_SMELL,batch-worker/core/src/main/java/io/github/pinpols/batch/worker/core/infrastructure/HttpTaskExecutionClient.java,219,java:S4449,"Annotate the parameter with @javax.annotation.Nullable in method 'hasText' declaration, or make sure that null can not be passed as argument.",OPEN,10min
MAJOR,BUG,batch-worker/core/src/main/java/io/github/pinpols/batch/worker/core/support/AbstractTaskConsumer.java,658,java:S2259,"A ""NullPointerException"" could be thrown; ""subscribeProperties"" is nullable here.",OPEN,10min
MAJOR,CODE_SMELL,sdk/java/core/src/test/java/io/github/pinpols/batch/sdk/dispatcher/KafkaTaskConsumerCommitDecisionTest.java,182,java:S6213,Rename this method to not match a restricted identifier.,OPEN,5min
MAJOR,CODE_SMELL,batch-common/src/main/java/io/github/pinpols/batch/common/utils/EmptyChecks.java,47,java:S2589,"Remove this expression which always evaluates to ""false""",OPEN,10min
MAJOR,CODE_SMELL,sdk/java/core/src/main/java/io/github/pinpols/batch/sdk/handler/SdkAbstractDispatchHandler.java,29,java:S112,Replace generic exceptions with specific library exceptions or a custom exception.,OPEN,20min
MAJOR,BUG,batch-worker/import/src/main/java/io/github/pinpols/batch/worker/imports/preprocess/ImportPreprocessPipeline.java,387,java:S2259,"A ""NullPointerException"" could be thrown; ""expected"" is nullable here.",OPEN,10min
MAJOR,CODE_SMELL,batch-orchestrator/src/main/java/io/github/pinpols/batch/orchestrator/controller/ApprovalController.java,88,java:S6213,Rename this variable to not match a restricted identifier.,OPEN,5min
MAJOR,CODE_SMELL,batch-console-api/src/main/java/io/github/pinpols/batch/console/infrastructure/excel/ConfigPackageExcelValidator.java,1093,java:S2864,"Iterate over the ""entrySet"" instead of the ""keySet"".",OPEN,5min
MAJOR,CODE_SMELL,batch-orchestrator/src/main/java/io/github/pinpols/batch/orchestrator/application/service/workflow/DefaultWorkflowDagService.java,297,java:S6485,Replace this call to the constructor with the better suited static method HashMap.newHashMap(int numMappings),OPEN,5min
MAJOR,CODE_SMELL,sdk/java/core/src/main/java/io/github/pinpols/batch/sdk/handler/typed/SdkAbstractTypedRowStreamHandler.java,39,java:S1172,"Remove this unused method parameter ""input"".",OPEN,5min
MAJOR,CODE_SMELL,sdk/java/core/src/main/java/io/github/pinpols/batch/sdk/handler/typed/SdkAbstractTypedDispatchHandler.java,39,java:S112,Replace generic exceptions with specific library exceptions or a custom exception.,OPEN,20min
MAJOR,CODE_SMELL,batch-console-api/src/main/java/io/github/pinpols/batch/console/application/ops/ConsoleClusterDiagnosticService.java,84,java:S6204,Replace this usage of 'Stream.collect(Collectors.toList())' with 'Stream.toList()' and ensure that the list is unmodified.,OPEN,5min
MAJOR,CODE_SMELL,batch-console-api/src/test/java/io/github/pinpols/batch/console/domain/ops/service/ConsoleAtomicTaskConfigServiceTest.java,157,java:S5778,Refactor the code of the lambda to have only one invocation possibly throwing a runtime exception.,OPEN,5min
MAJOR,CODE_SMELL,batch-worker/dispatch/src/main/java/io/github/pinpols/batch/worker/dispatchs/infrastructure/channel/RemoteFilesystemDispatchSupport.java,689,java:S4449,"Annotate the parameter with @javax.annotation.Nullable in method 'hasText' declaration, or make sure that null can not be passed as argument.",OPEN,10min
MAJOR,CODE_SMELL,batch-common/src/main/java/io/github/pinpols/batch/common/logging/SwallowedExceptionLogger.java,24,java:S2629,Invoke method(s) only conditionally.,OPEN,5min
MAJOR,CODE_SMELL,batch-worker/dispatch/src/test/java/io/github/pinpols/batch/worker/dispatchs/integration/DispatchExternalChannelIntegrationTest.java,226,java:S2925,"Remove this use of ""Thread.sleep()"".",OPEN,20min
MAJOR,VULNERABILITY,batch-console-api/src/main/java/io/github/pinpols/batch/console/domain/rbac/support/ConsoleDefaultPasswordGuard.java,35,java:S2068,"'PASSWORD' detected in this expression, review this potentially hard-coded password.",OPEN,30min
MAJOR,CODE_SMELL,batch-worker/export/src/test/java/io/github/pinpols/batch/worker/exports/sql/SqlTemplateExportSqlValidatorTest.java,258,java:S5778,Refactor the code of the lambda to have only one invocation possibly throwing a runtime exception.,OPEN,5min
MAJOR,VULNERABILITY,batch-orchestrator/src/main/java/io/github/pinpols/batch/orchestrator/infrastructure/admin/AdminTestDataCleanupRepository.java,99,java:S2077,Make sure using a dynamically formatted SQL query is safe here.,OPEN,20min
MAJOR,CODE_SMELL,batch-common/src/test/java/io/github/pinpols/batch/common/diagnostics/BatchStartupFailureAnalyzerTest.java,13,java:S5976,Replace these 3 tests with a single Parameterized one.,OPEN,10min
MAJOR,CODE_SMELL,sdk/java/core/src/test/java/io/github/pinpols/batch/sdk/idempotent/SdkIdempotentHandlerTest.java,286,java:S6213,Rename this variable to not match a restricted identifier.,OPEN,5min
MAJOR,CODE_SMELL,batch-orchestrator/src/test/java/io/github/pinpols/batch/orchestrator/application/trigger/TriggerLaunchConsumerTest.java,208,java:S6213,Rename this method to not match a restricted identifier.,OPEN,5min
MAJOR,BUG,batch-common/src/main/java/io/github/pinpols/batch/common/utils/ConsoleTextSanitizer.java,33,java:S2583,"Change this condition so that it does not always evaluate to ""false""",OPEN,15min
MAJOR,CODE_SMELL,batch-console-api/src/main/java/io/github/pinpols/batch/console/domain/rbac/web/ConsoleAuthController.java,245,java:S6878,Use the record pattern instead of this pattern match variable.,OPEN,5min
MAJOR,CODE_SMELL,batch-worker/export/src/test/java/io/github/pinpols/batch/worker/exports/sql/SqlTemplateExportSqlValidatorTest.java,217,java:S5778,Refactor the code of the lambda to have only one invocation possibly throwing a runtime exception.,OPEN,5min
MAJOR,BUG,batch-orchestrator/src/main/java/io/github/pinpols/batch/orchestrator/application/service/version/ResultVersionWriter.java,229,java:S2583,"Change this condition so that it does not always evaluate to ""false""",OPEN,15min
MAJOR,CODE_SMELL,batch-worker/core/src/test/java/io/github/pinpols/batch/worker/core/infrastructure/DefaultTaskExecutionWrapperTest.java,394,java:S2925,"Remove this use of ""Thread.sleep()"".",OPEN,20min
MAJOR,BUG,batch-worker/import/src/main/java/io/github/pinpols/batch/worker/imports/stage/ParseStep.java,,java:S2259,"A ""NullPointerException"" could be thrown; ""expected"" is nullable here.",CLOSED,10min
MAJOR,CODE_SMELL,batch-orchestrator/src/test/java/io/github/pinpols/batch/orchestrator/application/archive/SuccessInstanceArchiveServiceTest.java,58,java:S5961,Refactor this method to reduce the number of assertions from 27 to less than 25.,OPEN,20min
MAJOR,CODE_SMELL,batch-console-api/src/test/java/io/github/pinpols/batch/console/domain/audit/infrastructure/ai/DefaultConsoleAiApplicationServiceTest.java,348,java:S5778,Refactor the code of the lambda to have only one invocation possibly throwing a runtime exception.,OPEN,5min
MAJOR,CODE_SMELL,batch-console-api/src/main/java/io/github/pinpols/batch/console/domain/rbac/support/ConsoleSessionRegistry.java,137,java:S1141,Extract this nested try block into a separate method.,OPEN,20min
MAJOR,CODE_SMELL,batch-worker/import/src/main/java/io/github/pinpols/batch/worker/imports/preprocess/ImportPreprocessPipeline.java,187,java:S4449,"Annotate the parameter with @javax.annotation.Nullable in method 'hasText' declaration, or make sure that null can not be passed as argument.",OPEN,10min
MAJOR,CODE_SMELL,batch-console-api/src/main/java/io/github/pinpols/batch/console/domain/file/realtime/ConsolePipelineProgressDirtyPublisher.java,92,java:S6885,"Use ""Math.clamp"" instead of ""Math.min"" or ""Math.max"".",OPEN,5min
MAJOR,CODE_SMELL,batch-common/src/test/java/io/github/pinpols/batch/common/storage/FilesystemObjectStoreTest.java,78,java:S5778,Refactor the code of the lambda to have only one invocation possibly throwing a runtime exception.,OPEN,5min
MAJOR,CODE_SMELL,batch-common/src/test/java/io/github/pinpols/batch/common/security/RequestSignaturesTest.java,27,java:S6126,Replace this String concatenation with Text block.,OPEN,2min
MAJOR,CODE_SMELL,batch-console-api/src/test/java/io/github/pinpols/batch/console/service/ConsoleBusinessTenantPlacementServiceTest.java,76,java:S5778,Refactor the code of the lambda to have only one invocation possibly throwing a runtime exception.,OPEN,5min
MAJOR,CODE_SMELL,batch-console-api/src/test/java/io/github/pinpols/batch/console/domain/notification/web/AlertmanagerNotifyControllerTest.java,60,java:S5976,Replace these 3 tests with a single Parameterized one.,OPEN,10min
MAJOR,CODE_SMELL,batch-common/src/main/java/io/github/pinpols/batch/common/lock/DistributedLock.java,49,java:S6355,Add 'since' and/or 'forRemoval' arguments to the @Deprecated annotation.,OPEN,5min
MAJOR,CODE_SMELL,batch-worker/export/src/main/java/io/github/pinpols/batch/worker/exports/stage/PrepareStep.java,63,java:S125,This block of commented-out lines of code should be removed.,OPEN,5min
MAJOR,CODE_SMELL,batch-orchestrator/src/test/java/io/github/pinpols/batch/orchestrator/infrastructure/mq/OutboxPublishCircuitBreakerTest.java,118,java:S125,This block of commented-out lines of code should be removed.,OPEN,5min
MAJOR,BUG,batch-orchestrator/src/main/java/io/github/pinpols/batch/orchestrator/service/BatchDayGateService.java,81,java:S2259,"""NullPointerException"" will be thrown when invoking method ""normalize()"".",OPEN,10min
MAJOR,CODE_SMELL,batch-worker/atomic/src/main/java/io/github/pinpols/batch/worker/atomic/runtime/AbstractBatchTaskExecutor.java,64,java:S1181,Catch Exception instead of Throwable.,OPEN,20min
MAJOR,CODE_SMELL,batch-common/src/test/java/io/github/pinpols/batch/testing/chaos/RedisDownToxicIT.java,45,java:S5778,Refactor the code of the lambda to have only one invocation possibly throwing a runtime exception.,OPEN,5min
MAJOR,CODE_SMELL,batch-orchestrator/src/test/java/io/github/pinpols/batch/orchestrator/application/service/forensic/ForensicExportServiceTest.java,110,java:S5778,Refactor the code of the lambda to have only one invocation possibly throwing a runtime exception.,OPEN,5min
MAJOR,CODE_SMELL,batch-orchestrator/src/main/java/io/github/pinpols/batch/orchestrator/application/service/governance/DefaultRetryGovernanceService.java,404,java:S125,This block of commented-out lines of code should be removed.,OPEN,5min
MAJOR,BUG,batch-worker/export/src/main/java/io/github/pinpols/batch/worker/exports/sql/SqlTemplateExportSpec.java,62,java:S2259,"A ""NullPointerException"" could be thrown; ""detailSql"" is nullable here.",OPEN,10min
MAJOR,CODE_SMELL,batch-console-api/src/main/java/io/github/pinpols/batch/console/domain/notification/service/AlertmanagerSilenceBridge.java,213,java:S6213,Rename this method to not match a restricted identifier.,OPEN,5min
MAJOR,CODE_SMELL,batch-worker/export/src/test/java/io/github/pinpols/batch/worker/exports/sql/SqlTemplateExportSqlValidatorTest.java,227,java:S5778,Refactor the code of the lambda to have only one invocation possibly throwing a runtime exception.,OPEN,5min
MAJOR,CODE_SMELL,batch-common/src/test/java/io/github/pinpols/batch/common/storage/EncryptingObjectStoreTest.java,138,java:S5778,Refactor the code of the lambda to have only one invocation possibly throwing a runtime exception.,OPEN,5min
MAJOR,CODE_SMELL,batch-worker/dispatch/src/main/java/io/github/pinpols/batch/worker/dispatchs/infrastructure/verifier/DispatchReceiptPresentVerifier.java,39,java:S4449,"Annotate the parameter with @javax.annotation.Nullable in method 'hasText' declaration, or make sure that null can not be passed as argument.",OPEN,10min
MAJOR,CODE_SMELL,batch-orchestrator/src/test/java/io/github/pinpols/batch/orchestrator/service/DefaultWorkerRegistryServiceTest.java,378,java:S5976,Replace these 3 tests with a single Parameterized one.,OPEN,10min
MAJOR,CODE_SMELL,batch-console-api/src/main/java/io/github/pinpols/batch/console/application/rbac/ConsoleTenantApplicationService.java,122,java:S125,This block of commented-out lines of code should be removed.,OPEN,5min
MAJOR,CODE_SMELL,batch-console-api/src/test/java/io/github/pinpols/batch/console/config/ReadReplicaRoutingDataSourceTest.java,210,java:S2925,"Remove this use of ""Thread.sleep()"".",OPEN,20min
MAJOR,CODE_SMELL,batch-console-api/src/test/java/io/github/pinpols/batch/console/service/PositionalArgsConventionTest.java,111,java:S8786,"Simplify this regular expression to reduce its runtime, as it has super-linear performance due to backtracking.",OPEN,20min
MAJOR,CODE_SMELL,batch-common/src/test/java/io/github/pinpols/batch/common/stateful/StatefulBackendGuardIntegrationTest.java,132,java:S5778,Refactor the code of the lambda to have only one invocation possibly throwing a runtime exception.,OPEN,5min
MAJOR,CODE_SMELL,batch-console-api/src/main/java/io/github/pinpols/batch/console/shared/query/ConsoleQuerySupport.java,108,java:S108,"Remove this block of code, fill it in, or add a comment explaining why it is empty.",OPEN,5min
MAJOR,CODE_SMELL,sdk/java/core/src/main/java/io/github/pinpols/batch/sdk/checkpoint/JdbcSdkCheckpoint.java,135,java:S112,Replace generic exceptions with specific library exceptions or a custom exception.,OPEN,20min
MAJOR,CODE_SMELL,batch-common/src/main/java/io/github/pinpols/batch/common/utils/ConsoleTextSanitizer.java,81,java:S4449,"Annotate the parameter with @javax.annotation.Nullable in constructor declaration, or make sure that null can not be passed as argument.",OPEN,10min
MAJOR,CODE_SMELL,batch-orchestrator/src/main/java/io/github/pinpols/batch/orchestrator/mapper/WorkerRegistryMapper.java,120,java:S6213,Rename this variable to not match a restricted identifier.,OPEN,5min
MAJOR,CODE_SMELL,batch-console-api/src/test/java/io/github/pinpols/batch/console/domain/rbac/support/ConsoleJwtServiceTest.java,83,java:S5778,Refactor the code of the lambda to have only one invocation possibly throwing a runtime exception.,OPEN,5min
MAJOR,CODE_SMELL,batch-worker/core/src/main/java/io/github/pinpols/batch/worker/core/support/PipelineStepFlowSupport.java,49,java:S4449,"Annotate the parameter with @javax.annotation.Nullable in method 'hasText' declaration, or make sure that null can not be passed as argument.",OPEN,10min
MAJOR,CODE_SMELL,sdk/java/core/src/main/java/io/github/pinpols/batch/sdk/handler/typed/SdkAbstractTypedDispatchHandler.java,46,java:S112,Replace generic exceptions with specific library exceptions or a custom exception.,OPEN,20min
MAJOR,CODE_SMELL,batch-worker/atomic/src/test/java/io/github/pinpols/batch/worker/atomic/runtime/AtomicConnectionManagerTest.java,41,java:S5778,Refactor the code of the lambda to have only one invocation possibly throwing a runtime exception.,OPEN,5min
MAJOR,CODE_SMELL,batch-console-api/src/test/java/io/github/pinpols/batch/console/domain/notification/service/TencentSmsProviderTest.java,65,java:S5976,Replace these 3 tests with a single Parameterized one.,OPEN,10min
MAJOR,BUG,batch-worker/import/src/main/java/io/github/pinpols/batch/worker/imports/stage/PreprocessStep.java,496,java:S2259,"""NullPointerException"" will be thrown when invoking method ""isRangeSliceableFormat()"".",OPEN,10min
MAJOR,CODE_SMELL,batch-worker/import/src/main/java/io/github/pinpols/batch/worker/imports/stage/ParseStep.java,503,java:S1172,"Remove this unused method parameter ""context"".",OPEN,5min
MAJOR,CODE_SMELL,batch-worker/import/src/test/java/io/github/pinpols/batch/worker/imports/plugin/GenericJdbcMappedImportLoadPluginTest.java,108,java:S5778,Refactor the code of the lambda to have only one invocation possibly throwing a runtime exception.,OPEN,5min
MAJOR,CODE_SMELL,batch-worker/atomic/src/test/java/io/github/pinpols/batch/worker/atomic/runtime/AtomicExecutorProductionGuardTest.java,78,java:S5778,Refactor the code of the lambda to have only one invocation possibly throwing a runtime exception.,OPEN,5min
MAJOR,BUG,batch-common/src/main/java/io/github/pinpols/batch/common/utils/S3BucketSupport.java,76,java:S2583,"Change this condition so that it does not always evaluate to ""false""",OPEN,15min
MAJOR,CODE_SMELL,batch-orchestrator/src/main/java/io/github/pinpols/batch/orchestrator/application/service/capacity/CapacityProfileService.java,79,java:S6885,"Use ""Math.clamp"" instead of ""Math.min"" or ""Math.max"".",OPEN,5min
MAJOR,CODE_SMELL,batch-common/src/main/java/io/github/pinpols/batch/common/persistence/mybatis/AuditFieldsInterceptor.java,134,java:S3011,This accessibility update should be removed.,OPEN,30min
MAJOR,BUG,batch-worker/import/src/main/java/io/github/pinpols/batch/worker/imports/preprocess/ImportPreprocessPipeline.java,501,java:S2259,"""NullPointerException"" will be thrown when invoking method ""parseLong()"".",OPEN,10min
MAJOR,CODE_SMELL,batch-console-api/src/main/java/io/github/pinpols/batch/console/domain/audit/mapper/OperationAuditMapper.java,24,java:S107,"Method has 11 parameters, which is greater than 7 authorized.",OPEN,20min
MAJOR,CODE_SMELL,batch-console-api/src/main/java/io/github/pinpols/batch/console/domain/rbac/mapper/ConsoleApiKeyMapper.java,22,java:S107,"Method has 9 parameters, which is greater than 7 authorized.",OPEN,20min
MAJOR,CODE_SMELL,batch-worker/dispatch/src/main/java/io/github/pinpols/batch/worker/dispatchs/infrastructure/FileDispatchRepository.java,186,java:S6885,"Use ""Math.clamp"" instead of ""Math.min"" or ""Math.max"".",OPEN,5min
MAJOR,CODE_SMELL,batch-worker/import/src/test/java/io/github/pinpols/batch/worker/imports/stage/support/ImportStageSupportTest.java,46,java:S5778,Refactor the code of the lambda to have only one invocation possibly throwing a runtime exception.,OPEN,5min
MAJOR,BUG,batch-console-api/src/main/java/io/github/pinpols/batch/console/infrastructure/config/DefaultConsoleTenantConfigPackageExcelApplicationService.java,268,java:S2259,"A ""NullPointerException"" could be thrown; ""file"" is nullable here.",OPEN,10min
MAJOR,CODE_SMELL,batch-console-api/src/test/java/io/github/pinpols/batch/console/domain/notification/infrastructure/DefaultConsoleNotificationApplicationServiceTest.java,240,java:S5778,Refactor the code of the lambda to have only one invocation possibly throwing a runtime exception.,OPEN,5min
MAJOR,CODE_SMELL,sdk/java/core/src/main/java/io/github/pinpols/batch/sdk/handler/SdkAbstractTaskHandler.java,46,java:S1181,Catch Exception instead of Throwable.,OPEN,20min
MAJOR,CODE_SMELL,batch-orchestrator/src/test/java/io/github/pinpols/batch/orchestrator/application/service/task/BatchInsertChunksTest.java,77,java:S5778,Refactor the code of the lambda to have only one invocation possibly throwing a runtime exception.,OPEN,5min
MAJOR,CODE_SMELL,batch-worker/import/src/main/java/io/github/pinpols/batch/worker/imports/runtime/ImportIngressScanner.java,320,java:S125,This block of commented-out lines of code should be removed.,OPEN,5min
MAJOR,CODE_SMELL,batch-worker/atomic/src/main/java/io/github/pinpols/batch/worker/atomic/http/HttpTaskExecutor.java,456,java:S1172,"Remove this unused method parameter ""ctx"".",OPEN,5min
MAJOR,CODE_SMELL,batch-worker/export/src/main/java/io/github/pinpols/batch/worker/exports/stage/format/ExportFormatStrategy.java,7,java:S112,Replace generic exceptions with specific library exceptions or a custom exception.,OPEN,20min
MAJOR,CODE_SMELL,batch-common/src/main/java/io/github/pinpols/batch/common/utils/IdGenerator.java,24,java:S2589,"Remove this expression which always evaluates to ""true""",OPEN,10min
MAJOR,CODE_SMELL,sdk/java/core/src/main/java/io/github/pinpols/batch/sdk/handler/typed/SdkAbstractTypedDispatchHandler.java,66,java:S1141,Extract this nested try block into a separate method.,OPEN,20min
MAJOR,CODE_SMELL,batch-worker/import/src/test/java/io/github/pinpols/batch/worker/imports/stage/ParseStepStreamingTest.java,143,java:S6126,Replace this String concatenation with Text block.,OPEN,2min
MAJOR,BUG,batch-worker/import/src/main/java/io/github/pinpols/batch/worker/imports/preprocess/ImportPreprocessPipeline.java,254,java:S2259,"A ""NullPointerException"" could be thrown; ""entryName"" is nullable here.",OPEN,10min
MAJOR,CODE_SMELL,batch-orchestrator/src/test/java/io/github/pinpols/batch/orchestrator/application/trigger/TriggerLaunchConsumerTest.java,102,java:S6213,Rename this variable to not match a restricted identifier.,OPEN,5min
MAJOR,BUG,batch-console-api/src/main/java/io/github/pinpols/batch/console/domain/notification/service/SlackNotificationSender.java,155,java:S2583,"Change this condition so that it does not always evaluate to ""false""",OPEN,15min
MAJOR,CODE_SMELL,batch-common/src/test/java/io/github/pinpols/batch/common/stateful/StatefulBackendGuardIntegrationTest.java,142,java:S5778,Refactor the code of the lambda to have only one invocation possibly throwing a runtime exception.,OPEN,5min
MAJOR,VULNERABILITY,batch-worker/atomic/src/main/java/io/github/pinpols/batch/worker/atomic/sql/SqlTaskExecutor.java,515,java:S2077,Make sure using a dynamically formatted SQL query is safe here.,OPEN,20min
MAJOR,BUG,batch-console-api/src/main/java/io/github/pinpols/batch/console/domain/ops/service/ConsoleKafkaLagQueryService.java,60,java:S2142,"Either re-interrupt this method or rethrow the ""InterruptedException"" that can be caught here.",OPEN,15min
MAJOR,CODE_SMELL,batch-console-api/src/main/java/io/github/pinpols/batch/console/domain/file/web/response/FileMapResponseFieldReader.java,31,java:S3358,Extract this nested ternary operation into an independent statement.,OPEN,5min
MAJOR,CODE_SMELL,batch-console-api/src/test/java/io/github/pinpols/batch/console/domain/job/web/ConsoleJobDefinitionControllerValidationTest.java,118,java:S125,This block of commented-out lines of code should be removed.,OPEN,5min
MAJOR,CODE_SMELL,batch-orchestrator/src/main/java/io/github/pinpols/batch/orchestrator/service/BatchDayGateService.java,144,java:S1172,"Remove this unused method parameter ""triggerRequest"".",OPEN,5min
MAJOR,CODE_SMELL,batch-worker/export/src/main/java/io/github/pinpols/batch/worker/exports/region/ExportRegionResolver.java,44,java:S4449,"Annotate the parameter with @javax.annotation.Nullable in method 'hasText' declaration, or make sure that null can not be passed as argument.",OPEN,10min
MAJOR,CODE_SMELL,batch-console-api/src/main/java/io/github/pinpols/batch/console/domain/workflow/infrastructure/excel/WorkflowExcelKeys.java,87,java:S6878,Use the record pattern instead of this pattern match variable.,OPEN,5min
MAJOR,CODE_SMELL,batch-common/src/main/java/io/github/pinpols/batch/common/web/AbstractApiExceptionHandler.java,95,java:S2629,Invoke method(s) only conditionally.,OPEN,5min
MAJOR,CODE_SMELL,batch-worker/atomic/src/main/java/io/github/pinpols/batch/worker/atomic/http/HttpTaskExecutor.java,425,java:S1172,"Remove this unused method parameter ""fieldName"".",OPEN,5min
MAJOR,CODE_SMELL,batch-orchestrator/src/test/java/io/github/pinpols/batch/orchestrator/application/service/task/TaskControllerApplicationServiceTest.java,222,java:S5778,Refactor the code of the lambda to have only one invocation possibly throwing a runtime exception.,OPEN,5min
MAJOR,CODE_SMELL,batch-worker/import/src/test/java/io/github/pinpols/batch/worker/imports/stage/ParseStepFixedWidthAndXmlTest.java,50,java:S6126,Replace this String concatenation with Text block.,OPEN,2min
MAJOR,CODE_SMELL,batch-worker/import/src/main/java/io/github/pinpols/batch/worker/imports/preprocess/ImportPreprocessPipeline.java,436,java:S112,Replace generic exceptions with specific library exceptions or a custom exception.,OPEN,20min
MAJOR,CODE_SMELL,batch-orchestrator/src/main/java/io/github/pinpols/batch/orchestrator/mapper/ResultVersionMapper.java,24,java:S6213,Rename this variable to not match a restricted identifier.,OPEN,5min
MAJOR,CODE_SMELL,sdk/java/core/src/test/java/io/github/pinpols/batch/sdk/idempotent/IdempotencyKeyResolverTest.java,44,java:S5778,Refactor the code of the lambda to have only one invocation possibly throwing a runtime exception.,OPEN,5min
MAJOR,CODE_SMELL,batch-orchestrator/src/test/java/io/github/pinpols/batch/orchestrator/auth/ApiKeyVerifierTest.java,385,java:S125,This block of commented-out lines of code should be removed.,OPEN,5min
MAJOR,CODE_SMELL,batch-orchestrator/src/main/java/io/github/pinpols/batch/orchestrator/service/BatchDayGateService.java,81,java:S3358,Extract this nested ternary operation into an independent statement.,OPEN,5min
MAJOR,CODE_SMELL,batch-worker/import/src/test/java/io/github/pinpols/batch/worker/imports/preprocess/PreprocessStepKmsDecryptTest.java,134,java:S1172,"Remove this unused method parameter ""payload"".",OPEN,5min
MAJOR,CODE_SMELL,batch-worker/core/src/main/java/io/github/pinpols/batch/worker/core/infrastructure/HttpTaskExecutionClient.java,344,java:S125,This block of commented-out lines of code should be removed.,OPEN,5min
MAJOR,CODE_SMELL,batch-console-api/src/test/java/io/github/pinpols/batch/console/domain/notification/web/AlertmanagerNotifyControllerTest.java,74,java:S5778,Refactor the code of the lambda to have only one invocation possibly throwing a runtime exception.,OPEN,5min
MAJOR,CODE_SMELL,batch-worker/import/src/main/java/io/github/pinpols/batch/worker/imports/stage/ParseStep.java,151,java:S125,This block of commented-out lines of code should be removed.,OPEN,5min
MAJOR,BUG,batch-common/src/main/java/io/github/pinpols/batch/common/utils/Guard.java,39,java:S2583,"Change this condition so that it does not always evaluate to ""false""",OPEN,15min
MAJOR,CODE_SMELL,batch-orchestrator/src/main/java/io/github/pinpols/batch/orchestrator/application/service/governance/DefaultRetryGovernanceService.java,288,java:S6213,Rename this variable to not match a restricted identifier.,OPEN,5min
MAJOR,CODE_SMELL,sdk/java/core/src/main/java/io/github/pinpols/batch/sdk/handler/atomic/StoredProcAtomicHandler.java,246,java:S112,Replace generic exceptions with specific library exceptions or a custom exception.,OPEN,20min
MAJOR,CODE_SMELL,batch-worker/export/src/main/java/io/github/pinpols/batch/worker/exports/region/ExportRegionResolver.java,99,java:S3358,Extract this nested ternary operation into an independent statement.,OPEN,5min
MAJOR,CODE_SMELL,batch-console-api/src/main/java/io/github/pinpols/batch/console/infrastructure/query/ConsoleJobQueryService.java,321,java:S1168,Return an empty collection instead of null.,OPEN,30min
MAJOR,CODE_SMELL,batch-common/src/main/java/io/github/pinpols/batch/common/utils/EmptyChecks.java,63,java:S2589,"Remove this expression which always evaluates to ""false""",OPEN,10min
MAJOR,CODE_SMELL,batch-worker/import/src/test/java/io/github/pinpols/batch/worker/imports/jdbc/JdbcMappedImportSpecTest.java,352,java:S5778,Refactor the code of the lambda to have only one invocation possibly throwing a runtime exception.,OPEN,5min
MAJOR,CODE_SMELL,batch-worker/dispatch/src/main/java/io/github/pinpols/batch/worker/dispatchs/stage/DefaultDispatchStageExecutor.java,253,java:S3824,"Replace this ""Map.containsKey()"" with a call to ""Map.computeIfAbsent()"".",OPEN,10min
MAJOR,CODE_SMELL,batch-console-api/src/main/java/io/github/pinpols/batch/console/domain/rbac/support/captcha/CloudflareTurnstileVerifier.java,75,java:S112,Replace generic exceptions with specific library exceptions or a custom exception.,OPEN,20min
MAJOR,CODE_SMELL,batch-common/src/main/java/io/github/pinpols/batch/common/spi/task/BatchWorkerAtomicProperties.java,55,java:S1123,Add the missing @deprecated Javadoc tag.,OPEN,5min
MAJOR,CODE_SMELL,batch-worker/core/src/main/java/io/github/pinpols/batch/worker/core/infrastructure/checkpoint/DefaultProcessingPositionStore.java,106,java:S6213,Rename this method to not match a restricted identifier.,OPEN,5min
MAJOR,CODE_SMELL,batch-console-api/src/main/java/io/github/pinpols/batch/console/domain/workflow/infrastructure/excel/WorkflowExcelTextUtils.java,40,java:S1172,"Remove this unused method parameter ""allowed"".",OPEN,5min
MAJOR,BUG,batch-common/src/main/java/io/github/pinpols/batch/common/utils/Texts.java,19,java:S2583,"Change this condition so that it does not always evaluate to ""false""",OPEN,15min
MAJOR,CODE_SMELL,batch-orchestrator/src/test/java/io/github/pinpols/batch/orchestrator/service/DefaultWorkerRegistryServiceTest.java,498,java:S5778,Refactor the code of the lambda to have only one invocation possibly throwing a runtime exception.,OPEN,5min
MAJOR,CODE_SMELL,batch-common/src/main/java/io/github/pinpols/batch/common/storage/FilesystemObjectStore.java,145,java:S1141,Extract this nested try block into a separate method.,OPEN,20min
MAJOR,CODE_SMELL,batch-worker/export/src/main/java/io/github/pinpols/batch/worker/exports/stage/format/ExcelStyleOptions.java,81,java:S1168,Return an empty array instead of null.,OPEN,30min
MAJOR,BUG,batch-worker/import/src/main/java/io/github/pinpols/batch/worker/imports/preprocess/ImportPreprocessPipeline.java,184,java:S2259,"""NullPointerException"" will be thrown when invoking method ""appendImplicitStep()"".",OPEN,10min
MAJOR,CODE_SMELL,batch-orchestrator/src/main/java/io/github/pinpols/batch/orchestrator/application/service/governance/DefaultCompensationService.java,135,java:S4449,"Annotate the parameter with @javax.annotation.Nullable in method 'hasText' declaration, or make sure that null can not be passed as argument.",OPEN,10min
MAJOR,CODE_SMELL,batch-orchestrator/src/main/java/io/github/pinpols/batch/orchestrator/application/scheduler/TenantSchedulerSnapshotService.java,279,java:S6885,"Use ""Math.clamp"" instead of ""Math.min"" or ""Math.max"".",OPEN,5min
MAJOR,CODE_SMELL,batch-worker/import/src/main/java/io/github/pinpols/batch/worker/imports/infrastructure/quality/DatasetRuleEvaluator.java,85,java:S3358,Extract this nested ternary operation into an independent statement.,OPEN,5min
MAJOR,CODE_SMELL,batch-worker/export/src/main/java/io/github/pinpols/batch/worker/exports/stage/PrepareStep.java,145,java:S4449,"Annotate the parameter with @javax.annotation.Nullable in method 'hasText' declaration, or make sure that null can not be passed as argument.",OPEN,10min
MAJOR,CODE_SMELL,sdk/java/core/src/main/java/io/github/pinpols/batch/sdk/handler/atomic/SqlAtomicHandler.java,195,java:S112,Replace generic exceptions with specific library exceptions or a custom exception.,OPEN,20min
MAJOR,BUG,batch-console-api/src/main/java/io/github/pinpols/batch/console/support/excel/ConsoleSingleSheetExcelImportSupport.java,263,java:S2259,"""NullPointerException"" will be thrown when invoking method ""normalize()"".",OPEN,10min
MAJOR,CODE_SMELL,batch-common/src/main/java/io/github/pinpols/batch/common/utils/Hashes.java,30,java:S2589,"Remove this expression which always evaluates to ""false""",OPEN,10min
MAJOR,CODE_SMELL,batch-console-api/src/main/java/io/github/pinpols/batch/console/domain/notification/service/DingTalkNotificationSender.java,142,java:S112,Replace generic exceptions with specific library exceptions or a custom exception.,OPEN,20min
MAJOR,CODE_SMELL,batch-console-api/src/main/java/io/github/pinpols/batch/console/shared/approval/OrchestratorApprovalClient.java,176,java:S6213,Rename this variable to not match a restricted identifier.,OPEN,5min
MAJOR,CODE_SMELL,batch-orchestrator/src/main/java/io/github/pinpols/batch/orchestrator/application/service/task/DefaultTaskOutcomeService.java,780,java:S3358,Extract this nested ternary operation into an independent statement.,OPEN,5min
MAJOR,CODE_SMELL,batch-orchestrator/src/test/java/io/github/pinpols/batch/orchestrator/integration/OutboxEventToKafkaDispatchIntegrationTest.java,97,java:S6213,Rename this variable to not match a restricted identifier.,OPEN,5min
MAJOR,CODE_SMELL,batch-common/src/test/java/io/github/pinpols/batch/common/storage/EncryptingObjectStoreTest.java,75,java:S5778,Refactor the code of the lambda to have only one invocation possibly throwing a runtime exception.,OPEN,5min
MAJOR,CODE_SMELL,sdk/java/core/src/test/java/io/github/pinpols/batch/sdk/dispatcher/TaskDispatcherP0HardeningTest.java,215,java:S2925,"Remove this use of ""Thread.sleep()"".",OPEN,20min
MAJOR,BUG,batch-console-api/src/main/java/io/github/pinpols/batch/console/domain/notification/service/SubscriptionRuleDispatchPolicy.java,155,java:S2583,"Change this condition so that it does not always evaluate to ""false""",OPEN,15min
MAJOR,CODE_SMELL,batch-console-api/src/main/java/io/github/pinpols/batch/console/support/web/ConsoleResponseFieldReader.java,39,java:S3358,Extract this nested ternary operation into an independent statement.,OPEN,5min
MAJOR,CODE_SMELL,batch-console-api/src/main/java/io/github/pinpols/batch/console/domain/notification/service/TwilioSmsProvider.java,46,java:S1068,"Remove this unused ""objectMapper"" private field.",OPEN,5min
MAJOR,CODE_SMELL,batch-worker/core/src/main/java/io/github/pinpols/batch/worker/core/support/PipelineStepFlowSupport.java,55,java:S4449,"Annotate the parameter with @javax.annotation.Nullable in method 'hasText' declaration, or make sure that null can not be passed as argument.",OPEN,10min
MAJOR,CODE_SMELL,batch-console-api/src/main/java/io/github/pinpols/batch/console/domain/audit/support/AuditAspect.java,275,java:S6878,Use the record pattern instead of this pattern match variable.,OPEN,5min
MAJOR,VULNERABILITY,batch-worker/import/src/main/java/io/github/pinpols/batch/worker/imports/plugin/GenericJdbcMappedImportLoadPlugin.java,433,java:S2077,Make sure using a dynamically formatted SQL query is safe here.,OPEN,20min
MAJOR,CODE_SMELL,batch-trigger/src/test/java/io/github/pinpols/batch/trigger/integration/TriggerAsyncLaunchIntegrationTest.java,124,java:S6213,Rename this variable to not match a restricted identifier.,OPEN,5min
MAJOR,CODE_SMELL,batch-trigger/src/test/java/io/github/pinpols/batch/trigger/support/CronExpressionAdapterTest.java,60,java:S5778,Refactor the code of the lambda to have only one invocation possibly throwing a runtime exception.,OPEN,5min
MAJOR,CODE_SMELL,sdk/java/core/src/test/java/io/github/pinpols/batch/sdk/idempotent/SdkIdempotentHandlerTest.java,83,java:S6213,Rename this variable to not match a restricted identifier.,OPEN,5min
MAJOR,CODE_SMELL,batch-orchestrator/src/main/java/io/github/pinpols/batch/orchestrator/application/service/task/DefaultTaskOutcomeService.java,110,java:S6813,Remove this field injection and use constructor injection instead.,OPEN,5min
MAJOR,CODE_SMELL,batch-orchestrator/src/main/java/io/github/pinpols/batch/orchestrator/mapper/WorkerRegistryMapper.java,114,java:S6213,Rename this variable to not match a restricted identifier.,OPEN,5min
MAJOR,CODE_SMELL,batch-orchestrator/src/main/java/io/github/pinpols/batch/orchestrator/infrastructure/mybatis/MapJsonbTypeHandler.java,55,java:S1168,Return an empty map instead of null.,OPEN,30min
MAJOR,CODE_SMELL,batch-orchestrator/src/main/java/io/github/pinpols/batch/orchestrator/service/DefaultWorkerRegistryService.java,61,java:S6813,Remove this field injection and use constructor injection instead.,OPEN,5min
MAJOR,BUG,batch-common/src/main/java/io/github/pinpols/batch/common/utils/CodeNormalizer.java,41,java:S2583,"Change this condition so that it does not always evaluate to ""false""",OPEN,15min
MAJOR,CODE_SMELL,batch-worker/dispatch/src/main/java/io/github/pinpols/batch/worker/dispatchs/infrastructure/channel/SftpDispatchChannelAdapter.java,86,java:S2589,"Remove this expression which always evaluates to ""false""",OPEN,10min
MAJOR,CODE_SMELL,batch-console-api/src/main/java/io/github/pinpols/batch/console/domain/rbac/support/captcha/AliyunCaptchaVerifier.java,171,java:S112,Replace generic exceptions with specific library exceptions or a custom exception.,OPEN,20min
MAJOR,CODE_SMELL,batch-console-api/src/test/java/io/github/pinpols/batch/console/domain/notification/web/AlertmanagerNotifyControllerTest.java,97,java:S5778,Refactor the code of the lambda to have only one invocation possibly throwing a runtime exception.,OPEN,5min
MAJOR,CODE_SMELL,batch-common/src/test/java/io/github/pinpols/batch/common/storage/S3ObjectStoreTest.java,133,java:S5778,Refactor the code of the lambda to have only one invocation possibly throwing a runtime exception.,OPEN,5min
MAJOR,CODE_SMELL,batch-console-api/src/main/java/io/github/pinpols/batch/console/support/web/ConsoleResponseFieldReader.java,46,java:S3358,Extract this nested ternary operation into an independent statement.,OPEN,5min
MAJOR,CODE_SMELL,batch-console-api/src/main/java/io/github/pinpols/batch/console/support/web/ConsoleRequestContextFilter.java,51,java:S125,This block of commented-out lines of code should be removed.,OPEN,5min
MAJOR,CODE_SMELL,batch-worker/atomic/src/test/java/io/github/pinpols/batch/worker/atomic/runtime/AtomicExecutorProductionGuardTest.java,97,java:S5778,Refactor the code of the lambda to have only one invocation possibly throwing a runtime exception.,OPEN,5min
MAJOR,CODE_SMELL,batch-orchestrator/src/main/java/io/github/pinpols/batch/orchestrator/application/service/workflow/WorkflowGraphValidator.java,517,java:S4449,"Annotate the parameter with @javax.annotation.Nullable in method 'hasText' declaration, or make sure that null can not be passed as argument.",OPEN,10min
MAJOR,CODE_SMELL,batch-worker/process/src/test/java/io/github/pinpols/batch/worker/processes/stage/CommitStepTest.java,111,java:S5778,Refactor the code of the lambda to have only one invocation possibly throwing a runtime exception.,OPEN,5min
MAJOR,CODE_SMELL,batch-trigger/src/main/java/io/github/pinpols/batch/trigger/infrastructure/TriggerGracefulShutdown.java,143,java:S3358,Extract this nested ternary operation into an independent statement.,OPEN,5min
MAJOR,CODE_SMELL,batch-worker/export/src/main/java/io/github/pinpols/batch/worker/exports/stage/format/ExcelStyleOptions.java,85,java:S1168,Return an empty array instead of null.,OPEN,30min
MAJOR,VULNERABILITY,batch-orchestrator/src/main/java/io/github/pinpols/batch/orchestrator/infrastructure/admin/AdminTestDataCleanupRepository.java,59,java:S2077,Make sure using a dynamically formatted SQL query is safe here.,OPEN,20min
MAJOR,CODE_SMELL,batch-orchestrator/src/main/java/io/github/pinpols/batch/orchestrator/infrastructure/redis/OrchestratorRedisSupport.java,107,java:S6126,Replace this String concatenation with Text block.,OPEN,2min
MAJOR,CODE_SMELL,batch-orchestrator/src/test/java/io/github/pinpols/batch/orchestrator/infrastructure/scheduler/QuotaExceededStrategyLimiterTest.java,72,java:S5976,Replace these 3 tests with a single Parameterized one.,OPEN,10min
MAJOR,BUG,batch-orchestrator/src/main/java/io/github/pinpols/batch/orchestrator/application/service/workflow/WorkflowGraphValidator.java,687,java:S2583,"Change this condition so that it does not always evaluate to ""false""",OPEN,15min
MAJOR,CODE_SMELL,batch-common/src/test/java/io/github/pinpols/batch/common/storage/FilesystemObjectStoreTest.java,225,java:S2925,"Remove this use of ""Thread.sleep()"".",OPEN,20min
MAJOR,BUG,batch-worker/import/src/main/java/io/github/pinpols/batch/worker/imports/preprocess/ImportPreprocessPipeline.java,186,java:S2259,"""NullPointerException"" will be thrown when invoking method ""appendImplicitStep()"".",OPEN,10min
MAJOR,CODE_SMELL,batch-worker/dispatch/src/main/java/io/github/pinpols/batch/worker/dispatchs/infrastructure/DispatchFileContentResolver.java,71,java:S108,"Remove this block of code, fill it in, or add a comment explaining why it is empty.",OPEN,5min
MAJOR,CODE_SMELL,batch-worker/core/src/main/java/io/github/pinpols/batch/worker/core/infrastructure/HttpTaskExecutionClient.java,99,java:S4449,"Annotate the parameter with @javax.annotation.Nullable in method 'hasText' declaration, or make sure that null can not be passed as argument.",OPEN,10min
MAJOR,CODE_SMELL,batch-worker/dispatch/src/test/java/io/github/pinpols/batch/worker/dispatchs/infrastructure/DispatchFileContentResolverPathTest.java,81,java:S6213,Rename this variable to not match a restricted identifier.,OPEN,5min
MAJOR,CODE_SMELL,batch-worker/export/src/main/java/io/github/pinpols/batch/worker/exports/stage/format/FixedWidthExportFormat.java,66,java:S112,Replace generic exceptions with specific library exceptions or a custom exception.,OPEN,20min
MAJOR,CODE_SMELL,batch-worker/process/src/main/java/io/github/pinpols/batch/worker/processes/metrics/ProcessMetrics.java,120,java:S1172,"Remove this unused method parameter ""tenantId"".",OPEN,5min
MAJOR,CODE_SMELL,batch-worker/import/src/test/java/io/github/pinpols/batch/worker/imports/jdbc/JdbcMappedImportSpecTest.java,131,java:S5778,Refactor the code of the lambda to have only one invocation possibly throwing a runtime exception.,OPEN,5min
MAJOR,CODE_SMELL,batch-console-api/src/main/java/io/github/pinpols/batch/console/domain/notification/support/ConsolePushApprovalNotifier.java,112,java:S6213,Rename this variable to not match a restricted identifier.,OPEN,5min
MAJOR,CODE_SMELL,sdk/java/core/src/test/java/io/github/pinpols/batch/sdk/dispatcher/KafkaTaskConsumerCrashTest.java,126,java:S2925,"Remove this use of ""Thread.sleep()"".",OPEN,20min
MAJOR,BUG,batch-worker/import/src/main/java/io/github/pinpols/batch/worker/imports/preprocess/ImportPreprocessPipeline.java,293,java:S2259,"A ""NullPointerException"" could be thrown; ""entryName"" is nullable here.",OPEN,10min
MAJOR,CODE_SMELL,batch-orchestrator/src/test/java/io/github/pinpols/batch/orchestrator/integration/ApprovalWorkflowIntegrationTest.java,182,java:S5778,Refactor the code of the lambda to have only one invocation possibly throwing a runtime exception.,OPEN,5min
MAJOR,CODE_SMELL,batch-worker/import/src/main/java/io/github/pinpols/batch/worker/imports/preprocess/ImportPreprocessPipeline.java,379,java:S4449,"Annotate the parameter with @javax.annotation.Nullable in method 'hasText' declaration, or make sure that null can not be passed as argument.",OPEN,10min
MAJOR,CODE_SMELL,batch-worker/core/src/main/java/io/github/pinpols/batch/worker/core/infrastructure/HttpTaskExecutionClient.java,613,java:S4449,"Annotate the parameter with @javax.annotation.Nullable in method 'hasText' declaration, or make sure that null can not be passed as argument.",OPEN,10min
MAJOR,BUG,batch-console-api/src/main/java/io/github/pinpols/batch/console/domain/rbac/web/ConsoleAuthController.java,88,java:S2583,"Change this condition so that it does not always evaluate to ""false""",OPEN,15min
MAJOR,CODE_SMELL,sdk/java/core/src/main/java/io/github/pinpols/batch/sdk/dispatcher/TaskDispatcher.java,803,java:S3358,Extract this nested ternary operation into an independent statement.,OPEN,5min
MAJOR,CODE_SMELL,sdk/java/core/src/main/java/io/github/pinpols/batch/sdk/handler/SdkAbstractExportHandler.java,33,java:S112,Replace generic exceptions with specific library exceptions or a custom exception.,OPEN,20min
MAJOR,CODE_SMELL,batch-console-api/src/main/java/io/github/pinpols/batch/console/domain/file/infrastructure/DefaultConsoleFileTemplateApplicationService.java,390,java:S4449,"Annotate the parameter with @javax.annotation.Nullable in method 'hasText' declaration, or make sure that null can not be passed as argument.",OPEN,10min
MAJOR,CODE_SMELL,batch-worker/import/src/test/java/io/github/pinpols/batch/worker/imports/stage/format/ExcelFormatParserTest.java,170,java:S5778,Refactor the code of the lambda to have only one invocation possibly throwing a runtime exception.,OPEN,5min
MAJOR,CODE_SMELL,sdk/java/core/src/main/java/io/github/pinpols/batch/sdk/handler/SdkAbstractExportHandler.java,24,java:S112,Replace generic exceptions with specific library exceptions or a custom exception.,OPEN,20min
MAJOR,CODE_SMELL,batch-orchestrator/src/main/java/io/github/pinpols/batch/orchestrator/application/service/task/DefaultTaskCreationService.java,131,java:S3358,Extract this nested ternary operation into an independent statement.,OPEN,5min
MAJOR,CODE_SMELL,batch-worker/dispatch/src/test/java/io/github/pinpols/batch/worker/dispatchs/infrastructure/channel/DispatchChannelCircuitBreakerTest.java,143,java:S2925,"Remove this use of ""Thread.sleep()"".",OPEN,20min
MAJOR,CODE_SMELL,batch-orchestrator/src/test/java/io/github/pinpols/batch/orchestrator/application/service/task/TaskControllerApplicationServiceTest.java,83,java:S5778,Refactor the code of the lambda to have only one invocation possibly throwing a runtime exception.,OPEN,5min
MAJOR,CODE_SMELL,sdk/java/core/src/main/java/io/github/pinpols/batch/sdk/handler/SdkAbstractAtomicHandler.java,14,java:S112,Replace generic exceptions with specific library exceptions or a custom exception.,OPEN,20min
MAJOR,CODE_SMELL,batch-orchestrator/src/main/java/io/github/pinpols/batch/orchestrator/mapper/QuotaRuntimeStateMapper.java,30,java:S6213,Rename this variable to not match a restricted identifier.,OPEN,5min
MAJOR,CODE_SMELL,batch-common/src/test/java/io/github/pinpols/batch/common/jdbc/JdbcMappedSqlValidatorTest.java,32,java:S5778,Refactor the code of the lambda to have only one invocation possibly throwing a runtime exception.,OPEN,5min
MAJOR,CODE_SMELL,batch-worker/dispatch/src/main/java/io/github/pinpols/batch/worker/dispatchs/infrastructure/channel/DispatchChannelHealthService.java,246,java:S6885,"Use ""Math.clamp"" instead of ""Math.min"" or ""Math.max"".",OPEN,5min
MAJOR,CODE_SMELL,batch-console-api/src/main/java/io/github/pinpols/batch/console/application/observability/SseTicketService.java,56,java:S4449,"Annotate the parameter with @javax.annotation.Nullable in method 'hasText' declaration, or make sure that null can not be passed as argument.",OPEN,10min
MAJOR,CODE_SMELL,batch-orchestrator/src/test/java/io/github/pinpols/batch/orchestrator/application/trigger/TriggerLaunchConsumerTest.java,129,java:S5778,Refactor the code of the lambda to have only one invocation possibly throwing a runtime exception.,OPEN,5min
MAJOR,CODE_SMELL,batch-console-api/src/main/java/io/github/pinpols/batch/console/domain/audit/infrastructure/ai/DefaultConsoleAiApplicationService.java,232,java:S112,Replace generic exceptions with specific library exceptions or a custom exception.,OPEN,20min
MAJOR,CODE_SMELL,sdk/java/core/src/main/java/io/github/pinpols/batch/sdk/scheduler/LeaseRenewalScheduler.java,71,java:S1181,Catch Exception instead of Throwable.,OPEN,20min
MAJOR,CODE_SMELL,batch-common/src/test/java/io/github/pinpols/batch/common/service/BatchObjectCryptoServiceTest.java,185,java:S5778,Refactor the code of the lambda to have only one invocation possibly throwing a runtime exception.,OPEN,5min
MAJOR,CODE_SMELL,batch-console-api/src/main/java/io/github/pinpols/batch/console/domain/notification/service/AliyunSmsProvider.java,315,java:S112,Replace generic exceptions with specific library exceptions or a custom exception.,OPEN,20min
MAJOR,CODE_SMELL,batch-common/src/test/java/io/github/pinpols/batch/common/tenant/routing/BusinessRoutingDataSourceFactoryMultiShardTest.java,66,java:S5778,Refactor the code of the lambda to have only one invocation possibly throwing a runtime exception.,OPEN,5min
MAJOR,CODE_SMELL,batch-orchestrator/src/main/java/io/github/pinpols/batch/orchestrator/application/service/workflow/WorkflowGraphValidator.java,575,java:S4449,"Annotate the parameter with @javax.annotation.Nullable in method 'hasText' declaration, or make sure that null can not be passed as argument.",OPEN,10min
MAJOR,CODE_SMELL,batch-console-api/src/test/java/io/github/pinpols/batch/console/infrastructure/excel/ConfigPackageEnumDropdownConsistencyTest.java,73,java:S3415,"Swap these 2 arguments so they are in the correct order: actual value, expected value.",OPEN,2min
MAJOR,CODE_SMELL,batch-console-api/src/main/java/io/github/pinpols/batch/console/domain/audit/support/ConsoleAiAuditService.java,9,java:S6213,Rename this method to not match a restricted identifier.,OPEN,5min
MAJOR,BUG,batch-orchestrator/src/main/java/io/github/pinpols/batch/orchestrator/service/BatchDayTimePolicyResolver.java,65,java:S2259,"""NullPointerException"" will be thrown when invoking method ""normalize()"".",OPEN,10min
MAJOR,CODE_SMELL,batch-worker/import/src/main/java/io/github/pinpols/batch/worker/imports/preprocess/ImportPreprocessPipeline.java,475,java:S112,Replace generic exceptions with specific library exceptions or a custom exception.,OPEN,20min
MAJOR,CODE_SMELL,batch-orchestrator/src/test/java/io/github/pinpols/batch/orchestrator/infrastructure/scheduler/WorkerRegistryCacheTest.java,187,java:S6213,Rename this method to not match a restricted identifier.,OPEN,5min
MAJOR,CODE_SMELL,batch-orchestrator/src/main/java/io/github/pinpols/batch/orchestrator/config/OutboxProperties.java,66,java:S8491,Remove or merge the dangling Javadoc comment(s).,OPEN,5min
MAJOR,CODE_SMELL,batch-console-api/src/test/java/io/github/pinpols/batch/console/domain/ops/service/ConsoleTaskHeartbeatServiceTest.java,78,java:S5778,Refactor the code of the lambda to have only one invocation possibly throwing a runtime exception.,OPEN,5min
MAJOR,CODE_SMELL,sdk/java/core/src/test/java/io/github/pinpols/batch/sdk/dispatcher/TaskDispatcherClaimRetryTest.java,105,java:S2925,"Remove this use of ""Thread.sleep()"".",OPEN,20min
MAJOR,CODE_SMELL,batch-common/src/main/java/io/github/pinpols/batch/common/utils/SecretMasking.java,58,java:S1168,Return an empty map instead of null.,OPEN,30min
MAJOR,CODE_SMELL,batch-common/src/main/java/io/github/pinpols/batch/common/lock/DistributedLockAspect.java,84,java:S1172,"Remove this unused method parameter ""signature"".",OPEN,5min
MAJOR,VULNERABILITY,batch-worker/import/src/main/java/io/github/pinpols/batch/worker/imports/plugin/GenericJdbcMappedImportLoadPlugin.java,435,java:S2077,Make sure using a dynamically formatted SQL query is safe here.,OPEN,20min
MAJOR,BUG,batch-orchestrator/src/main/java/io/github/pinpols/batch/orchestrator/application/service/workflow/WorkflowGraphValidator.java,634,java:S2583,"Change this condition so that it does not always evaluate to ""false""",OPEN,15min
MAJOR,CODE_SMELL,batch-orchestrator/src/main/java/io/github/pinpols/batch/orchestrator/application/service/task/DefaultTaskCreationService.java,132,java:S3358,Extract this nested ternary operation into an independent statement.,OPEN,5min
MAJOR,BUG,batch-common/src/main/java/io/github/pinpols/batch/common/utils/AlertFingerprints.java,15,java:S2583,"Change this condition so that it does not always evaluate to ""false""",OPEN,15min
MAJOR,CODE_SMELL,batch-orchestrator/src/main/java/io/github/pinpols/batch/orchestrator/application/service/workflow/WorkflowNodePayloadBuilder.java,364,java:S1168,Return an empty map instead of null.,OPEN,30min
MAJOR,CODE_SMELL,sdk/java/core/src/main/java/io/github/pinpols/batch/sdk/handler/typed/SdkAbstractTypedProcessHandler.java,49,java:S112,Replace generic exceptions with specific library exceptions or a custom exception.,OPEN,20min
MAJOR,BUG,batch-worker/import/src/main/java/io/github/pinpols/batch/worker/imports/preprocess/ImportPreprocessPipeline.java,464,java:S2259,"""NullPointerException"" will be thrown when invoking method ""readPublicKeyFromPem()"".",OPEN,10min
MAJOR,CODE_SMELL,batch-common/src/main/java/io/github/pinpols/batch/common/stateful/StatefulBackendGuard.java,34,java:S1141,Extract this nested try block into a separate method.,OPEN,20min
MAJOR,CODE_SMELL,batch-worker/dispatch/src/main/java/io/github/pinpols/batch/worker/dispatchs/infrastructure/channel/RemoteFilesystemDispatchSupport.java,239,java:S1144,"Remove this unused private ""resolveNasDirectory"" method.",OPEN,2min
MAJOR,CODE_SMELL,batch-console-api/src/test/java/io/github/pinpols/batch/console/domain/ops/service/ConsoleAtomicTaskConfigServiceTest.java,88,java:S5778,Refactor the code of the lambda to have only one invocation possibly throwing a runtime exception.,OPEN,5min
MAJOR,CODE_SMELL,batch-trigger/src/test/java/io/github/pinpols/batch/trigger/service/DefaultTriggerServiceTest.java,92,java:S5778,Refactor the code of the lambda to have only one invocation possibly throwing a runtime exception.,OPEN,5min
MAJOR,CODE_SMELL,batch-orchestrator/src/main/java/io/github/pinpols/batch/orchestrator/application/service/workflow/WorkflowGraphValidator.java,448,java:S1066,Merge this if statement with the enclosing one.,OPEN,5min
MAJOR,CODE_SMELL,batch-worker/core/src/test/java/io/github/pinpols/batch/worker/core/infrastructure/DefaultTaskExecutionWrapperTest.java,468,java:S2925,"Remove this use of ""Thread.sleep()"".",OPEN,20min
MAJOR,CODE_SMELL,batch-common/src/test/java/io/github/pinpols/batch/common/stateful/StatefulBackendGuardIntegrationTest.java,159,java:S5778,Refactor the code of the lambda to have only one invocation possibly throwing a runtime exception.,OPEN,5min
MAJOR,BUG,batch-common/src/main/java/io/github/pinpols/batch/common/utils/CodeNormalizer.java,85,java:S2583,"Change this condition so that it does not always evaluate to ""false""",OPEN,15min
MAJOR,CODE_SMELL,batch-worker/atomic/src/main/java/io/github/pinpols/batch/worker/atomic/http/HttpTaskExecutor.java,626,java:S6485,Replace this call to the constructor with the better suited static method LinkedHashMap.newLinkedHashMap(int numMappings),OPEN,5min
MAJOR,CODE_SMELL,batch-worker/core/src/main/java/io/github/pinpols/batch/worker/core/support/AbstractPipelineStepExecutionAdapter.java,439,java:S112,Replace generic exceptions with specific library exceptions or a custom exception.,OPEN,20min
MAJOR,CODE_SMELL,batch-orchestrator/src/test/java/io/github/pinpols/batch/orchestrator/application/service/forensic/ForensicExportServiceTest.java,121,java:S5778,Refactor the code of the lambda to have only one invocation possibly throwing a runtime exception.,OPEN,5min
MAJOR,CODE_SMELL,batch-worker/core/src/main/java/io/github/pinpols/batch/worker/core/support/AbstractTaskConsumer.java,733,java:S6485,Replace this call to the constructor with the better suited static method LinkedHashMap.newLinkedHashMap(int numMappings),OPEN,5min
MAJOR,CODE_SMELL,sdk/java/core/src/test/java/io/github/pinpols/batch/sdk/idempotent/SdkIdempotentHandlerTest.java,83,java:S6213,Rename this method to not match a restricted identifier.,OPEN,5min
MAJOR,CODE_SMELL,sdk/java/core/src/test/java/io/github/pinpols/batch/sdk/dispatcher/KafkaConsumerCloseJoinTest.java,151,java:S2925,"Remove this use of ""Thread.sleep()"".",OPEN,20min
MAJOR,CODE_SMELL,sdk/java/core/src/test/java/io/github/pinpols/batch/sdk/task/SdkCommitCoordinatorTest.java,99,java:S5778,Refactor the code of the lambda to have only one invocation possibly throwing a runtime exception.,OPEN,5min
MAJOR,CODE_SMELL,batch-worker/process/src/test/java/io/github/pinpols/batch/worker/processes/sql/SqlTransformComputeSqlValidatorTest.java,53,java:S5976,Replace these 10 tests with a single Parameterized one.,OPEN,10min
MAJOR,CODE_SMELL,sdk/java/core/src/main/java/io/github/pinpols/batch/sdk/handler/SdkAbstractProcessHandler.java,30,java:S112,Replace generic exceptions with specific library exceptions or a custom exception.,OPEN,20min
MAJOR,CODE_SMELL,batch-common/src/main/java/io/github/pinpols/batch/common/web/AbstractApiExceptionHandler.java,80,java:S2629,Invoke method(s) only conditionally.,OPEN,5min
MAJOR,CODE_SMELL,batch-orchestrator/src/test/java/io/github/pinpols/batch/orchestrator/application/service/task/TaskControllerApplicationServiceTest.java,105,java:S5778,Refactor the code of the lambda to have only one invocation possibly throwing a runtime exception.,OPEN,5min
MAJOR,CODE_SMELL,batch-worker/dispatch/src/main/java/io/github/pinpols/batch/worker/dispatchs/infrastructure/channel/SmtpEmailDispatchChannelAdapter.java,258,java:S112,Replace generic exceptions with specific library exceptions or a custom exception.,OPEN,20min
MAJOR,CODE_SMELL,batch-console-api/src/main/java/io/github/pinpols/batch/console/domain/rbac/support/ConsoleTenantGuard.java,96,java:S1161,"Add the ""@Override"" annotation above this method signature",OPEN,5min
MAJOR,CODE_SMELL,batch-console-api/src/main/java/io/github/pinpols/batch/console/domain/notification/service/AlertmanagerAlertRenderer.java,48,java:S6885,"Use ""Math.clamp"" instead of ""Math.min"" or ""Math.max"".",OPEN,5min
MAJOR,CODE_SMELL,batch-common/src/test/java/io/github/pinpols/batch/common/config/BatchSecurityPropertiesTest.java,57,java:S5976,Replace these 5 tests with a single Parameterized one.,OPEN,10min
MAJOR,CODE_SMELL,batch-orchestrator/src/main/java/io/github/pinpols/batch/orchestrator/application/service/task/TaskControllerApplicationService.java,292,java:S125,This block of commented-out lines of code should be removed.,OPEN,5min
MAJOR,CODE_SMELL,batch-orchestrator/src/main/java/io/github/pinpols/batch/orchestrator/mapper/WorkerRegistryMapper.java,98,java:S6213,Rename this variable to not match a restricted identifier.,OPEN,5min
MAJOR,CODE_SMELL,batch-console-api/src/main/java/io/github/pinpols/batch/console/shared/client/OrchestratorInternalRestClient.java,56,java:S4449,"Annotate the parameter with @javax.annotation.Nullable in method 'baseUrl' declaration, or make sure that null can not be passed as argument.",OPEN,10min
MAJOR,VULNERABILITY,batch-worker/import/src/main/java/io/github/pinpols/batch/worker/imports/infrastructure/JdbcMappedImportCompensator.java,125,java:S2077,Make sure using a dynamically formatted SQL query is safe here.,OPEN,20min
MAJOR,BUG,batch-worker/export/src/main/java/io/github/pinpols/batch/worker/exports/stage/PrepareStep.java,146,java:S2259,"A ""NullPointerException"" could be thrown; ""namingRule"" is nullable here.",OPEN,10min
MAJOR,CODE_SMELL,batch-orchestrator/src/main/java/io/github/pinpols/batch/orchestrator/infrastructure/scheduler/BatchDayOpenScheduler.java,194,java:S1066,Merge this if statement with the enclosing one.,OPEN,5min
MAJOR,CODE_SMELL,sdk/java/core/src/main/java/io/github/pinpols/batch/sdk/handler/typed/SdkAbstractTypedDispatchHandler.java,49,java:S1172,"Remove these unused method parameters ""input"", ""counts"".",OPEN,5min
MAJOR,CODE_SMELL,batch-orchestrator/src/main/java/io/github/pinpols/batch/orchestrator/mapper/BatchDayReplaySessionMapper.java,13,java:S6213,Rename this variable to not match a restricted identifier.,OPEN,5min
MAJOR,CODE_SMELL,batch-worker/dispatch/src/test/java/io/github/pinpols/batch/worker/dispatchs/infrastructure/channel/DispatchChannelCircuitBreakerTest.java,160,java:S2925,"Remove this use of ""Thread.sleep()"".",OPEN,20min
MAJOR,CODE_SMELL,batch-worker/import/src/main/java/io/github/pinpols/batch/worker/imports/preprocess/ImportPreprocessPipeline.java,242,java:S4449,"Annotate the parameter with @javax.annotation.Nullable in method 'hasText' declaration, or make sure that null can not be passed as argument.",OPEN,10min
MAJOR,CODE_SMELL,batch-console-api/src/main/java/io/github/pinpols/batch/console/application/ops/DefaultConsoleApprovalApplicationService.java,70,java:S6213,Rename this variable to not match a restricted identifier.,OPEN,5min
MAJOR,CODE_SMELL,batch-worker/export/src/test/java/io/github/pinpols/batch/worker/exports/sql/SqlTemplateExportSqlValidatorTest.java,78,java:S5778,Refactor the code of the lambda to have only one invocation possibly throwing a runtime exception.,OPEN,5min
MAJOR,CODE_SMELL,batch-orchestrator/src/test/java/io/github/pinpols/batch/orchestrator/application/service/forensic/ForensicExportServiceTest.java,133,java:S5778,Refactor the code of the lambda to have only one invocation possibly throwing a runtime exception.,OPEN,5min
MAJOR,CODE_SMELL,batch-common/src/test/java/io/github/pinpols/batch/common/security/SensitiveDataValidatorTest.java,69,java:S5778,Refactor the code of the lambda to have only one invocation possibly throwing a runtime exception.,OPEN,5min
MAJOR,CODE_SMELL,batch-worker/dispatch/src/test/java/io/github/pinpols/batch/worker/dispatchs/integration/DispatchExternalChannelIntegrationTest.java,248,java:S6213,Rename this variable to not match a restricted identifier.,OPEN,5min
MAJOR,CODE_SMELL,batch-worker/export/src/main/java/io/github/pinpols/batch/worker/exports/stage/format/ExcelStyleOptions.java,93,java:S1168,Return an empty array instead of null.,OPEN,30min
MAJOR,CODE_SMELL,batch-common/src/test/java/io/github/pinpols/batch/testing/chaos/RedisDownToxicIT.java,93,java:S2925,"Remove this use of ""Thread.sleep()"".",OPEN,20min
MAJOR,CODE_SMELL,batch-common/src/test/java/io/github/pinpols/batch/common/config/BusinessDataSourceBuilderTest.java,17,java:S5778,Refactor the code of the lambda to have only one invocation possibly throwing a runtime exception.,OPEN,5min
MAJOR,CODE_SMELL,batch-common/src/test/java/io/github/pinpols/batch/common/rls/RlsClosedWorldCheckIntegrationTest.java,316,java:S5778,Refactor the code of the lambda to have only one invocation possibly throwing a runtime exception.,OPEN,5min
MAJOR,CODE_SMELL,batch-orchestrator/src/test/java/io/github/pinpols/batch/orchestrator/application/service/task/DefaultPartitionDispatchServiceTest.java,72,java:S125,This block of commented-out lines of code should be removed.,OPEN,5min
MAJOR,CODE_SMELL,batch-worker/dispatch/src/main/java/io/github/pinpols/batch/worker/dispatchs/infrastructure/channel/SmtpEmailDispatchChannelAdapter.java,193,java:S4449,"Annotate the parameter with @javax.annotation.Nullable in method 'hasText' declaration, or make sure that null can not be passed as argument.",OPEN,10min
MAJOR,CODE_SMELL,sdk/java/core/src/main/java/io/github/pinpols/batch/sdk/handler/typed/SdkAbstractTypedExportHandler.java,58,java:S1172,"Remove these unused method parameters ""input"", ""ctx"", ""counts"".",OPEN,5min
MAJOR,CODE_SMELL,batch-orchestrator/src/main/java/io/github/pinpols/batch/orchestrator/application/service/task/TaskOutcomeSummaryBuilder.java,217,java:S1168,Return an empty map instead of null.,OPEN,30min
MAJOR,CODE_SMELL,batch-worker/atomic/src/main/java/io/github/pinpols/batch/worker/atomic/shell/ShellTaskExecutor.java,409,java:S125,This block of commented-out lines of code should be removed.,OPEN,5min
MAJOR,CODE_SMELL,batch-orchestrator/src/main/java/io/github/pinpols/batch/orchestrator/application/service/replay/BatchDayReplayService.java,401,java:S6485,Replace this call to the constructor with the better suited static method HashMap.newHashMap(int numMappings),OPEN,5min
MAJOR,CODE_SMELL,sdk/java/core/src/main/java/io/github/pinpols/batch/sdk/dispatcher/KafkaTaskConsumer.java,189,java:S1181,Catch Exception instead of Throwable.,OPEN,20min
MAJOR,CODE_SMELL,batch-orchestrator/src/main/java/io/github/pinpols/batch/orchestrator/application/service/asset/AssetFreshnessPolicyService.java,143,java:S6885,"Use ""Math.clamp"" instead of ""Math.min"" or ""Math.max"".",OPEN,5min
MAJOR,CODE_SMELL,batch-orchestrator/src/main/java/io/github/pinpols/batch/orchestrator/infrastructure/statemachine/DefaultStateMachine.java,77,java:S4449,"Annotate the parameter with @javax.annotation.Nullable in method 'hasText' declaration, or make sure that null can not be passed as argument.",OPEN,10min
MAJOR,CODE_SMELL,batch-worker/export/src/test/java/io/github/pinpols/batch/worker/exports/sql/SqlTemplateExportSqlValidatorTest.java,248,java:S5778,Refactor the code of the lambda to have only one invocation possibly throwing a runtime exception.,OPEN,5min
MAJOR,CODE_SMELL,sdk/java/core/src/test/java/io/github/pinpols/batch/sdk/client/BatchPlatformClientBuilderTest.java,58,java:S5778,Refactor the code of the lambda to have only one invocation possibly throwing a runtime exception.,OPEN,5min
MAJOR,CODE_SMELL,batch-console-api/src/test/java/io/github/pinpols/batch/console/domain/notification/infrastructure/DefaultConsoleNotificationApplicationServiceTest.java,151,java:S5778,Refactor the code of the lambda to have only one invocation possibly throwing a runtime exception.,OPEN,5min
MAJOR,CODE_SMELL,sdk/java/core/src/main/java/io/github/pinpols/batch/sdk/handler/atomic/StoredProcAtomicHandler.java,267,java:S112,Replace generic exceptions with specific library exceptions or a custom exception.,OPEN,20min
MAJOR,CODE_SMELL,batch-common/src/main/java/io/github/pinpols/batch/common/utils/S3BucketSupport.java,29,java:S2589,"Remove this expression which always evaluates to ""false""",OPEN,10min
MAJOR,CODE_SMELL,sdk/java/core/src/main/java/io/github/pinpols/batch/sdk/idempotent/SdkIdempotencyStore.java,42,java:S6213,Rename this variable to not match a restricted identifier.,OPEN,5min
MAJOR,BUG,batch-common/src/main/java/io/github/pinpols/batch/common/utils/CodeNormalizer.java,90,java:S2583,"Change this condition so that it does not always evaluate to ""false""",OPEN,15min
MAJOR,CODE_SMELL,batch-worker/core/src/main/java/io/github/pinpols/batch/worker/core/support/PipelineCompensationHook.java,101,java:S1141,Extract this nested try block into a separate method.,OPEN,20min
MAJOR,CODE_SMELL,batch-console-api/src/main/java/io/github/pinpols/batch/console/infrastructure/config/TenantConfigInitApplyHandlers.java,60,java:S6813,Remove this field injection and use constructor injection instead.,OPEN,5min
MAJOR,CODE_SMELL,batch-worker/export/src/main/java/io/github/pinpols/batch/worker/exports/stage/format/DelimitedExportFormat.java,98,java:S112,Replace generic exceptions with specific library exceptions or a custom exception.,OPEN,20min
MAJOR,CODE_SMELL,batch-common/src/test/java/io/github/pinpols/batch/common/storage/FilesystemObjectStoreTest.java,90,java:S5778,Refactor the code of the lambda to have only one invocation possibly throwing a runtime exception.,OPEN,5min
MAJOR,CODE_SMELL,batch-worker/atomic/src/test/java/io/github/pinpols/batch/worker/atomic/runtime/AtomicExecutorProductionGuardTest.java,177,java:S5778,Refactor the code of the lambda to have only one invocation possibly throwing a runtime exception.,OPEN,5min
MAJOR,BUG,batch-console-api/src/main/java/io/github/pinpols/batch/console/domain/audit/infrastructure/ai/DefaultConsoleAiApplicationService.java,,java:S2259,"A ""NullPointerException"" could be thrown; ""getResult()"" can return null.",CLOSED,10min
MAJOR,CODE_SMELL,batch-worker/process/src/main/java/io/github/pinpols/batch/worker/processes/sql/SqlTransformComputeSpec.java,266,java:S125,This block of commented-out lines of code should be removed.,OPEN,5min
MAJOR,CODE_SMELL,batch-console-api/src/main/java/io/github/pinpols/batch/console/domain/rbac/support/captcha/TencentCaptchaVerifier.java,203,java:S112,Replace generic exceptions with specific library exceptions or a custom exception.,OPEN,20min
MAJOR,CODE_SMELL,batch-console-api/src/test/java/io/github/pinpols/batch/console/domain/rbac/support/ConsoleDefaultPasswordGuardTest.java,46,java:S5778,Refactor the code of the lambda to have only one invocation possibly throwing a runtime exception.,OPEN,5min
MAJOR,CODE_SMELL,batch-orchestrator/src/main/java/io/github/pinpols/batch/orchestrator/application/service/task/TaskControllerApplicationService.java,71,java:S6813,Remove this field injection and use constructor injection instead.,OPEN,5min
MAJOR,CODE_SMELL,batch-console-api/src/test/java/io/github/pinpols/batch/console/shared/approval/OrchestratorApprovalClientTest.java,113,java:S5778,Refactor the code of the lambda to have only one invocation possibly throwing a runtime exception.,OPEN,5min
MAJOR,CODE_SMELL,batch-orchestrator/src/test/java/io/github/pinpols/batch/orchestrator/application/ratelimit/TokenBucketRateLimiterIntegrationTest.java,139,java:S2925,"Remove this use of ""Thread.sleep()"".",OPEN,20min
MAJOR,CODE_SMELL,sdk/java/core/src/main/java/io/github/pinpols/batch/sdk/handler/atomic/SqlAtomicHandler.java,186,java:S112,Replace generic exceptions with specific library exceptions or a custom exception.,OPEN,20min
MAJOR,CODE_SMELL,sdk/java/core/src/test/java/io/github/pinpols/batch/sdk/internal/ThrottledLoggerTest.java,34,java:S5778,Refactor the code of the lambda to have only one invocation possibly throwing a runtime exception.,OPEN,5min
MAJOR,CODE_SMELL,sdk/java/core/src/main/java/io/github/pinpols/batch/sdk/handler/typed/SdkAbstractTypedImportHandler.java,92,java:S1172,"Remove these unused method parameters ""input"", ""batch"".",OPEN,5min
MAJOR,CODE_SMELL,batch-console-api/src/test/java/io/github/pinpols/batch/console/integration/ReadReplicaHappyPathIntegrationTest.java,179,java:S2925,"Remove this use of ""Thread.sleep()"".",OPEN,20min
MAJOR,CODE_SMELL,sdk/java/core/src/test/java/io/github/pinpols/batch/sdk/idempotent/SdkIdempotentHandlerTest.java,286,java:S6213,Rename this method to not match a restricted identifier.,OPEN,5min
MAJOR,VULNERABILITY,batch-worker/export/src/main/java/io/github/pinpols/batch/worker/exports/plugin/SqlTemplateExportDataPlugin.java,312,java:S2077,Make sure using a dynamically formatted SQL query is safe here.,OPEN,20min
MAJOR,BUG,batch-common/src/main/java/io/github/pinpols/batch/common/utils/AlertFingerprints.java,14,java:S2583,"Change this condition so that it does not always evaluate to ""false""",OPEN,15min
MAJOR,CODE_SMELL,batch-worker/core/src/main/java/io/github/pinpols/batch/worker/core/support/StaleTempFileCleanup.java,50,java:S1141,Extract this nested try block into a separate method.,OPEN,20min
MAJOR,CODE_SMELL,batch-console-api/src/main/java/io/github/pinpols/batch/console/domain/audit/infrastructure/ai/DefaultConsoleAiApplicationService.java,,java:S2589,"Remove this expression which always evaluates to ""false""",CLOSED,10min
MAJOR,CODE_SMELL,sdk/java/core/src/test/java/io/github/pinpols/batch/sdk/internal/ThrottledLoggerTest.java,63,java:S2925,"Remove this use of ""Thread.sleep()"".",OPEN,20min
MAJOR,BUG,batch-worker/import/src/main/java/io/github/pinpols/batch/worker/imports/stage/format/FormatParseRequest.java,24,java:S6218,"Override equals, hashCode and toString to consider array's content in the method",OPEN,5min
MAJOR,CODE_SMELL,batch-worker/import/src/test/java/io/github/pinpols/batch/worker/imports/plugin/ImportLoadPluginRegistryTest.java,61,java:S5778,Refactor the code of the lambda to have only one invocation possibly throwing a runtime exception.,OPEN,5min
MAJOR,CODE_SMELL,batch-worker/export/src/test/java/io/github/pinpols/batch/worker/exports/region/ExportRegionResolverTest.java,51,java:S5778,Refactor the code of the lambda to have only one invocation possibly throwing a runtime exception.,OPEN,5min
MAJOR,CODE_SMELL,batch-orchestrator/src/test/java/io/github/pinpols/batch/orchestrator/service/DefaultWorkerRegistryServiceTest.java,312,java:S5778,Refactor the code of the lambda to have only one invocation possibly throwing a runtime exception.,OPEN,5min
MAJOR,CODE_SMELL,batch-orchestrator/src/main/java/io/github/pinpols/batch/orchestrator/mapper/BatchDayInstanceMapper.java,30,java:S6213,Rename this variable to not match a restricted identifier.,OPEN,5min
MAJOR,CODE_SMELL,batch-orchestrator/src/main/java/io/github/pinpols/batch/orchestrator/application/scheduler/TenantSchedulerSnapshotService.java,229,java:S6885,"Use ""Math.clamp"" instead of ""Math.min"" or ""Math.max"".",OPEN,5min
MAJOR,CODE_SMELL,batch-orchestrator/src/test/java/io/github/pinpols/batch/orchestrator/application/service/DefaultCompensationServiceTest.java,106,java:S5976,Replace these 3 tests with a single Parameterized one.,OPEN,10min
MAJOR,CODE_SMELL,batch-worker/export/src/main/java/io/github/pinpols/batch/worker/exports/sql/SqlTemplateExportSpec.java,54,java:S4449,"Annotate the parameter with @javax.annotation.Nullable in method 'hasText' declaration, or make sure that null can not be passed as argument.",OPEN,10min
MAJOR,CODE_SMELL,batch-console-api/src/test/java/io/github/pinpols/batch/console/domain/notification/infrastructure/DefaultConsoleNotificationApplicationServiceTest.java,183,java:S5778,Refactor the code of the lambda to have only one invocation possibly throwing a runtime exception.,OPEN,5min
MAJOR,BUG,batch-worker/import/src/main/java/io/github/pinpols/batch/worker/imports/infrastructure/quality/TrailerControlRecord.java,,java:S2259,"A ""NullPointerException"" could be thrown; ""raw"" is nullable here.",CLOSED,10min
MAJOR,BUG,batch-console-api/src/main/java/io/github/pinpols/batch/console/application/observability/SseTicketService.java,59,java:S2259,"A ""NullPointerException"" could be thrown; ""value"" is nullable here.",OPEN,10min
MAJOR,CODE_SMELL,batch-orchestrator/src/test/java/io/github/pinpols/batch/orchestrator/application/service/forensic/ForensicExportServiceTest.java,144,java:S5778,Refactor the code of the lambda to have only one invocation possibly throwing a runtime exception.,OPEN,5min
MAJOR,CODE_SMELL,batch-orchestrator/src/main/java/io/github/pinpols/batch/orchestrator/infrastructure/scheduler/BatchDaySettleScheduler.java,245,java:S6213,Rename this variable to not match a restricted identifier.,OPEN,5min
MAJOR,CODE_SMELL,batch-console-api/src/main/java/io/github/pinpols/batch/console/support/excel/ConsoleSingleSheetExcelImportSupport.java,295,java:S1172,"Remove this unused method parameter ""uploadToken"".",OPEN,5min
MAJOR,CODE_SMELL,batch-orchestrator/src/test/java/io/github/pinpols/batch/orchestrator/integration/CompensationFailureRecoveryIntegrationTest.java,46,java:S5778,Refactor the code of the lambda to have only one invocation possibly throwing a runtime exception.,OPEN,5min
MAJOR,CODE_SMELL,batch-worker/import/src/main/java/io/github/pinpols/batch/worker/imports/preprocess/ImportPreprocessPipeline.java,281,java:S4449,"Annotate the parameter with @javax.annotation.Nullable in method 'hasText' declaration, or make sure that null can not be passed as argument.",OPEN,10min
MAJOR,CODE_SMELL,batch-console-api/src/main/java/io/github/pinpols/batch/console/domain/audit/infrastructure/ai/DefaultConsoleAiApplicationService.java,,java:S2589,"Remove this expression which always evaluates to ""false""",CLOSED,10min
MAJOR,CODE_SMELL,sdk/java/core/src/main/java/io/github/pinpols/batch/sdk/dispatcher/TaskDispatcher.java,452,java:S1168,Return an empty map instead of null.,OPEN,30min
MAJOR,BUG,batch-common/src/main/java/io/github/pinpols/batch/common/utils/SecretMasking.java,57,java:S2583,"Change this condition so that it does not always evaluate to ""false""",OPEN,15min
MAJOR,CODE_SMELL,batch-console-api/src/test/java/io/github/pinpols/batch/console/shared/approval/OrchestratorApprovalClientTest.java,93,java:S5778,Refactor the code of the lambda to have only one invocation possibly throwing a runtime exception.,OPEN,5min
MAJOR,CODE_SMELL,batch-worker/export/src/main/java/io/github/pinpols/batch/worker/exports/stage/RegisterStep.java,99,java:S4449,"Annotate the parameter with @javax.annotation.Nullable in method 'hasText' declaration, or make sure that null can not be passed as argument.",OPEN,10min
MAJOR,BUG,batch-console-api/src/main/java/io/github/pinpols/batch/console/infrastructure/config/DefaultConsoleTenantConfigPackageExcelApplicationService.java,929,java:S2583,"Change this condition so that it does not always evaluate to ""false""",OPEN,15min
MAJOR,CODE_SMELL,batch-common/src/main/java/io/github/pinpols/batch/common/plugin/ExportDataPlugin.java,20,java:S112,Replace generic exceptions with specific library exceptions or a custom exception.,OPEN,20min
MAJOR,CODE_SMELL,batch-worker/dispatch/src/main/java/io/github/pinpols/batch/worker/dispatchs/infrastructure/channel/RemoteFilesystemDispatchSupport.java,454,java:S4449,"Annotate the parameter with @javax.annotation.Nullable in method 'hasText' declaration, or make sure that null can not be passed as argument.",OPEN,10min
MAJOR,CODE_SMELL,batch-orchestrator/src/main/java/io/github/pinpols/batch/orchestrator/infrastructure/file/FileGovernanceScheduler.java,218,java:S108,"Remove this block of code, fill it in, or add a comment explaining why it is empty.",OPEN,5min
MAJOR,CODE_SMELL,batch-common/src/test/java/io/github/pinpols/batch/common/security/SensitiveDataValidatorTest.java,54,java:S5778,Refactor the code of the lambda to have only one invocation possibly throwing a runtime exception.,OPEN,5min
MAJOR,CODE_SMELL,batch-console-api/src/main/java/io/github/pinpols/batch/console/domain/rbac/support/LoginFailureTracker.java,77,java:S6213,Rename this method to not match a restricted identifier.,OPEN,5min
MAJOR,CODE_SMELL,batch-console-api/src/test/java/io/github/pinpols/batch/console/domain/workflow/infrastructure/DefaultConsoleWorkflowDefinitionApplicationServiceCreateUpdateValidationTest.java,107,java:S5778,Refactor the code of the lambda to have only one invocation possibly throwing a runtime exception.,OPEN,5min
MAJOR,BUG,batch-worker/import/src/main/java/io/github/pinpols/batch/worker/imports/stage/LoadStep.java,,java:S2259,"A ""NullPointerException"" could be thrown; ""context"" is nullable here.",CLOSED,10min
MAJOR,CODE_SMELL,batch-orchestrator/src/main/java/io/github/pinpols/batch/orchestrator/infrastructure/quota/QuotaRuntimeStateSnapshotScheduler.java,53,java:S6813,Remove this field injection and use constructor injection instead.,OPEN,5min
MAJOR,CODE_SMELL,batch-console-api/src/main/java/io/github/pinpols/batch/console/domain/ops/service/ConsoleSdkCatalogService.java,43,java:S6126,Replace this String concatenation with Text block.,OPEN,2min
MAJOR,CODE_SMELL,sdk/java/core/src/test/java/io/github/pinpols/batch/sdk/dispatcher/KafkaConsumerCloseJoinTest.java,133,java:S2925,"Remove this use of ""Thread.sleep()"".",OPEN,20min
MAJOR,CODE_SMELL,batch-worker/core/src/main/java/io/github/pinpols/batch/worker/core/support/AbstractTaskConsumer.java,202,java:S1141,Extract this nested try block into a separate method.,OPEN,20min
MAJOR,CODE_SMELL,batch-orchestrator/src/test/java/io/github/pinpols/batch/orchestrator/application/service/DefaultRetryGovernanceServiceTest.java,308,java:S1172,"Remove this unused method parameter ""jobDefinitionId"".",OPEN,5min
MAJOR,CODE_SMELL,batch-orchestrator/src/test/java/io/github/pinpols/batch/orchestrator/infrastructure/quota/QuotaRuntimeBackendGuardTest.java,48,java:S5778,Refactor the code of the lambda to have only one invocation possibly throwing a runtime exception.,OPEN,5min
MAJOR,CODE_SMELL,sdk/java/core/src/main/java/io/github/pinpols/batch/sdk/handler/SdkAbstractDispatchHandler.java,26,java:S112,Replace generic exceptions with specific library exceptions or a custom exception.,OPEN,20min
MAJOR,CODE_SMELL,batch-trigger/src/test/java/io/github/pinpols/batch/trigger/infrastructure/mq/KafkaTriggerEventPublisherTest.java,136,java:S6213,Rename this variable to not match a restricted identifier.,OPEN,5min
MAJOR,CODE_SMELL,batch-orchestrator/src/test/java/io/github/pinpols/batch/orchestrator/application/trigger/TriggerLaunchConsumerTest.java,142,java:S5778,Refactor the code of the lambda to have only one invocation possibly throwing a runtime exception.,OPEN,5min
MAJOR,CODE_SMELL,batch-console-api/src/main/java/io/github/pinpols/batch/console/domain/ops/service/ConsoleKafkaLagQueryService.java,58,java:S1141,Extract this nested try block into a separate method.,OPEN,20min
MAJOR,CODE_SMELL,batch-orchestrator/src/main/java/io/github/pinpols/batch/orchestrator/auth/ApiKeyVerifier.java,118,java:S6813,Remove this field injection and use constructor injection instead.,OPEN,5min
MAJOR,CODE_SMELL,batch-console-api/src/main/java/io/github/pinpols/batch/console/application/ops/DefaultConsoleApprovalApplicationService.java,308,java:S6213,Rename this variable to not match a restricted identifier.,OPEN,5min
MAJOR,CODE_SMELL,batch-orchestrator/src/main/java/io/github/pinpols/batch/orchestrator/application/service/dryrun/DryRunObjectStorageProbe.java,63,java:S1141,Extract this nested try block into a separate method.,OPEN,20min
MAJOR,CODE_SMELL,batch-worker/export/src/test/java/io/github/pinpols/batch/worker/exports/sql/SqlTemplateExportSqlValidatorTest.java,29,java:S5778,Refactor the code of the lambda to have only one invocation possibly throwing a runtime exception.,OPEN,5min
MAJOR,CODE_SMELL,batch-worker/dispatch/src/test/java/io/github/pinpols/batch/worker/dispatchs/infrastructure/channel/DispatchChannelGatewayTest.java,157,java:S2925,"Remove this use of ""Thread.sleep()"".",OPEN,20min
MAJOR,BUG,batch-worker/import/src/main/java/io/github/pinpols/batch/worker/imports/preprocess/ImportPreprocessPipeline.java,359,java:S2259,"A ""NullPointerException"" could be thrown; ""ivB64"" is nullable here.",OPEN,10min
MAJOR,CODE_SMELL,sdk/java/core/src/main/java/io/github/pinpols/batch/sdk/handler/typed/SdkAbstractTypedImportHandler.java,78,java:S112,Replace generic exceptions with specific library exceptions or a custom exception.,OPEN,20min
MAJOR,CODE_SMELL,batch-console-api/src/main/java/io/github/pinpols/batch/console/domain/rbac/support/ConsoleJwtService.java,279,java:S1066,Merge this if statement with the enclosing one.,OPEN,5min
MAJOR,CODE_SMELL,batch-console-api/src/main/java/io/github/pinpols/batch/console/infrastructure/excel/ConfigPackageExcelValidator.java,791,java:S1172,"Remove this unused method parameter ""tenantId"".",OPEN,5min
MAJOR,CODE_SMELL,batch-console-api/src/main/java/io/github/pinpols/batch/console/shared/query/ConsoleQuerySupport.java,114,java:S108,"Remove this block of code, fill it in, or add a comment explaining why it is empty.",OPEN,5min
MAJOR,CODE_SMELL,batch-orchestrator/src/test/java/io/github/pinpols/batch/orchestrator/service/DefaultWorkerRegistryServiceTest.java,396,java:S5778,Refactor the code of the lambda to have only one invocation possibly throwing a runtime exception.,OPEN,5min
MAJOR,CODE_SMELL,batch-common/src/main/java/io/github/pinpols/batch/common/service/BatchObjectCryptoService.java,72,java:S1168,Return an empty array instead of null.,OPEN,30min
MAJOR,BUG,batch-worker/import/src/main/java/io/github/pinpols/batch/worker/imports/preprocess/ImportPreprocessPipeline.java,406,java:S2259,"A ""NullPointerException"" could be thrown; ""expected"" is nullable here.",OPEN,10min
MAJOR,CODE_SMELL,batch-orchestrator/src/test/java/io/github/pinpols/batch/orchestrator/integration/ReportInvocationFenceIntegrationTest.java,194,java:S2925,"Remove this use of ""Thread.sleep()"".",OPEN,20min
MAJOR,CODE_SMELL,batch-orchestrator/src/main/java/io/github/pinpols/batch/orchestrator/infrastructure/scheduler/BatchDayReplayDispatcher.java,73,java:S6813,Remove this field injection and use constructor injection instead.,OPEN,5min
MAJOR,CODE_SMELL,batch-orchestrator/src/test/java/io/github/pinpols/batch/orchestrator/integration/OutboxPublishIntegrationTest.java,145,java:S6213,Rename this variable to not match a restricted identifier.,OPEN,5min
MAJOR,CODE_SMELL,batch-worker/import/src/main/java/io/github/pinpols/batch/worker/imports/preprocess/ImportPreprocessPipeline.java,136,java:S4449,"Annotate the parameter with @javax.annotation.Nullable in method 'hasText' declaration, or make sure that null can not be passed as argument.",OPEN,10min
MAJOR,CODE_SMELL,sdk/java/core/src/main/java/io/github/pinpols/batch/sdk/handler/typed/SdkAbstractTypedExportHandler.java,43,java:S112,Replace generic exceptions with specific library exceptions or a custom exception.,OPEN,20min
MAJOR,CODE_SMELL,batch-worker/atomic/src/test/java/io/github/pinpols/batch/worker/atomic/runtime/AtomicExecutorProductionGuardTest.java,259,java:S5778,Refactor the code of the lambda to have only one invocation possibly throwing a runtime exception.,OPEN,5min
MAJOR,CODE_SMELL,batch-worker/import/src/main/java/io/github/pinpols/batch/worker/imports/stage/DefaultImportStageExecutor.java,107,java:S125,This block of commented-out lines of code should be removed.,OPEN,5min
MAJOR,CODE_SMELL,batch-worker/import/src/main/java/io/github/pinpols/batch/worker/imports/stage/ValidateStep.java,418,java:S112,Replace generic exceptions with specific library exceptions or a custom exception.,OPEN,20min
MAJOR,CODE_SMELL,batch-worker/import/src/test/java/io/github/pinpols/batch/worker/imports/stage/format/DelimitedFormatParserTest.java,77,java:S5778,Refactor the code of the lambda to have only one invocation possibly throwing a runtime exception.,OPEN,5min
MAJOR,CODE_SMELL,batch-orchestrator/src/test/java/io/github/pinpols/batch/orchestrator/service/BatchDayOperationServiceTest.java,125,java:S5778,Refactor the code of the lambda to have only one invocation possibly throwing a runtime exception.,OPEN,5min
MAJOR,CODE_SMELL,sdk/java/core/src/main/java/io/github/pinpols/batch/sdk/handler/SdkAbstractExportHandler.java,27,java:S112,Replace generic exceptions with specific library exceptions or a custom exception.,OPEN,20min
MAJOR,CODE_SMELL,batch-orchestrator/src/test/java/io/github/pinpols/batch/orchestrator/application/engine/WorkflowTerminalOutboxLineageIsolationTest.java,96,java:S5778,Refactor the code of the lambda to have only one invocation possibly throwing a runtime exception.,OPEN,5min
MAJOR,CODE_SMELL,batch-console-api/src/main/java/io/github/pinpols/batch/console/service/ConsoleAssetFreshnessPolicyService.java,41,java:S6885,"Use ""Math.clamp"" instead of ""Math.min"" or ""Math.max"".",OPEN,5min
MAJOR,CODE_SMELL,batch-worker/import/src/main/java/io/github/pinpols/batch/worker/imports/stage/ParseStep.java,,java:S4449,"Annotate the parameter with @javax.annotation.Nullable in method 'hasText' declaration, or make sure that null can not be passed as argument.",CLOSED,10min
MAJOR,CODE_SMELL,batch-common/src/test/java/io/github/pinpols/batch/common/security/SensitiveDataValidatorTest.java,66,java:S5778,Refactor the code of the lambda to have only one invocation possibly throwing a runtime exception.,OPEN,5min
MAJOR,CODE_SMELL,batch-console-api/src/main/java/io/github/pinpols/batch/console/application/ops/ConsoleClusterDiagnosticService.java,74,java:S1172,"Remove this unused method parameter ""resolved"".",OPEN,5min
MAJOR,CODE_SMELL,batch-worker/atomic/src/main/java/io/github/pinpols/batch/worker/atomic/sql/SqlTaskExecutor.java,494,java:S1172,"Remove this unused method parameter ""ctx"".",OPEN,5min
MAJOR,BUG,batch-common/src/main/java/io/github/pinpols/batch/common/utils/Nullables.java,18,java:S2583,"Change this condition so that it does not always evaluate to ""true""",OPEN,15min
MAJOR,CODE_SMELL,batch-console-api/src/main/java/io/github/pinpols/batch/console/domain/notification/service/WebhookDispatcher.java,264,java:S125,This block of commented-out lines of code should be removed.,OPEN,5min
MAJOR,CODE_SMELL,batch-worker/export/src/main/java/io/github/pinpols/batch/worker/exports/stage/GenerateStep.java,437,java:S112,Replace generic exceptions with specific library exceptions or a custom exception.,OPEN,20min
MAJOR,CODE_SMELL,sdk/java/core/src/main/java/io/github/pinpols/batch/sdk/handler/typed/SdkAbstractTypedProcessHandler.java,43,java:S112,Replace generic exceptions with specific library exceptions or a custom exception.,OPEN,20min
MAJOR,CODE_SMELL,batch-orchestrator/src/test/java/io/github/pinpols/batch/orchestrator/application/service/workflow/WorkflowRunPauseResumeTest.java,120,java:S5778,Refactor the code of the lambda to have only one invocation possibly throwing a runtime exception.,OPEN,5min
MAJOR,CODE_SMELL,batch-console-api/src/main/java/io/github/pinpols/batch/console/support/web/ConsoleResponseFieldReader.java,53,java:S3358,Extract this nested ternary operation into an independent statement.,OPEN,5min
MAJOR,CODE_SMELL,sdk/java/core/src/main/java/io/github/pinpols/batch/sdk/handler/typed/SdkAbstractTypedExportHandler.java,55,java:S112,Replace generic exceptions with specific library exceptions or a custom exception.,OPEN,20min
MAJOR,BUG,batch-orchestrator/src/main/java/io/github/pinpols/batch/orchestrator/security/RequestSignatureVerifier.java,28,java:S6218,"Override equals, hashCode and toString to consider array's content in the method",OPEN,5min
MAJOR,CODE_SMELL,batch-worker/atomic/src/test/java/io/github/pinpols/batch/worker/atomic/runtime/AtomicIsolationStartupCheckTest.java,103,java:S5778,Refactor the code of the lambda to have only one invocation possibly throwing a runtime exception.,OPEN,5min
MAJOR,CODE_SMELL,batch-orchestrator/src/test/java/io/github/pinpols/batch/orchestrator/application/service/task/ChildJobLaunchSupportTest.java,117,java:S5778,Refactor the code of the lambda to have only one invocation possibly throwing a runtime exception.,OPEN,5min
MAJOR,CODE_SMELL,batch-worker/atomic/src/main/java/io/github/pinpols/batch/worker/atomic/runtime/AbstractBatchTaskExecutor.java,49,java:S1181,Catch Exception instead of Throwable.,OPEN,20min
MAJOR,CODE_SMELL,batch-orchestrator/src/test/java/io/github/pinpols/batch/orchestrator/application/trigger/TriggerLaunchConsumerTest.java,90,java:S6213,Rename this variable to not match a restricted identifier.,OPEN,5min
MAJOR,CODE_SMELL,batch-orchestrator/src/main/java/io/github/pinpols/batch/orchestrator/mapper/BatchDayReplaySessionMapper.java,24,java:S107,"Method has 8 parameters, which is greater than 7 authorized.",OPEN,20min
MAJOR,CODE_SMELL,batch-orchestrator/src/main/java/io/github/pinpols/batch/orchestrator/infrastructure/mybatis/MapJsonbTypeHandler.java,62,java:S1168,Return an empty map instead of null.,OPEN,30min
MAJOR,BUG,batch-common/src/main/java/io/github/pinpols/batch/common/utils/EncodingUtils.java,93,java:S2583,"Change this condition so that it does not always evaluate to ""false""",OPEN,15min
MAJOR,CODE_SMELL,batch-common/src/test/java/io/github/pinpols/batch/common/security/SensitiveDataValidatorTest.java,62,java:S5778,Refactor the code of the lambda to have only one invocation possibly throwing a runtime exception.,OPEN,5min
MAJOR,CODE_SMELL,batch-orchestrator/src/main/java/io/github/pinpols/batch/orchestrator/application/service/dryrun/DryRunObjectStorageProbe.java,32,java:S4449,"Annotate the parameter with @javax.annotation.Nullable in method 'hasText' declaration, or make sure that null can not be passed as argument.",OPEN,10min
MAJOR,CODE_SMELL,batch-worker/export/src/test/java/io/github/pinpols/batch/worker/exports/sql/SqlTemplateExportSqlValidatorTest.java,22,java:S5778,Refactor the code of the lambda to have only one invocation possibly throwing a runtime exception.,OPEN,5min
MAJOR,CODE_SMELL,batch-orchestrator/src/test/java/io/github/pinpols/batch/orchestrator/integration/OutboxPublishIntegrationTest.java,181,java:S6213,Rename this variable to not match a restricted identifier.,OPEN,5min
MAJOR,CODE_SMELL,batch-console-api/src/test/java/io/github/pinpols/batch/console/domain/audit/infrastructure/ai/DefaultConsoleAiApplicationServiceTest.java,167,java:S5778,Refactor the code of the lambda to have only one invocation possibly throwing a runtime exception.,OPEN,5min
MAJOR,CODE_SMELL,batch-worker/export/src/test/java/io/github/pinpols/batch/worker/exports/sql/SqlTemplateExportSqlValidatorTest.java,45,java:S5778,Refactor the code of the lambda to have only one invocation possibly throwing a runtime exception.,OPEN,5min
MAJOR,CODE_SMELL,batch-worker/dispatch/src/test/java/io/github/pinpols/batch/worker/dispatchs/infrastructure/DispatchFileContentResolverPathTest.java,54,java:S6213,Rename this variable to not match a restricted identifier.,OPEN,5min
MAJOR,CODE_SMELL,sdk/java/core/src/test/java/io/github/pinpols/batch/sdk/dispatcher/KafkaTaskConsumerCommitDecisionTest.java,177,java:S6213,Rename this method to not match a restricted identifier.,OPEN,5min
MAJOR,CODE_SMELL,batch-console-api/src/main/java/io/github/pinpols/batch/console/infrastructure/excel/ConfigPackageExcelValidator.java,848,java:S107,"Method has 10 parameters, which is greater than 7 authorized.",OPEN,20min
MAJOR,CODE_SMELL,batch-worker/import/src/test/java/io/github/pinpols/batch/worker/imports/stage/ParseStepFixedWidthAndXmlTest.java,79,java:S6126,Replace this String concatenation with Text block.,OPEN,2min
MAJOR,CODE_SMELL,batch-orchestrator/src/main/java/io/github/pinpols/batch/orchestrator/application/service/workflow/WorkflowGraphValidator.java,566,java:S4449,"Annotate the parameter with @javax.annotation.Nullable in method 'hasText' declaration, or make sure that null can not be passed as argument.",OPEN,10min
MAJOR,CODE_SMELL,sdk/java/core/src/main/java/io/github/pinpols/batch/sdk/dispatcher/KafkaTaskConsumer.java,495,java:S1172,"Remove this unused method parameter ""config"".",OPEN,5min
MAJOR,CODE_SMELL,batch-orchestrator/src/main/java/io/github/pinpols/batch/orchestrator/config/OrchestratorKafkaConsumerConfiguration.java,104,java:S6213,Rename this variable to not match a restricted identifier.,OPEN,5min
MAJOR,CODE_SMELL,batch-console-api/src/main/java/io/github/pinpols/batch/console/domain/audit/mapper/OperationAuditMapper.java,40,java:S107,"Method has 9 parameters, which is greater than 7 authorized.",OPEN,20min
MAJOR,CODE_SMELL,batch-worker/import/src/main/java/io/github/pinpols/batch/worker/imports/stage/format/JsonFormatParser.java,73,java:S6213,Rename this variable to not match a restricted identifier.,OPEN,5min
MAJOR,CODE_SMELL,batch-worker/import/src/main/java/io/github/pinpols/batch/worker/imports/preprocess/ImportPreprocessPipeline.java,293,java:S4449,"Annotate the parameter with @javax.annotation.Nullable in method 'hasText' declaration, or make sure that null can not be passed as argument.",OPEN,10min
MAJOR,CODE_SMELL,batch-console-api/src/main/java/io/github/pinpols/batch/console/domain/notification/infrastructure/DefaultConsoleAlertApplicationService.java,66,java:S2589,"Remove this expression which always evaluates to ""true""",OPEN,10min
MAJOR,CODE_SMELL,sdk/java/core/src/main/java/io/github/pinpols/batch/sdk/handler/typed/SdkAbstractTypedDispatchHandler.java,42,java:S112,Replace generic exceptions with specific library exceptions or a custom exception.,OPEN,20min
MAJOR,CODE_SMELL,batch-orchestrator/src/test/java/io/github/pinpols/batch/orchestrator/integration/ApprovalWorkflowIntegrationTest.java,201,java:S6213,Rename this variable to not match a restricted identifier.,OPEN,5min
MAJOR,CODE_SMELL,batch-worker/export/src/main/java/io/github/pinpols/batch/worker/exports/stage/StoreStep.java,183,java:S112,Replace generic exceptions with specific library exceptions or a custom exception.,OPEN,20min
MAJOR,CODE_SMELL,batch-worker/dispatch/src/test/java/io/github/pinpols/batch/worker/dispatchs/infrastructure/channel/DispatchChannelCircuitBreakerTest.java,80,java:S2925,"Remove this use of ""Thread.sleep()"".",OPEN,20min
MAJOR,CODE_SMELL,batch-common/src/test/java/io/github/pinpols/batch/common/spi/task/TaskCapabilityTest.java,23,java:S5778,Refactor the code of the lambda to have only one invocation possibly throwing a runtime exception.,OPEN,5min
MAJOR,CODE_SMELL,batch-console-api/src/main/java/io/github/pinpols/batch/console/domain/rbac/support/ConsoleJwtService.java,245,java:S2589,"Remove this expression which always evaluates to ""true""",OPEN,10min
MAJOR,CODE_SMELL,batch-worker/core/src/test/java/io/github/pinpols/batch/worker/core/support/PipelineCompensationHookTest.java,276,java:S4144,"Update this method so that its implementation is not identical to ""getIfAvailable"" on line 271.",OPEN,15min
MAJOR,CODE_SMELL,sdk/java/core/src/main/java/io/github/pinpols/batch/sdk/handler/typed/SdkTypedTaskHandler.java,72,java:S1172,"Remove this unused method parameter ""output"".",OPEN,5min
MAJOR,CODE_SMELL,batch-worker/export/src/test/java/io/github/pinpols/batch/worker/exports/sql/SqlTemplateExportSqlValidatorTest.java,69,java:S5778,Refactor the code of the lambda to have only one invocation possibly throwing a runtime exception.,OPEN,5min
MAJOR,BUG,batch-common/src/main/java/io/github/pinpols/batch/common/utils/CodeNormalizer.java,63,java:S2583,"Change this condition so that it does not always evaluate to ""false""",OPEN,15min
MAJOR,CODE_SMELL,batch-worker/export/src/main/java/io/github/pinpols/batch/worker/exports/stage/GenerateStep.java,397,java:S112,Replace generic exceptions with specific library exceptions or a custom exception.,OPEN,20min
MAJOR,VULNERABILITY,batch-orchestrator/src/main/java/io/github/pinpols/batch/orchestrator/infrastructure/admin/AdminTestDataCleanupRepository.java,118,java:S2077,Make sure using a dynamically formatted SQL query is safe here.,OPEN,20min
MAJOR,CODE_SMELL,batch-orchestrator/src/test/java/io/github/pinpols/batch/orchestrator/application/service/replay/BatchDayReplayServiceTest.java,187,java:S5778,Refactor the code of the lambda to have only one invocation possibly throwing a runtime exception.,OPEN,5min
MAJOR,CODE_SMELL,batch-orchestrator/src/main/java/io/github/pinpols/batch/orchestrator/controller/PipelineProgressInternalController.java,48,java:S6204,Replace this usage of 'Stream.collect(Collectors.toUnmodifiableList())' with 'Stream.toList()'.,OPEN,5min
MAJOR,CODE_SMELL,batch-common/src/test/java/io/github/pinpols/batch/common/storage/EncryptingObjectStoreTest.java,106,java:S5778,Refactor the code of the lambda to have only one invocation possibly throwing a runtime exception.,OPEN,5min
MAJOR,CODE_SMELL,batch-console-api/src/main/java/io/github/pinpols/batch/console/support/excel/ConsoleSingleSheetExcelImportSupport.java,386,java:S4449,"Annotate the parameter with @javax.annotation.Nullable in method 'hasText' declaration, or make sure that null can not be passed as argument.",OPEN,10min
MAJOR,CODE_SMELL,batch-worker/core/src/main/java/io/github/pinpols/batch/worker/core/infrastructure/ActiveTaskLeaseRegistry.java,130,java:S125,This block of commented-out lines of code should be removed.,OPEN,5min
MAJOR,CODE_SMELL,sdk/java/core/src/main/java/io/github/pinpols/batch/sdk/idempotent/SdkIdempotencyStore.java,64,java:S6213,Rename this method to not match a restricted identifier.,OPEN,5min
MAJOR,CODE_SMELL,batch-orchestrator/src/main/java/io/github/pinpols/batch/orchestrator/application/service/dataquality/DataQualityCheckExecutor.java,107,java:S3358,Extract this nested ternary operation into an independent statement.,OPEN,5min
MAJOR,CODE_SMELL,batch-orchestrator/src/test/java/io/github/pinpols/batch/orchestrator/application/engine/DefaultScheduleForwarderRetryBackoffTest.java,18,java:S5976,Replace these 3 tests with a single Parameterized one.,OPEN,10min
MAJOR,CODE_SMELL,batch-worker/dispatch/src/main/java/io/github/pinpols/batch/worker/dispatchs/infrastructure/channel/RemoteFilesystemDispatchSupport.java,381,java:S4449,"Annotate the parameter with @javax.annotation.Nullable in method 'hasText' declaration, or make sure that null can not be passed as argument.",OPEN,10min
MAJOR,CODE_SMELL,batch-worker/import/src/main/java/io/github/pinpols/batch/worker/imports/preprocess/ImportPreprocessPipeline.java,254,java:S4449,"Annotate the parameter with @javax.annotation.Nullable in method 'hasText' declaration, or make sure that null can not be passed as argument.",OPEN,10min
MAJOR,CODE_SMELL,batch-worker/dispatch/src/test/java/io/github/pinpols/batch/worker/dispatchs/infrastructure/DispatchFileContentResolverPathTest.java,63,java:S6213,Rename this variable to not match a restricted identifier.,OPEN,5min
MAJOR,CODE_SMELL,batch-common/src/main/java/io/github/pinpols/batch/common/persistence/mybatis/AuditFieldsInterceptor.java,163,java:S3011,This accessibility bypass should be removed.,OPEN,30min
MAJOR,CODE_SMELL,batch-worker/import/src/main/java/io/github/pinpols/batch/worker/imports/preprocess/ImportPreprocessPipeline.java,497,java:S4449,"Annotate the parameter with @javax.annotation.Nullable in method 'resolve' declaration, or make sure that null can not be passed as argument.",OPEN,10min
MAJOR,CODE_SMELL,batch-worker/dispatch/src/main/java/io/github/pinpols/batch/worker/dispatchs/infrastructure/DispatchDeliveryMetrics.java,34,java:S3358,Extract this nested ternary operation into an independent statement.,OPEN,5min
MAJOR,CODE_SMELL,batch-orchestrator/src/test/java/io/github/pinpols/batch/orchestrator/application/service/workflow/WorkflowRunPauseResumeTest.java,110,java:S5778,Refactor the code of the lambda to have only one invocation possibly throwing a runtime exception.,OPEN,5min
MAJOR,CODE_SMELL,sdk/java/core/src/test/java/io/github/pinpols/batch/sdk/client/BatchPlatformClientConfigValidationTest.java,128,java:S5778,Refactor the code of the lambda to have only one invocation possibly throwing a runtime exception.,OPEN,5min
MAJOR,CODE_SMELL,batch-console-api/src/main/java/io/github/pinpols/batch/console/domain/file/infrastructure/DefaultConsoleFileApplicationService.java,221,java:S4449,"Annotate the parameter with @javax.annotation.Nullable in method 'hasText' declaration, or make sure that null can not be passed as argument.",OPEN,10min
MAJOR,CODE_SMELL,batch-common/src/main/java/io/github/pinpols/batch/common/spi/task/BatchWorkerAtomicProperties.java,50,java:S1123,Add the missing @deprecated Javadoc tag.,OPEN,5min
MAJOR,CODE_SMELL,batch-worker/process/src/main/java/io/github/pinpols/batch/worker/processes/metrics/ProcessMetrics.java,102,java:S1172,"Remove this unused method parameter ""tenantId"".",OPEN,5min
MAJOR,CODE_SMELL,sdk/java/core/src/test/java/io/github/pinpols/batch/sdk/internal/ThrottledLoggerTest.java,28,java:S5778,Refactor the code of the lambda to have only one invocation possibly throwing a runtime exception.,OPEN,5min
MAJOR,CODE_SMELL,batch-orchestrator/src/main/java/io/github/pinpols/batch/orchestrator/infrastructure/scheduler/DefaultResourceScheduler.java,255,java:S3358,Extract this nested ternary operation into an independent statement.,OPEN,5min
MAJOR,CODE_SMELL,batch-worker/dispatch/src/main/java/io/github/pinpols/batch/worker/dispatchs/infrastructure/channel/DispatchChannelGateway.java,67,java:S2589,"Remove this expression which always evaluates to ""false""",OPEN,10min
MAJOR,CODE_SMELL,batch-orchestrator/src/test/java/io/github/pinpols/batch/orchestrator/application/plan/DefaultSchedulePlanBuilderTest.java,335,java:S5778,Refactor the code of the lambda to have only one invocation possibly throwing a runtime exception.,OPEN,5min
MAJOR,CODE_SMELL,batch-console-api/src/main/java/io/github/pinpols/batch/console/infrastructure/excel/ConfigPackageExcelValidator.java,756,java:S1172,"Remove this unused method parameter ""tenantId"".",OPEN,5min
MAJOR,CODE_SMELL,sdk/java/core/src/test/java/io/github/pinpols/batch/sdk/dispatcher/KafkaConsumerCloseJoinTest.java,106,java:S2925,"Remove this use of ""Thread.sleep()"".",OPEN,20min
MAJOR,CODE_SMELL,sdk/java/core/src/test/java/io/github/pinpols/batch/sdk/idempotent/SdkIdempotentHandlerTest.java,264,java:S6213,Rename this variable to not match a restricted identifier.,OPEN,5min
MAJOR,CODE_SMELL,batch-console-api/src/main/java/io/github/pinpols/batch/console/application/rbac/ConsoleTenantReadinessService.java,54,java:S125,This block of commented-out lines of code should be removed.,OPEN,5min
MAJOR,CODE_SMELL,batch-console-api/src/main/java/io/github/pinpols/batch/console/domain/rbac/support/ConsoleTenantGuard.java,66,java:S1066,Merge this if statement with the enclosing one.,OPEN,5min
MAJOR,CODE_SMELL,batch-console-api/src/main/java/io/github/pinpols/batch/console/infrastructure/excel/AbstractSingleSheetExcelService.java,80,java:S1172,"Remove these unused method parameters ""row"", ""tenantId"".",OPEN,5min
MAJOR,BUG,batch-orchestrator/src/main/java/io/github/pinpols/batch/orchestrator/service/LaunchParamResolver.java,94,java:S2583,"Change this condition so that it does not always evaluate to ""false""",OPEN,15min
MAJOR,CODE_SMELL,batch-common/src/main/java/io/github/pinpols/batch/common/utils/ConsoleTextSanitizer.java,92,java:S4449,"Annotate the parameter with @javax.annotation.Nullable in constructor declaration, or make sure that null can not be passed as argument.",OPEN,10min
MAJOR,CODE_SMELL,batch-orchestrator/src/main/java/io/github/pinpols/batch/orchestrator/infrastructure/mybatis/MapJsonbTypeHandler.java,67,java:S1168,Return an empty map instead of null.,OPEN,30min
MAJOR,CODE_SMELL,batch-console-api/src/test/java/io/github/pinpols/batch/console/domain/notification/web/AlertmanagerNotifyControllerTest.java,85,java:S5778,Refactor the code of the lambda to have only one invocation possibly throwing a runtime exception.,OPEN,5min
MAJOR,CODE_SMELL,batch-worker/import/src/main/java/io/github/pinpols/batch/worker/imports/stage/format/FormatParseRequest.java,61,java:S1181,Catch Exception instead of Error.,OPEN,20min
MAJOR,CODE_SMELL,sdk/java/core/src/main/java/io/github/pinpols/batch/sdk/handler/typed/SdkAbstractTypedExportHandler.java,48,java:S112,Replace generic exceptions with specific library exceptions or a custom exception.,OPEN,20min
MAJOR,CODE_SMELL,batch-worker/dispatch/src/main/java/io/github/pinpols/batch/worker/dispatchs/infrastructure/channel/SmtpEmailDispatchChannelAdapter.java,171,java:S112,Replace generic exceptions with specific library exceptions or a custom exception.,OPEN,20min
MAJOR,CODE_SMELL,batch-worker/export/src/main/java/io/github/pinpols/batch/worker/exports/stage/format/AbstractExportFormat.java,173,java:S112,Replace generic exceptions with specific library exceptions or a custom exception.,OPEN,20min
MAJOR,CODE_SMELL,batch-console-api/src/test/java/io/github/pinpols/batch/console/domain/notification/web/AlertmanagerNotifyControllerTest.java,63,java:S5778,Refactor the code of the lambda to have only one invocation possibly throwing a runtime exception.,OPEN,5min
MAJOR,CODE_SMELL,sdk/java/core/src/main/java/io/github/pinpols/batch/sdk/scheduler/HeartbeatScheduler.java,150,java:S6885,"Use ""Math.clamp"" instead of ""Math.min"" or ""Math.max"".",OPEN,5min
MAJOR,CODE_SMELL,batch-worker/dispatch/src/test/java/io/github/pinpols/batch/worker/dispatchs/infrastructure/channel/DispatchChannelCircuitBreakerTest.java,275,java:S2925,"Remove this use of ""Thread.sleep()"".",OPEN,20min
MAJOR,CODE_SMELL,batch-console-api/src/main/java/io/github/pinpols/batch/console/domain/notification/service/TwilioSmsProvider.java,168,java:S112,Replace generic exceptions with specific library exceptions or a custom exception.,OPEN,20min
MAJOR,CODE_SMELL,batch-worker/atomic/src/test/java/io/github/pinpols/batch/worker/atomic/runtime/AtomicExecutorProductionGuardTest.java,116,java:S5778,Refactor the code of the lambda to have only one invocation possibly throwing a runtime exception.,OPEN,5min
MAJOR,BUG,batch-common/src/main/java/io/github/pinpols/batch/common/utils/ConsoleTextSanitizer.java,44,java:S2583,"Change this condition so that it does not always evaluate to ""false""",OPEN,15min
MAJOR,CODE_SMELL,batch-common/src/main/java/io/github/pinpols/batch/common/utils/EmptyChecks.java,31,java:S2589,"Remove this expression which always evaluates to ""false""",OPEN,10min
MAJOR,CODE_SMELL,batch-common/src/main/java/io/github/pinpols/batch/common/utils/ContentMaskingUtils.java,37,java:S2589,"Remove this expression which always evaluates to ""false""",OPEN,10min
MAJOR,CODE_SMELL,batch-common/src/main/java/io/github/pinpols/batch/common/web/AbstractApiExceptionHandler.java,132,java:S2629,Invoke method(s) only conditionally.,OPEN,5min
MAJOR,CODE_SMELL,sdk/java/core/src/main/java/io/github/pinpols/batch/sdk/client/BatchPlatformClient.java,275,java:S125,This block of commented-out lines of code should be removed.,OPEN,5min
MAJOR,CODE_SMELL,batch-worker/dispatch/src/main/java/io/github/pinpols/batch/worker/dispatchs/infrastructure/channel/DispatchManifestSupport.java,35,java:S4449,"Annotate the parameter with @javax.annotation.Nullable in method 'hasText' declaration, or make sure that null can not be passed as argument.",OPEN,10min
MAJOR,CODE_SMELL,batch-worker/export/src/test/java/io/github/pinpols/batch/worker/exports/region/ExportRegionResolverTest.java,80,java:S5778,Refactor the code of the lambda to have only one invocation possibly throwing a runtime exception.,OPEN,5min
MAJOR,CODE_SMELL,batch-console-api/src/main/java/io/github/pinpols/batch/console/domain/notification/web/ConsoleWebhookController.java,54,java:S6885,"Use ""Math.clamp"" instead of ""Math.min"" or ""Math.max"".",OPEN,5min
MAJOR,CODE_SMELL,sdk/java/core/src/test/java/io/github/pinpols/batch/sdk/handler/typed/SdkTypedTaskHandlerTest.java,103,java:S5778,Refactor the code of the lambda to have only one invocation possibly throwing a runtime exception.,OPEN,5min
MAJOR,CODE_SMELL,batch-console-api/src/main/java/io/github/pinpols/batch/console/domain/notification/support/ConsolePushJobNotifier.java,116,java:S6213,Rename this variable to not match a restricted identifier.,OPEN,5min
MAJOR,CODE_SMELL,sdk/java/core/src/main/java/io/github/pinpols/batch/sdk/dispatcher/TaskDispatcher.java,76,java:S8491,Remove or merge the dangling Javadoc comment(s).,OPEN,5min
MAJOR,BUG,batch-orchestrator/src/main/java/io/github/pinpols/batch/orchestrator/service/LaunchBatchDayService.java,91,java:S2259,"A ""NullPointerException"" could be thrown; ""last"" is nullable here.",OPEN,10min
MAJOR,CODE_SMELL,batch-orchestrator/src/test/java/io/github/pinpols/batch/orchestrator/application/ratelimit/RedisRateLimitCircuitBreakerTest.java,131,java:S2925,"Remove this use of ""Thread.sleep()"".",OPEN,20min
MAJOR,CODE_SMELL,batch-worker/import/src/main/java/io/github/pinpols/batch/worker/imports/preprocess/ImportPreprocessPipeline.java,352,java:S4449,"Annotate the parameter with @javax.annotation.Nullable in method 'hasText' declaration, or make sure that null can not be passed as argument.",OPEN,10min
MAJOR,CODE_SMELL,batch-console-api/src/main/java/io/github/pinpols/batch/console/infrastructure/config/TenantConfigPackageRowProjections.java,103,java:S6204,Replace this usage of 'Stream.collect(Collectors.toList())' with 'Stream.toList()' and ensure that the list is unmodified.,OPEN,5min
MAJOR,CODE_SMELL,sdk/java/core/src/main/java/io/github/pinpols/batch/sdk/handler/typed/SdkAbstractTypedExportHandler.java,52,java:S112,Replace generic exceptions with specific library exceptions or a custom exception.,OPEN,20min
MAJOR,CODE_SMELL,batch-worker/core/src/main/java/io/github/pinpols/batch/worker/core/infrastructure/HttpTaskExecutionClient.java,395,java:S1172,"Remove this unused method parameter ""report"".",OPEN,5min
MAJOR,CODE_SMELL,batch-common/src/test/java/io/github/pinpols/batch/common/logging/ThrottledLoggerTest.java,81,java:S5778,Refactor the code of the lambda to have only one invocation possibly throwing a runtime exception.,OPEN,5min
MAJOR,CODE_SMELL,batch-console-api/src/main/java/io/github/pinpols/batch/console/domain/file/infrastructure/DefaultConsoleFileApplicationService.java,229,java:S4449,"Annotate the parameter with @javax.annotation.Nullable in method 'hasText' declaration, or make sure that null can not be passed as argument.",OPEN,10min
MAJOR,BUG,batch-worker/export/src/main/java/io/github/pinpols/batch/worker/exports/stage/RegisterStep.java,100,java:S2259,"A ""NullPointerException"" could be thrown; ""expectedChecksum"" is nullable here.",OPEN,10min
MAJOR,CODE_SMELL,batch-orchestrator/src/test/java/io/github/pinpols/batch/orchestrator/application/service/task/TaskControllerApplicationServiceTest.java,378,java:S5778,Refactor the code of the lambda to have only one invocation possibly throwing a runtime exception.,OPEN,5min
MAJOR,CODE_SMELL,batch-console-api/src/main/java/io/github/pinpols/batch/console/infrastructure/config/TenantConfigPackageRowProjections.java,136,java:S6204,Replace this usage of 'Stream.collect(Collectors.toList())' with 'Stream.toList()' and ensure that the list is unmodified.,OPEN,5min
MAJOR,CODE_SMELL,batch-common/src/test/java/io/github/pinpols/batch/common/validation/PathSanitizerTest.java,57,java:S5778,Refactor the code of the lambda to have only one invocation possibly throwing a runtime exception.,OPEN,5min
MAJOR,CODE_SMELL,batch-trigger/src/main/java/io/github/pinpols/batch/trigger/infrastructure/mq/KafkaTriggerEventPublisher.java,59,java:S6213,Rename this variable to not match a restricted identifier.,OPEN,5min
MAJOR,BUG,batch-console-api/src/main/java/io/github/pinpols/batch/console/domain/notification/service/WebhookDispatcher.java,281,java:S2583,"Change this condition so that it does not always evaluate to ""false""",OPEN,15min
MAJOR,CODE_SMELL,batch-orchestrator/src/main/java/io/github/pinpols/batch/orchestrator/service/DefaultWorkerRegistryService.java,80,java:S3358,Extract this nested ternary operation into an independent statement.,OPEN,5min
MAJOR,CODE_SMELL,batch-console-api/src/main/java/io/github/pinpols/batch/console/domain/file/infrastructure/DefaultConsoleFileDownloadApplicationService.java,96,java:S4449,"Annotate the parameter with @javax.annotation.Nullable in method 'hasText' declaration, or make sure that null can not be passed as argument.",OPEN,10min
MAJOR,CODE_SMELL,sdk/java/core/src/main/java/io/github/pinpols/batch/sdk/handler/SdkAbstractProcessHandler.java,33,java:S112,Replace generic exceptions with specific library exceptions or a custom exception.,OPEN,20min
MAJOR,CODE_SMELL,batch-worker/dispatch/src/main/java/io/github/pinpols/batch/worker/dispatchs/infrastructure/channel/SftpDispatchChannelAdapter.java,292,java:S125,This block of commented-out lines of code should be removed.,OPEN,5min
MAJOR,CODE_SMELL,batch-console-api/src/main/java/io/github/pinpols/batch/console/domain/notification/service/DingTalkNotificationSender.java,155,java:S112,Replace generic exceptions with specific library exceptions or a custom exception.,OPEN,20min
MAJOR,CODE_SMELL,batch-worker/import/src/main/java/io/github/pinpols/batch/worker/imports/stage/ReceiveStep.java,266,java:S4449,"Annotate the parameter with @javax.annotation.Nullable in method 'hasText' declaration, or make sure that null can not be passed as argument.",OPEN,10min
MAJOR,CODE_SMELL,sdk/java/core/src/main/java/io/github/pinpols/batch/sdk/handler/builtin/HttpDispatchHandler.java,126,java:S112,Replace generic exceptions with specific library exceptions or a custom exception.,OPEN,20min
MAJOR,BUG,batch-common/src/main/java/io/github/pinpols/batch/common/page/CursorCodec.java,52,java:S2583,"Change this condition so that it does not always evaluate to ""false""",OPEN,15min
MAJOR,CODE_SMELL,batch-console-api/src/main/java/io/github/pinpols/batch/console/shared/client/OrchestratorInternalRestClient.java,51,java:S8491,Remove or merge the dangling Javadoc comment(s).,OPEN,5min
MAJOR,CODE_SMELL,batch-orchestrator/src/main/java/io/github/pinpols/batch/orchestrator/infrastructure/scheduler/DefaultResourceScheduler.java,377,java:S6885,"Use ""Math.clamp"" instead of ""Math.min"" or ""Math.max"".",OPEN,5min
MAJOR,BUG,batch-worker/import/src/main/java/io/github/pinpols/batch/worker/imports/stage/ReceiveStep.java,267,java:S2259,"A ""NullPointerException"" could be thrown; ""extracted"" is nullable here.",OPEN,10min
MAJOR,CODE_SMELL,batch-orchestrator/src/test/java/io/github/pinpols/batch/orchestrator/application/service/forensic/ForensicExportServiceTest.java,157,java:S5778,Refactor the code of the lambda to have only one invocation possibly throwing a runtime exception.,OPEN,5min
MAJOR,CODE_SMELL,batch-orchestrator/src/main/java/io/github/pinpols/batch/orchestrator/application/service/workflow/WorkflowGraphValidator.java,578,java:S4449,"Annotate the parameter with @javax.annotation.Nullable in method 'hasText' declaration, or make sure that null can not be passed as argument.",OPEN,10min
MAJOR,CODE_SMELL,batch-console-api/src/main/java/io/github/pinpols/batch/console/shared/client/TriggerInternalRestClient.java,43,java:S8491,Remove or merge the dangling Javadoc comment(s).,OPEN,5min
MAJOR,CODE_SMELL,batch-worker/import/src/main/java/io/github/pinpols/batch/worker/imports/stage/PreprocessStep.java,546,java:S8491,Remove or merge the dangling Javadoc comment(s).,OPEN,5min
MAJOR,CODE_SMELL,batch-common/src/main/java/io/github/pinpols/batch/common/persistence/mybatis/AuditFieldsInterceptor.java,71,java:S6880,Replace the chain of if/else with a switch expression.,OPEN,10min
MAJOR,CODE_SMELL,batch-worker/export/src/test/java/io/github/pinpols/batch/worker/exports/sql/SqlTemplateExportSqlValidatorTest.java,285,java:S5778,Refactor the code of the lambda to have only one invocation possibly throwing a runtime exception.,OPEN,5min
MAJOR,CODE_SMELL,sdk/java/core/src/test/java/io/github/pinpols/batch/sdk/idempotent/SdkIdempotentHandlerTest.java,264,java:S6213,Rename this method to not match a restricted identifier.,OPEN,5min
MAJOR,VULNERABILITY,batch-worker/import/src/main/java/io/github/pinpols/batch/worker/imports/plugin/GenericJdbcMappedImportLoadPlugin.java,199,java:S2077,Make sure using a dynamically formatted SQL query is safe here.,OPEN,20min
MAJOR,CODE_SMELL,batch-console-api/src/main/java/io/github/pinpols/batch/console/application/ops/DefaultConsoleApprovalApplicationService.java,169,java:S6213,Rename this variable to not match a restricted identifier.,OPEN,5min
MAJOR,CODE_SMELL,batch-console-api/src/main/java/io/github/pinpols/batch/console/domain/file/infrastructure/DefaultConsoleFileDownloadApplicationService.java,117,java:S4449,"Annotate the parameter with @javax.annotation.Nullable in method 'parseMediaType' declaration, or make sure that null can not be passed as argument.",OPEN,10min
MAJOR,BUG,batch-orchestrator/src/main/java/io/github/pinpols/batch/orchestrator/infrastructure/quota/QuotaRuntimeStateSnapshotScheduler.java,132,java:S3923,"This conditional operation returns the same value whether the condition is ""true"" or ""false"".",OPEN,15min
MAJOR,CODE_SMELL,batch-common/src/main/java/io/github/pinpols/batch/common/web/AbstractApiExceptionHandler.java,55,java:S2629,Invoke method(s) only conditionally.,OPEN,5min
MAJOR,CODE_SMELL,batch-orchestrator/src/test/java/io/github/pinpols/batch/orchestrator/application/plan/DefaultSchedulePlanBuilderTest.java,348,java:S5778,Refactor the code of the lambda to have only one invocation possibly throwing a runtime exception.,OPEN,5min
MAJOR,CODE_SMELL,batch-orchestrator/src/main/java/io/github/pinpols/batch/orchestrator/application/service/workflow/WorkflowGraphValidator.java,552,java:S4449,"Annotate the parameter with @javax.annotation.Nullable in method 'hasText' declaration, or make sure that null can not be passed as argument.",OPEN,10min
MAJOR,CODE_SMELL,batch-worker/import/src/test/java/io/github/pinpols/batch/worker/imports/stage/format/ExcelFormatParserTest.java,101,java:S5778,Refactor the code of the lambda to have only one invocation possibly throwing a runtime exception.,OPEN,5min
MAJOR,CODE_SMELL,batch-orchestrator/src/main/java/io/github/pinpols/batch/orchestrator/infrastructure/sensor/SensorPollScheduler.java,53,java:S6813,Remove this field injection and use constructor injection instead.,OPEN,5min
MAJOR,CODE_SMELL,batch-worker/import/src/main/java/io/github/pinpols/batch/worker/imports/preprocess/ImportPreprocessPipeline.java,498,java:S4449,"Annotate the parameter with @javax.annotation.Nullable in method 'resolve' declaration, or make sure that null can not be passed as argument.",OPEN,10min
MAJOR,BUG,batch-common/src/main/java/io/github/pinpols/batch/common/utils/ContentMaskingUtils.java,44,java:S2583,"Change this condition so that it does not always evaluate to ""false""",OPEN,15min
MAJOR,BUG,batch-worker/import/src/main/java/io/github/pinpols/batch/worker/imports/stage/format/ExcelFormatParser.java,272,java:S2259,"A ""NullPointerException"" could be thrown; ""byName"" is nullable here.",OPEN,10min
MAJOR,CODE_SMELL,batch-orchestrator/src/main/java/io/github/pinpols/batch/orchestrator/application/engine/TaskDispatchOutboxService.java,49,java:S6813,Remove this field injection and use constructor injection instead.,OPEN,5min
MAJOR,CODE_SMELL,batch-console-api/src/main/java/io/github/pinpols/batch/console/domain/notification/service/AlertEscalationNotifier.java,221,java:S1181,Catch Exception instead of Throwable.,OPEN,20min
MAJOR,CODE_SMELL,batch-common/src/main/java/io/github/pinpols/batch/common/utils/CorrelationIds.java,18,java:S2589,"Remove this expression which always evaluates to ""false""",OPEN,10min
MAJOR,VULNERABILITY,batch-worker/import/src/main/java/io/github/pinpols/batch/worker/imports/plugin/GenericJdbcMappedImportLoadPlugin.java,197,java:S2077,Make sure using a dynamically formatted SQL query is safe here.,OPEN,20min
MAJOR,CODE_SMELL,batch-worker/import/src/main/java/io/github/pinpols/batch/worker/imports/infrastructure/JdbcMappedImportCompensator.java,88,java:S1141,Extract this nested try block into a separate method.,OPEN,20min
MAJOR,CODE_SMELL,batch-worker/atomic/src/main/java/io/github/pinpols/batch/worker/atomic/http/HttpTaskExecutor.java,512,java:S1172,"Remove this unused method parameter ""attempt"".",OPEN,5min
MAJOR,CODE_SMELL,batch-worker/import/src/main/java/io/github/pinpols/batch/worker/imports/preprocess/ImportPreprocessPipeline.java,146,java:S6916,"Replace this ""if"" statement with a pattern match guard.",OPEN,5min
MAJOR,CODE_SMELL,batch-worker/atomic/src/main/java/io/github/pinpols/batch/worker/atomic/sql/SqlTaskExecutor.java,336,java:S8491,Remove or merge the dangling Javadoc comment(s).,OPEN,5min
MAJOR,CODE_SMELL,batch-worker/atomic/src/main/java/io/github/pinpols/batch/worker/atomic/shell/ShellTaskExecutor.java,310,java:S125,This block of commented-out lines of code should be removed.,OPEN,5min
MAJOR,CODE_SMELL,batch-orchestrator/src/test/java/io/github/pinpols/batch/orchestrator/integration/OutboxPublishIntegrationTest.java,109,java:S6213,Rename this variable to not match a restricted identifier.,OPEN,5min
MAJOR,CODE_SMELL,batch-console-api/src/main/java/io/github/pinpols/batch/console/domain/notification/service/WeComNotificationSender.java,164,java:S112,Replace generic exceptions with specific library exceptions or a custom exception.,OPEN,20min
MAJOR,CODE_SMELL,batch-worker/import/src/test/java/io/github/pinpols/batch/worker/imports/stage/format/ExcelFormatParserTest.java,60,java:S5778,Refactor the code of the lambda to have only one invocation possibly throwing a runtime exception.,OPEN,5min
MAJOR,CODE_SMELL,batch-common/src/main/java/io/github/pinpols/batch/common/web/AbstractApiExceptionHandler.java,123,java:S2629,Invoke method(s) only conditionally.,OPEN,5min
MAJOR,BUG,batch-common/src/main/java/io/github/pinpols/batch/common/utils/Guard.java,70,java:S2583,"Change this condition so that it does not always evaluate to ""false""",OPEN,15min
MAJOR,CODE_SMELL,batch-worker/dispatch/src/main/java/io/github/pinpols/batch/worker/dispatchs/stage/DefaultDispatchStageExecutor.java,73,java:S1172,"Remove this unused method parameter ""context"".",OPEN,5min
MAJOR,CODE_SMELL,batch-common/src/main/java/io/github/pinpols/batch/common/web/AbstractApiExceptionHandler.java,66,java:S2629,Invoke method(s) only conditionally.,OPEN,5min
MAJOR,CODE_SMELL,batch-orchestrator/src/test/java/io/github/pinpols/batch/orchestrator/infrastructure/admin/AdminTestDataCleanupRepositoryTest.java,117,java:S5778,Refactor the code of the lambda to have only one invocation possibly throwing a runtime exception.,OPEN,5min
MAJOR,CODE_SMELL,batch-orchestrator/src/test/java/io/github/pinpols/batch/orchestrator/infrastructure/scheduler/QuotaExceededStrategyLimiterTest.java,120,java:S5778,Refactor the code of the lambda to have only one invocation possibly throwing a runtime exception.,OPEN,5min
MAJOR,CODE_SMELL,batch-console-api/src/main/java/io/github/pinpols/batch/console/domain/audit/infrastructure/ai/DefaultConsoleAiAuditService.java,23,java:S6213,Rename this method to not match a restricted identifier.,OPEN,5min
MAJOR,CODE_SMELL,batch-console-api/src/main/java/io/github/pinpols/batch/console/infrastructure/config/DefaultConsoleTenantConfigInitApplicationService.java,48,java:S6813,Remove this field injection and use constructor injection instead.,OPEN,5min
MAJOR,CODE_SMELL,sdk/java/core/src/main/java/io/github/pinpols/batch/sdk/handler/typed/SdkAbstractTypedImportHandler.java,68,java:S112,Replace generic exceptions with specific library exceptions or a custom exception.,OPEN,20min
MAJOR,CODE_SMELL,batch-trigger/src/test/java/io/github/pinpols/batch/trigger/integration/TriggerAsyncLaunchIntegrationTest.java,199,java:S6213,Rename this variable to not match a restricted identifier.,OPEN,5min
MAJOR,CODE_SMELL,batch-worker/dispatch/src/test/java/io/github/pinpols/batch/worker/dispatchs/infrastructure/channel/DispatchChannelGatewayTest.java,139,java:S5778,Refactor the code of the lambda to have only one invocation possibly throwing a runtime exception.,OPEN,5min
MAJOR,CODE_SMELL,batch-orchestrator/src/test/java/io/github/pinpols/batch/orchestrator/integration/BatchDaySqlMigrationsIntegrationTest.java,68,java:S3415,Replace this literal with the actual expression you want to assert.,OPEN,2min
MAJOR,BUG,batch-console-api/src/main/java/io/github/pinpols/batch/console/domain/file/infrastructure/DefaultConsoleFileTemplateApplicationService.java,452,java:S2259,"""NullPointerException"" will be thrown when invoking method ""isSqlIdentifier()"".",OPEN,10min
MAJOR,BUG,batch-worker/export/src/main/java/io/github/pinpols/batch/worker/exports/stage/format/ExcelStyleOptions.java,15,java:S6218,"Override equals, hashCode and toString to consider array's content in the method",OPEN,5min
MAJOR,CODE_SMELL,sdk/java/core/src/test/java/io/github/pinpols/batch/sdk/client/BatchPlatformClientStopTimeoutTest.java,216,java:S2925,"Remove this use of ""Thread.sleep()"".",OPEN,20min
MAJOR,CODE_SMELL,batch-orchestrator/src/main/java/io/github/pinpols/batch/orchestrator/infrastructure/scheduler/DefaultResourceScheduler.java,249,java:S3358,Extract this nested ternary operation into an independent statement.,OPEN,5min
MAJOR,CODE_SMELL,batch-console-api/src/test/java/io/github/pinpols/batch/console/domain/audit/infrastructure/ai/DefaultConsoleAiApplicationServiceTest.java,327,java:S5778,Refactor the code of the lambda to have only one invocation possibly throwing a runtime exception.,OPEN,5min
MAJOR,CODE_SMELL,batch-console-api/src/test/java/io/github/pinpols/batch/console/shared/approval/OrchestratorApprovalClientTest.java,156,java:S5778,Refactor the code of the lambda to have only one invocation possibly throwing a runtime exception.,OPEN,5min
MAJOR,CODE_SMELL,sdk/java/core/src/main/java/io/github/pinpols/batch/sdk/handler/typed/SdkAbstractTypedImportHandler.java,97,java:S1172,"Remove these unused method parameters ""input"", ""counts"".",OPEN,5min
MAJOR,CODE_SMELL,batch-common/src/main/java/io/github/pinpols/batch/common/logging/SwallowedExceptionLogger.java,19,java:S2629,Invoke method(s) only conditionally.,OPEN,5min
MAJOR,CODE_SMELL,batch-worker/import/src/main/java/io/github/pinpols/batch/worker/imports/stage/LoadStep.java,481,java:S1172,"Remove this unused method parameter ""importPayload"".",OPEN,5min
MAJOR,CODE_SMELL,batch-worker/import/src/main/java/io/github/pinpols/batch/worker/imports/stage/format/ParseSupport.java,149,java:S112,Replace generic exceptions with specific library exceptions or a custom exception.,OPEN,20min
MAJOR,CODE_SMELL,batch-console-api/src/test/java/io/github/pinpols/batch/console/domain/ops/web/ConsoleAdminTestDataControllerTest.java,88,java:S125,This block of commented-out lines of code should be removed.,OPEN,5min
MAJOR,CODE_SMELL,batch-orchestrator/src/test/java/io/github/pinpols/batch/orchestrator/application/service/replay/BatchDayReplayServiceTest.java,221,java:S5778,Refactor the code of the lambda to have only one invocation possibly throwing a runtime exception.,OPEN,5min
MAJOR,CODE_SMELL,batch-orchestrator/src/main/java/io/github/pinpols/batch/orchestrator/application/trigger/TriggerLaunchConsumer.java,95,java:S6213,Rename this variable to not match a restricted identifier.,OPEN,5min
MAJOR,CODE_SMELL,batch-common/src/main/java/io/github/pinpols/batch/common/utils/ContentMaskingUtils.java,70,java:S4449,"Annotate the parameter with @javax.annotation.Nullable in method 'maskPlainText' declaration, or make sure that null can not be passed as argument.",OPEN,10min
MAJOR,BUG,batch-common/src/main/java/io/github/pinpols/batch/common/utils/ConsoleTextSanitizer.java,19,java:S2583,"Change this condition so that it does not always evaluate to ""false""",OPEN,15min
MAJOR,CODE_SMELL,batch-orchestrator/src/test/java/io/github/pinpols/batch/orchestrator/integration/ApprovalWorkflowIntegrationTest.java,101,java:S6213,Rename this variable to not match a restricted identifier.,OPEN,5min
MAJOR,VULNERABILITY,batch-worker/export/src/main/java/io/github/pinpols/batch/worker/exports/plugin/SqlTemplateExportDataPlugin.java,206,java:S2077,Make sure using a dynamically formatted SQL query is safe here.,OPEN,20min
MAJOR,CODE_SMELL,batch-common/src/test/java/io/github/pinpols/batch/common/storage/EncryptingObjectStoreTest.java,122,java:S5778,Refactor the code of the lambda to have only one invocation possibly throwing a runtime exception.,OPEN,5min
MAJOR,CODE_SMELL,sdk/java/core/src/main/java/io/github/pinpols/batch/sdk/scheduler/LeaseRenewalScheduler.java,113,java:S1181,Catch Exception instead of Throwable.,OPEN,20min
MAJOR,CODE_SMELL,batch-common/src/test/java/io/github/pinpols/batch/testing/ObjectStoreContainer.java,106,java:S2925,"Remove this use of ""TimeUnit.sleep()"".",OPEN,20min
MAJOR,BUG,batch-worker/import/src/main/java/io/github/pinpols/batch/worker/imports/stage/ParseStep.java,,java:S2259,"A ""NullPointerException"" could be thrown; ""template"" is nullable here.",CLOSED,10min
MAJOR,CODE_SMELL,batch-common/src/main/java/io/github/pinpols/batch/common/utils/EmptyChecks.java,55,java:S2589,"Remove this expression which always evaluates to ""false""",OPEN,10min
MAJOR,CODE_SMELL,batch-worker/import/src/main/java/io/github/pinpols/batch/worker/imports/stage/format/ExcelFormatParser.java,271,java:S4449,"Annotate the parameter with @javax.annotation.Nullable in method 'hasText' declaration, or make sure that null can not be passed as argument.",OPEN,10min
MAJOR,CODE_SMELL,batch-orchestrator/src/main/java/io/github/pinpols/batch/orchestrator/application/service/governance/DefaultCompensationService.java,74,java:S6813,Remove this field injection and use constructor injection instead.,OPEN,5min
MAJOR,BUG,batch-common/src/main/java/io/github/pinpols/batch/common/utils/ConsoleTextSanitizer.java,52,java:S2583,"Change this condition so that it does not always evaluate to ""false""",OPEN,15min
MAJOR,CODE_SMELL,batch-worker/core/src/main/java/io/github/pinpols/batch/worker/core/infrastructure/WorkerTaskLeaseRenewer.java,110,java:S6485,Replace this call to the constructor with the better suited static method HashSet.newHashSet(int numMappings),OPEN,5min
MAJOR,CODE_SMELL,batch-worker/atomic/src/test/java/io/github/pinpols/batch/worker/atomic/runtime/AtomicExecutorProductionGuardTest.java,152,java:S5778,Refactor the code of the lambda to have only one invocation possibly throwing a runtime exception.,OPEN,5min
MAJOR,CODE_SMELL,sdk/java/core/src/main/java/io/github/pinpols/batch/sdk/handler/SdkAbstractImportHandler.java,30,java:S112,Replace generic exceptions with specific library exceptions or a custom exception.,OPEN,20min
MAJOR,CODE_SMELL,batch-common/src/main/java/io/github/pinpols/batch/common/plugin/ExportDataPlugin.java,24,java:S112,Replace generic exceptions with specific library exceptions or a custom exception.,OPEN,20min
MAJOR,CODE_SMELL,batch-worker/dispatch/src/main/java/io/github/pinpols/batch/worker/dispatchs/infrastructure/channel/RemoteFilesystemDispatchSupport.java,484,java:S4449,"Annotate the parameter with @javax.annotation.Nullable in method 'hasText' declaration, or make sure that null can not be passed as argument.",OPEN,10min
MAJOR,CODE_SMELL,batch-orchestrator/src/main/java/io/github/pinpols/batch/orchestrator/application/service/task/TaskOutcomeSummaryBuilder.java,207,java:S1168,Return an empty map instead of null.,OPEN,30min
MAJOR,CODE_SMELL,batch-console-api/src/main/java/io/github/pinpols/batch/console/config/ConsoleSecurityConfiguration.java,95,java:S112,Replace generic exceptions with specific library exceptions or a custom exception.,OPEN,20min
MAJOR,CODE_SMELL,batch-console-api/src/main/java/io/github/pinpols/batch/console/domain/file/infrastructure/DefaultConsoleFileApplicationService.java,232,java:S4449,"Annotate the parameter with @javax.annotation.Nullable in method 'hasText' declaration, or make sure that null can not be passed as argument.",OPEN,10min
MAJOR,CODE_SMELL,sdk/java/core/src/main/java/io/github/pinpols/batch/sdk/handler/SdkAbstractDispatchHandler.java,20,java:S112,Replace generic exceptions with specific library exceptions or a custom exception.,OPEN,20min
MAJOR,CODE_SMELL,batch-worker/core/src/main/java/io/github/pinpols/batch/worker/core/reportoutbox/WorkerReportOutboxConfiguration.java,42,java:S112,Replace generic exceptions with specific library exceptions or a custom exception.,OPEN,20min
MAJOR,CODE_SMELL,batch-orchestrator/src/main/java/io/github/pinpols/batch/orchestrator/mapper/TenantSchedulerSnapshotMapper.java,17,java:S6213,Rename this variable to not match a restricted identifier.,OPEN,5min
MAJOR,CODE_SMELL,batch-console-api/src/test/java/io/github/pinpols/batch/console/domain/audit/service/ConsoleAiPromptGuardTest.java,66,java:S5976,Replace these 4 tests with a single Parameterized one.,OPEN,10min
MAJOR,CODE_SMELL,batch-worker/import/src/main/java/io/github/pinpols/batch/worker/imports/preprocess/ImportPreprocessPipeline.java,400,java:S4449,"Annotate the parameter with @javax.annotation.Nullable in method 'hasText' declaration, or make sure that null can not be passed as argument.",OPEN,10min
MAJOR,CODE_SMELL,batch-worker/core/src/main/java/io/github/pinpols/batch/worker/core/support/AbstractPipelineStepExecutionAdapter.java,80,java:S125,This block of commented-out lines of code should be removed.,OPEN,5min
MAJOR,CODE_SMELL,sdk/java/core/src/test/java/io/github/pinpols/batch/sdk/internal/PlatformHttpExceptionTest.java,43,java:S125,This block of commented-out lines of code should be removed.,OPEN,5min
MAJOR,CODE_SMELL,batch-console-api/src/main/java/io/github/pinpols/batch/console/domain/notification/service/TencentSmsProvider.java,291,java:S112,Replace generic exceptions with specific library exceptions or a custom exception.,OPEN,20min
MAJOR,CODE_SMELL,sdk/java/core/src/main/java/io/github/pinpols/batch/sdk/idempotent/SdkIdempotentHandler.java,113,java:S1181,Catch Exception instead of Error.,OPEN,20min
MAJOR,CODE_SMELL,sdk/java/core/src/main/java/io/github/pinpols/batch/sdk/handler/typed/SdkAbstractTypedProcessHandler.java,46,java:S112,Replace generic exceptions with specific library exceptions or a custom exception.,OPEN,20min
MAJOR,CODE_SMELL,batch-orchestrator/src/main/java/io/github/pinpols/batch/orchestrator/service/DefaultLaunchService.java,370,java:S3358,Extract this nested ternary operation into an independent statement.,OPEN,5min
MAJOR,CODE_SMELL,batch-orchestrator/src/main/java/io/github/pinpols/batch/orchestrator/mapper/BatchDayReplayEntryMapper.java,41,java:S107,"Method has 8 parameters, which is greater than 7 authorized.",OPEN,20min
MAJOR,CODE_SMELL,sdk/java/core/src/test/java/io/github/pinpols/batch/sdk/dispatcher/KafkaTaskConsumerCrashTest.java,145,java:S2925,"Remove this use of ""Thread.sleep()"".",OPEN,20min
MAJOR,CODE_SMELL,sdk/java/core/src/main/java/io/github/pinpols/batch/sdk/handler/typed/SdkAbstractTypedImportHandler.java,75,java:S112,Replace generic exceptions with specific library exceptions or a custom exception.,OPEN,20min
MAJOR,CODE_SMELL,batch-worker/export/src/main/java/io/github/pinpols/batch/worker/exports/sql/SqlTemplateExportSpec.java,37,java:S4449,"Annotate the parameter with @javax.annotation.Nullable in method 'hasText' declaration, or make sure that null can not be passed as argument.",OPEN,10min
MAJOR,CODE_SMELL,batch-worker/import/src/test/java/io/github/pinpols/batch/worker/imports/jdbc/JdbcMappedImportSpecTest.java,343,java:S5778,Refactor the code of the lambda to have only one invocation possibly throwing a runtime exception.,OPEN,5min
MAJOR,BUG,batch-console-api/src/main/java/io/github/pinpols/batch/console/support/excel/DropdownValidationSpec.java,17,java:S6218,"Override equals, hashCode and toString to consider array's content in the method",OPEN,5min
MAJOR,CODE_SMELL,batch-common/src/main/java/io/github/pinpols/batch/common/utils/AlertLabels.java,55,java:S2589,"Remove this expression which always evaluates to ""false""",OPEN,10min
MAJOR,CODE_SMELL,batch-orchestrator/src/test/java/io/github/pinpols/batch/orchestrator/service/DefaultWorkerRegistryServiceTest.java,323,java:S5778,Refactor the code of the lambda to have only one invocation possibly throwing a runtime exception.,OPEN,5min
MAJOR,CODE_SMELL,batch-orchestrator/src/main/java/io/github/pinpols/batch/orchestrator/infrastructure/archive/OutboxArchiveScheduler.java,66,java:S1172,"Remove this unused method parameter ""label"".",OPEN,5min
MAJOR,CODE_SMELL,batch-orchestrator/src/main/java/io/github/pinpols/batch/orchestrator/application/service/workflow/CrossDayDependencyResolver.java,153,java:S1168,Return an empty collection instead of null.,OPEN,30min
MAJOR,CODE_SMELL,batch-orchestrator/src/test/java/io/github/pinpols/batch/orchestrator/application/service/task/TaskControllerApplicationServiceTest.java,159,java:S5778,Refactor the code of the lambda to have only one invocation possibly throwing a runtime exception.,OPEN,5min
MAJOR,CODE_SMELL,batch-worker/dispatch/src/test/java/io/github/pinpols/batch/worker/dispatchs/infrastructure/channel/DispatchChannelGatewayTest.java,166,java:S5778,Refactor the code of the lambda to have only one invocation possibly throwing a runtime exception.,OPEN,5min
MAJOR,CODE_SMELL,batch-worker/atomic/src/test/java/io/github/pinpols/batch/worker/atomic/runtime/AtomicIsolationStartupCheckTest.java,81,java:S5778,Refactor the code of the lambda to have only one invocation possibly throwing a runtime exception.,OPEN,5min
MAJOR,CODE_SMELL,batch-console-api/src/main/java/io/github/pinpols/batch/console/domain/observability/web/ConsoleSystemController.java,72,java:S6885,"Use ""Math.clamp"" instead of ""Math.min"" or ""Math.max"".",OPEN,5min
MAJOR,CODE_SMELL,batch-worker/export/src/main/java/io/github/pinpols/batch/worker/exports/stage/format/GenerateCheckpoint.java,45,java:S107,"Constructor has 8 parameters, which is greater than 7 authorized.",OPEN,20min
MAJOR,BUG,batch-worker/import/src/main/java/io/github/pinpols/batch/worker/imports/preprocess/ImportPreprocessPipeline.java,468,java:S2259,"A ""NullPointerException"" could be thrown; ""signatureB64"" is nullable here.",OPEN,10min
MAJOR,CODE_SMELL,batch-worker/export/src/test/java/io/github/pinpols/batch/worker/exports/sql/SqlTemplateExportSqlValidatorTest.java,237,java:S5778,Refactor the code of the lambda to have only one invocation possibly throwing a runtime exception.,OPEN,5min
MAJOR,CODE_SMELL,batch-orchestrator/src/main/java/io/github/pinpols/batch/orchestrator/infrastructure/governance/AlertmanagerEmitPublisher.java,202,java:S6213,Rename this method to not match a restricted identifier.,OPEN,5min
MAJOR,CODE_SMELL,batch-common/src/test/java/io/github/pinpols/batch/common/stateful/StatefulBackendGuardIntegrationTest.java,106,java:S5778,Refactor the code of the lambda to have only one invocation possibly throwing a runtime exception.,OPEN,5min
MAJOR,CODE_SMELL,batch-worker/dispatch/src/main/java/io/github/pinpols/batch/worker/dispatchs/infrastructure/channel/LocalOutboxDispatchSupport.java,96,java:S3358,Extract this nested ternary operation into an independent statement.,OPEN,5min
MAJOR,CODE_SMELL,sdk/java/core/src/main/java/io/github/pinpols/batch/sdk/handler/typed/SdkAbstractTypedRowStreamHandler.java,13,java:S2326,R is not used in the class.,OPEN,5min
MAJOR,CODE_SMELL,batch-worker/export/src/main/java/io/github/pinpols/batch/worker/exports/region/ExportRegionResolver.java,91,java:S1168,Return an empty map instead of null.,OPEN,30min
MAJOR,CODE_SMELL,batch-worker/export/src/main/java/io/github/pinpols/batch/worker/exports/stage/format/AbstractExportFormat.java,121,java:S125,This block of commented-out lines of code should be removed.,OPEN,5min
MAJOR,CODE_SMELL,batch-orchestrator/src/test/java/io/github/pinpols/batch/orchestrator/infrastructure/file/BundleArrivalLauncherTest.java,81,java:S125,This block of commented-out lines of code should be removed.,OPEN,5min
MAJOR,CODE_SMELL,batch-console-api/src/main/java/io/github/pinpols/batch/console/domain/rbac/support/ConsoleTenantGuard.java,58,java:S3358,Extract this nested ternary operation into an independent statement.,OPEN,5min
MAJOR,CODE_SMELL,sdk/java/core/src/main/java/io/github/pinpols/batch/sdk/handler/typed/SdkAbstractTypedDispatchHandler.java,36,java:S112,Replace generic exceptions with specific library exceptions or a custom exception.,OPEN,20min
MAJOR,CODE_SMELL,batch-trigger/src/main/java/io/github/pinpols/batch/trigger/application/TriggerOutboxRelay.java,260,java:S1181,Catch Exception instead of Throwable.,OPEN,20min
MAJOR,CODE_SMELL,sdk/java/core/src/main/java/io/github/pinpols/batch/sdk/handler/SdkAbstractProcessHandler.java,36,java:S112,Replace generic exceptions with specific library exceptions or a custom exception.,OPEN,20min
MAJOR,CODE_SMELL,batch-console-api/src/test/java/io/github/pinpols/batch/console/infrastructure/excel/ConfigPackageEnumDropdownConsistencyTest.java,69,java:S3415,"Swap these 2 arguments so they are in the correct order: actual value, expected value.",OPEN,2min
MAJOR,CODE_SMELL,batch-worker/core/src/main/java/io/github/pinpols/batch/worker/core/support/AbstractTaskConsumer.java,319,java:S1141,Extract this nested try block into a separate method.,OPEN,20min
MAJOR,CODE_SMELL,batch-console-api/src/test/java/io/github/pinpols/batch/console/infrastructure/config/DefaultConsoleConfigApplicationServiceTest.java,206,java:S5778,Refactor the code of the lambda to have only one invocation possibly throwing a runtime exception.,OPEN,5min
MAJOR,CODE_SMELL,batch-worker/core/src/main/java/io/github/pinpols/batch/worker/core/domain/StepExecutionResponse.java,31,java:S125,This block of commented-out lines of code should be removed.,OPEN,5min
MAJOR,CODE_SMELL,batch-trigger/src/test/java/io/github/pinpols/batch/trigger/service/DefaultTriggerServiceTest.java,358,java:S5778,Refactor the code of the lambda to have only one invocation possibly throwing a runtime exception.,OPEN,5min
MAJOR,CODE_SMELL,batch-console-api/src/test/java/io/github/pinpols/batch/console/shared/approval/OrchestratorApprovalClientTest.java,103,java:S5778,Refactor the code of the lambda to have only one invocation possibly throwing a runtime exception.,OPEN,5min
MAJOR,CODE_SMELL,batch-worker/dispatch/src/test/java/io/github/pinpols/batch/worker/dispatchs/infrastructure/channel/DispatchChannelGatewayTest.java,109,java:S5778,Refactor the code of the lambda to have only one invocation possibly throwing a runtime exception.,OPEN,5min
MAJOR,CODE_SMELL,batch-worker/core/src/test/java/io/github/pinpols/batch/worker/core/config/KafkaConsumerConfigurationTest.java,21,java:S5778,Refactor the code of the lambda to have only one invocation possibly throwing a runtime exception.,OPEN,5min
MAJOR,CODE_SMELL,batch-console-api/src/main/java/io/github/pinpols/batch/console/support/excel/ConsoleSingleSheetExcelImportSupport.java,363,java:S4449,"Annotate the parameter with @javax.annotation.Nullable in method 'hasText' declaration, or make sure that null can not be passed as argument.",OPEN,10min
MAJOR,CODE_SMELL,batch-console-api/src/main/java/io/github/pinpols/batch/console/domain/notification/service/DingTalkNotificationSender.java,186,java:S112,Replace generic exceptions with specific library exceptions or a custom exception.,OPEN,20min
MAJOR,CODE_SMELL,batch-orchestrator/src/main/java/io/github/pinpols/batch/orchestrator/service/DefaultWorkerRegistryService.java,77,java:S3358,Extract this nested ternary operation into an independent statement.,OPEN,5min
MAJOR,BUG,batch-orchestrator/src/main/java/io/github/pinpols/batch/orchestrator/application/service/workflow/WorkflowGraphValidator.java,703,java:S6218,"Override equals, hashCode and toString to consider array's content in the method",OPEN,5min
MAJOR,CODE_SMELL,batch-worker/export/src/test/java/io/github/pinpols/batch/worker/exports/sql/SqlTemplateExportSqlValidatorTest.java,53,java:S5778,Refactor the code of the lambda to have only one invocation possibly throwing a runtime exception.,OPEN,5min
MAJOR,CODE_SMELL,batch-worker/export/src/main/java/io/github/pinpols/batch/worker/exports/stage/DefaultExportStageExecutor.java,246,java:S3824,"Replace this ""Map.containsKey()"" with a call to ""Map.computeIfAbsent()"".",OPEN,10min
MAJOR,CODE_SMELL,batch-orchestrator/src/main/java/io/github/pinpols/batch/orchestrator/application/service/workflow/DefaultWorkflowDagService.java,206,java:S6485,Replace this call to the constructor with the better suited static method HashMap.newHashMap(int numMappings),OPEN,5min
MAJOR,CODE_SMELL,batch-common/src/test/java/io/github/pinpols/batch/common/storage/S3ObjectStoreExceptionMappingTest.java,148,java:S5778,Refactor the code of the lambda to have only one invocation possibly throwing a runtime exception.,OPEN,5min
MAJOR,CODE_SMELL,sdk/java/core/src/main/java/io/github/pinpols/batch/sdk/handler/atomic/StoredProcAtomicHandler.java,167,java:S112,Replace generic exceptions with specific library exceptions or a custom exception.,OPEN,20min
MAJOR,CODE_SMELL,sdk/java/core/src/test/java/io/github/pinpols/batch/sdk/dispatcher/TaskDispatcherAutoWrapTest.java,251,java:S6213,Rename this variable to not match a restricted identifier.,OPEN,5min
MAJOR,BUG,batch-worker/import/src/main/java/io/github/pinpols/batch/worker/imports/preprocess/ImportPreprocessPipeline.java,358,java:S2259,"A ""NullPointerException"" could be thrown; ""keyB64"" is nullable here.",OPEN,10min
MAJOR,CODE_SMELL,batch-common/src/test/java/io/github/pinpols/batch/common/storage/ObjectStorageBackendGuardTest.java,51,java:S5778,Refactor the code of the lambda to have only one invocation possibly throwing a runtime exception.,OPEN,5min
MAJOR,CODE_SMELL,sdk/java/core/src/main/java/io/github/pinpols/batch/sdk/scheduler/HeartbeatScheduler.java,127,java:S1181,Catch Exception instead of Throwable.,OPEN,20min
MAJOR,CODE_SMELL,sdk/java/core/src/main/java/io/github/pinpols/batch/sdk/handler/SdkAbstractExportHandler.java,40,java:S112,Replace generic exceptions with specific library exceptions or a custom exception.,OPEN,20min
MAJOR,CODE_SMELL,batch-worker/import/src/main/java/io/github/pinpols/batch/worker/imports/stage/DefaultImportStageExecutor.java,236,java:S3824,"Replace this ""Map.containsKey()"" with a call to ""Map.computeIfAbsent()"".",OPEN,10min
MAJOR,CODE_SMELL,batch-common/src/test/java/io/github/pinpols/batch/common/spi/task/BatchTaskExecutorRegistryTest.java,45,java:S5778,Refactor the code of the lambda to have only one invocation possibly throwing a runtime exception.,OPEN,5min
MAJOR,CODE_SMELL,batch-worker/atomic/src/test/java/io/github/pinpols/batch/worker/atomic/runtime/AtomicExecutorProductionGuardTest.java,281,java:S5778,Refactor the code of the lambda to have only one invocation possibly throwing a runtime exception.,OPEN,5min
MAJOR,CODE_SMELL,batch-orchestrator/src/test/java/io/github/pinpols/batch/orchestrator/application/service/task/TaskControllerApplicationServiceTest.java,94,java:S5778,Refactor the code of the lambda to have only one invocation possibly throwing a runtime exception.,OPEN,5min
MAJOR,CODE_SMELL,batch-worker/export/src/test/java/io/github/pinpols/batch/worker/exports/sql/SqlTemplateExportSqlValidatorTest.java,197,java:S5778,Refactor the code of the lambda to have only one invocation possibly throwing a runtime exception.,OPEN,5min
MAJOR,CODE_SMELL,batch-orchestrator/src/main/java/io/github/pinpols/batch/orchestrator/application/service/workflow/WorkflowNodePayloadBuilder.java,269,java:S1168,Return an empty map instead of null.,OPEN,30min
MAJOR,CODE_SMELL,batch-worker/dispatch/src/test/java/io/github/pinpols/batch/worker/dispatchs/infrastructure/DispatchFileContentResolverPathTest.java,73,java:S6213,Rename this variable to not match a restricted identifier.,OPEN,5min
MAJOR,CODE_SMELL,batch-worker/atomic/src/test/java/io/github/pinpols/batch/worker/atomic/runtime/AtomicExecutorProductionGuardTest.java,230,java:S5778,Refactor the code of the lambda to have only one invocation possibly throwing a runtime exception.,OPEN,5min
MAJOR,CODE_SMELL,batch-worker/import/src/main/java/io/github/pinpols/batch/worker/imports/stage/ParseStep.java,,java:S4449,"Annotate the parameter with @javax.annotation.Nullable in method 'hasText' declaration, or make sure that null can not be passed as argument.",CLOSED,10min
MAJOR,CODE_SMELL,batch-orchestrator/src/main/java/io/github/pinpols/batch/orchestrator/application/service/workflow/WorkflowGraphValidator.java,597,java:S4449,"Annotate the parameter with @javax.annotation.Nullable in method 'hasText' declaration, or make sure that null can not be passed as argument.",OPEN,10min
MAJOR,CODE_SMELL,batch-common/src/main/java/io/github/pinpols/batch/common/utils/AlertLabels.java,100,java:S2589,"Remove this expression which always evaluates to ""true""",OPEN,10min
MAJOR,CODE_SMELL,batch-orchestrator/src/main/java/io/github/pinpols/batch/orchestrator/application/service/replay/BatchDayReplayService.java,540,java:S6485,Replace this call to the constructor with the better suited static method HashMap.newHashMap(int numMappings),OPEN,5min
MAJOR,CODE_SMELL,batch-worker/export/src/main/java/io/github/pinpols/batch/worker/exports/stage/StoreStep.java,,java:S112,Replace generic exceptions with specific library exceptions or a custom exception.,CLOSED,20min
MAJOR,CODE_SMELL,batch-common/src/main/java/io/github/pinpols/batch/common/utils/SecretMasking.java,60,java:S6485,Replace this call to the constructor with the better suited static method LinkedHashMap.newLinkedHashMap(int numMappings),OPEN,5min
MAJOR,CODE_SMELL,batch-worker/import/src/main/java/io/github/pinpols/batch/worker/imports/preprocess/ImportPreprocessPipeline.java,352,java:S4449,"Annotate the parameter with @javax.annotation.Nullable in method 'hasText' declaration, or make sure that null can not be passed as argument.",OPEN,10min
MAJOR,CODE_SMELL,batch-console-api/src/test/java/io/github/pinpols/batch/console/infrastructure/excel/ConfigPackageEnumDropdownConsistencyTest.java,71,java:S3415,"Swap these 2 arguments so they are in the correct order: actual value, expected value.",OPEN,2min
MAJOR,CODE_SMELL,batch-console-api/src/test/java/io/github/pinpols/batch/console/support/web/ConsoleApiExceptionHandlerTest.java,75,java:S5976,Replace these 3 tests with a single Parameterized one.,OPEN,10min
MAJOR,CODE_SMELL,batch-trigger/src/test/java/io/github/pinpols/batch/trigger/integration/QuartzJdbcClusterIntegrationTest.java,159,java:S2925,"Remove this use of ""Thread.sleep()"".",OPEN,20min
MAJOR,CODE_SMELL,sdk/java/core/src/main/java/io/github/pinpols/batch/sdk/handler/typed/SdkAbstractTypedProcessHandler.java,65,java:S1172,"Remove these unused method parameters ""input"", ""counts"".",OPEN,5min
MAJOR,CODE_SMELL,batch-worker/process/src/main/java/io/github/pinpols/batch/worker/processes/metrics/ProcessMetrics.java,137,java:S1172,"Remove this unused method parameter ""tenantId"".",OPEN,5min
MAJOR,CODE_SMELL,batch-worker/export/src/test/java/io/github/pinpols/batch/worker/exports/region/ExportRegionResolverTest.java,42,java:S5778,Refactor the code of the lambda to have only one invocation possibly throwing a runtime exception.,OPEN,5min
MAJOR,CODE_SMELL,batch-orchestrator/src/main/java/io/github/pinpols/batch/orchestrator/mapper/QuotaRuntimeStateMapper.java,37,java:S6213,Rename this variable to not match a restricted identifier.,OPEN,5min
MAJOR,CODE_SMELL,batch-worker/import/src/main/java/io/github/pinpols/batch/worker/imports/runtime/ImportIngressScanner.java,690,java:S6213,Rename this variable to not match a restricted identifier.,OPEN,5min
MAJOR,BUG,batch-worker/import/src/main/java/io/github/pinpols/batch/worker/imports/preprocess/ImportPreprocessPipeline.java,371,java:S2259,"""NullPointerException"" will be thrown when invoking method ""normalizeDigestName()"".",OPEN,10min
MAJOR,CODE_SMELL,batch-worker/export/src/test/java/io/github/pinpols/batch/worker/exports/sql/SqlTemplateExportSqlValidatorTest.java,277,java:S5778,Refactor the code of the lambda to have only one invocation possibly throwing a runtime exception.,OPEN,5min
MAJOR,CODE_SMELL,sdk/java/core/src/main/java/io/github/pinpols/batch/sdk/handler/SdkAbstractDispatchHandler.java,23,java:S112,Replace generic exceptions with specific library exceptions or a custom exception.,OPEN,20min
MAJOR,CODE_SMELL,batch-console-api/src/test/java/io/github/pinpols/batch/console/infrastructure/config/DefaultConsoleConfigApplicationServiceTest.java,218,java:S5778,Refactor the code of the lambda to have only one invocation possibly throwing a runtime exception.,OPEN,5min
MAJOR,CODE_SMELL,batch-worker/process/src/main/java/io/github/pinpols/batch/worker/processes/metrics/ProcessMetrics.java,70,java:S1172,"Remove this unused method parameter ""tenantId"".",OPEN,5min
MAJOR,CODE_SMELL,batch-orchestrator/src/main/java/io/github/pinpols/batch/orchestrator/application/service/governance/DefaultCompensationService.java,137,java:S3358,Extract this nested ternary operation into an independent statement.,OPEN,5min
MAJOR,CODE_SMELL,batch-console-api/src/main/java/io/github/pinpols/batch/console/shared/approval/OrchestratorApprovalClient.java,149,java:S6213,Rename this variable to not match a restricted identifier.,OPEN,5min
MAJOR,CODE_SMELL,sdk/java/core/src/main/java/io/github/pinpols/batch/sdk/handler/SdkAbstractImportHandler.java,21,java:S112,Replace generic exceptions with specific library exceptions or a custom exception.,OPEN,20min
MAJOR,CODE_SMELL,sdk/java/core/src/main/java/io/github/pinpols/batch/sdk/checkpoint/JdbcSdkCheckpoint.java,103,java:S1141,Extract this nested try block into a separate method.,OPEN,20min
MAJOR,CODE_SMELL,batch-worker/export/src/main/java/io/github/pinpols/batch/worker/exports/stage/StoreStep.java,229,java:S112,Replace generic exceptions with specific library exceptions or a custom exception.,OPEN,20min
MAJOR,BUG,batch-orchestrator/src/main/java/io/github/pinpols/batch/orchestrator/application/service/workflow/WorkflowGraphValidator.java,300,java:S2583,"Change this condition so that it does not always evaluate to ""false""",OPEN,15min
MAJOR,CODE_SMELL,batch-worker/atomic/src/test/java/io/github/pinpols/batch/worker/atomic/runtime/AtomicExecutorProductionGuardTest.java,270,java:S5778,Refactor the code of the lambda to have only one invocation possibly throwing a runtime exception.,OPEN,5min
MAJOR,CODE_SMELL,sdk/java/core/src/main/java/io/github/pinpols/batch/sdk/handler/typed/SdkAbstractTypedExportHandler.java,59,java:S112,Replace generic exceptions with specific library exceptions or a custom exception.,OPEN,20min
MAJOR,CODE_SMELL,batch-orchestrator/src/test/java/io/github/pinpols/batch/orchestrator/integration/OrchestratorConfigCacheServiceIntegrationTest.java,98,java:S6213,Rename this variable to not match a restricted identifier.,OPEN,5min
MAJOR,CODE_SMELL,batch-console-api/src/main/java/io/github/pinpols/batch/console/domain/workflow/application/WorkflowDesignLockService.java,47,java:S6126,Replace this String concatenation with Text block.,OPEN,2min
MAJOR,CODE_SMELL,batch-worker/export/src/test/java/io/github/pinpols/batch/worker/exports/sql/SqlTemplateExportSqlValidatorTest.java,146,java:S5778,Refactor the code of the lambda to have only one invocation possibly throwing a runtime exception.,OPEN,5min
MAJOR,CODE_SMELL,batch-console-api/src/main/java/io/github/pinpols/batch/console/infrastructure/excel/ConfigPackageExcelValidator.java,1110,java:S2864,"Iterate over the ""entrySet"" instead of the ""keySet"".",OPEN,5min
MAJOR,CODE_SMELL,sdk/java/core/src/main/java/io/github/pinpols/batch/sdk/idempotent/SdkIdempotencyStore.java,42,java:S6213,Rename this method to not match a restricted identifier.,OPEN,5min
MAJOR,CODE_SMELL,batch-worker/import/src/main/java/io/github/pinpols/batch/worker/imports/preprocess/ImportPreprocessPipeline.java,419,java:S4449,"Annotate the parameter with @javax.annotation.Nullable in method 'hasText' declaration, or make sure that null can not be passed as argument.",OPEN,10min
MAJOR,BUG,batch-common/src/main/java/io/github/pinpols/batch/common/utils/AlertFingerprints.java,13,java:S2583,"Change this condition so that it does not always evaluate to ""false""",OPEN,15min
MAJOR,CODE_SMELL,batch-common/src/main/java/io/github/pinpols/batch/common/web/AbstractApiExceptionHandler.java,109,java:S2629,Invoke method(s) only conditionally.,OPEN,5min
MAJOR,CODE_SMELL,batch-console-api/src/main/java/io/github/pinpols/batch/console/domain/workflow/application/WorkflowDesignLockService.java,58,java:S6126,Replace this String concatenation with Text block.,OPEN,2min
MAJOR,CODE_SMELL,batch-common/src/main/java/io/github/pinpols/batch/common/utils/S3BucketSupport.java,39,java:S1141,Extract this nested try block into a separate method.,OPEN,20min
MAJOR,CODE_SMELL,batch-common/src/test/java/io/github/pinpols/batch/common/security/SensitiveDataValidatorTest.java,51,java:S5778,Refactor the code of the lambda to have only one invocation possibly throwing a runtime exception.,OPEN,5min
MAJOR,CODE_SMELL,batch-console-api/src/main/java/io/github/pinpols/batch/console/domain/job/infrastructure/DefaultConsoleCalendarApplicationService.java,146,java:S6204,Replace this usage of 'Stream.collect(Collectors.toList())' with 'Stream.toList()' and ensure that the list is unmodified.,OPEN,5min
MAJOR,CODE_SMELL,batch-worker/core/src/main/java/io/github/pinpols/batch/worker/core/reportoutbox/WorkerReportOutboxConfiguration.java,32,java:S1118,Add a private constructor to hide the implicit public one.,OPEN,5min
MAJOR,CODE_SMELL,batch-orchestrator/src/test/java/io/github/pinpols/batch/orchestrator/service/BatchDayTimePolicyResolverTest.java,39,java:S5778,Refactor the code of the lambda to have only one invocation possibly throwing a runtime exception.,OPEN,5min
MAJOR,VULNERABILITY,batch-worker/import/src/main/java/io/github/pinpols/batch/worker/imports/plugin/GenericJdbcMappedImportLoadPlugin.java,198,java:S2077,Make sure using a dynamically formatted SQL query is safe here.,OPEN,20min
MAJOR,VULNERABILITY,batch-orchestrator/src/main/java/io/github/pinpols/batch/orchestrator/application/service/dryrun/DryRunSqlProbe.java,89,java:S2077,Make sure using a dynamically formatted SQL query is safe here.,OPEN,20min
MAJOR,CODE_SMELL,batch-worker/dispatch/src/test/java/io/github/pinpols/batch/worker/dispatchs/infrastructure/channel/DispatchChannelGatewayTest.java,124,java:S5778,Refactor the code of the lambda to have only one invocation possibly throwing a runtime exception.,OPEN,5min
MAJOR,CODE_SMELL,batch-console-api/src/test/java/io/github/pinpols/batch/console/domain/audit/infrastructure/ai/DefaultConsoleAiApplicationServiceTest.java,156,java:S5778,Refactor the code of the lambda to have only one invocation possibly throwing a runtime exception.,OPEN,5min
MAJOR,CODE_SMELL,sdk/java/core/src/main/java/io/github/pinpols/batch/sdk/client/BatchPlatformClient.java,108,java:S125,This block of commented-out lines of code should be removed.,OPEN,5min
MAJOR,CODE_SMELL,batch-trigger/src/main/java/io/github/pinpols/batch/trigger/infrastructure/TriggerGracefulShutdown.java,145,java:S3358,Extract this nested ternary operation into an independent statement.,OPEN,5min
MAJOR,CODE_SMELL,batch-orchestrator/src/main/java/io/github/pinpols/batch/orchestrator/application/service/workflow/DefaultWorkflowDagService.java,405,java:S6885,"Use ""Math.clamp"" instead of ""Math.min"" or ""Math.max"".",OPEN,5min
MAJOR,CODE_SMELL,batch-worker/dispatch/src/main/java/io/github/pinpols/batch/worker/dispatchs/infrastructure/channel/RemoteFilesystemDispatchSupport.java,168,java:S4449,"Annotate the parameter with @javax.annotation.Nullable in method 'hasText' declaration, or make sure that null can not be passed as argument.",OPEN,10min
MAJOR,CODE_SMELL,batch-common/src/test/java/io/github/pinpols/batch/common/spi/task/TaskCapabilityTest.java,30,java:S5778,Refactor the code of the lambda to have only one invocation possibly throwing a runtime exception.,OPEN,5min
MAJOR,VULNERABILITY,batch-orchestrator/src/main/java/io/github/pinpols/batch/orchestrator/infrastructure/admin/AdminTestDataCleanupRepository.java,49,java:S2077,Make sure using a dynamically formatted SQL query is safe here.,OPEN,20min
MAJOR,CODE_SMELL,batch-worker/export/src/test/java/io/github/pinpols/batch/worker/exports/sql/SqlTemplateExportSqlValidatorTest.java,268,java:S5778,Refactor the code of the lambda to have only one invocation possibly throwing a runtime exception.,OPEN,5min
MAJOR,CODE_SMELL,batch-orchestrator/src/main/java/io/github/pinpols/batch/orchestrator/application/service/workflow/DefaultWorkflowNodeDispatchService.java,87,java:S6813,Remove this field injection and use constructor injection instead.,OPEN,5min
MAJOR,CODE_SMELL,batch-console-api/src/main/java/io/github/pinpols/batch/console/config/RouteToPrimary.java,34,java:S6355,Add 'since' and/or 'forRemoval' arguments to the @Deprecated annotation.,OPEN,5min
MAJOR,CODE_SMELL,batch-console-api/src/main/java/io/github/pinpols/batch/console/domain/rbac/support/ConsoleSessionRegistry.java,104,java:S1141,Extract this nested try block into a separate method.,OPEN,20min
MAJOR,CODE_SMELL,batch-common/src/main/java/io/github/pinpols/batch/common/persistence/mybatis/AuditFieldsInterceptor.java,175,java:S3011,This accessibility bypass should be removed.,OPEN,30min
MAJOR,BUG,batch-worker/import/src/main/java/io/github/pinpols/batch/worker/imports/preprocess/ImportPreprocessPipeline.java,420,java:S2259,"""NullPointerException"" will be thrown when invoking method ""normalizeDigestName()"".",OPEN,10min
MAJOR,BUG,batch-worker/import/src/main/java/io/github/pinpols/batch/worker/imports/stage/PreprocessStep.java,,java:S2259,"""NullPointerException"" will be thrown when invoking method ""isBinaryImportFormat()"".",CLOSED,10min
MAJOR,CODE_SMELL,batch-console-api/src/test/java/io/github/pinpols/batch/console/infrastructure/excel/ConfigPackageExcelValidatorTest.java,160,java:S5976,Replace these 3 tests with a single Parameterized one.,OPEN,10min
MAJOR,CODE_SMELL,batch-worker/import/src/main/java/io/github/pinpols/batch/worker/imports/infrastructure/quality/ValidationCoercions.java,102,java:S4449,"Annotate the parameter with @javax.annotation.Nullable in method 'hasText' declaration, or make sure that null can not be passed as argument.",OPEN,10min
MAJOR,CODE_SMELL,batch-worker/export/src/main/java/io/github/pinpols/batch/worker/exports/stage/format/OutboundTrailerRecord.java,44,java:S4449,"Annotate the parameter with @javax.annotation.Nullable in method 'hasText' declaration, or make sure that null can not be passed as argument.",OPEN,10min
MAJOR,CODE_SMELL,batch-worker/core/src/main/java/io/github/pinpols/batch/worker/core/support/AbstractObjectStoreRunCompensator.java,59,java:S1141,Extract this nested try block into a separate method.,OPEN,20min
MAJOR,CODE_SMELL,batch-worker/import/src/main/java/io/github/pinpols/batch/worker/imports/preprocess/ImportPreprocessPipeline.java,346,java:S112,Replace generic exceptions with specific library exceptions or a custom exception.,OPEN,20min
MAJOR,BUG,batch-console-api/src/main/java/io/github/pinpols/batch/console/domain/audit/infrastructure/ai/ConsoleAiKnowledgeBase.java,179,java:S6218,"Override equals, hashCode and toString to consider array's content in the method",OPEN,5min
MAJOR,BUG,batch-worker/import/src/main/java/io/github/pinpols/batch/worker/imports/stage/LoadStep.java,,java:S2259,"""NullPointerException"" will be thrown when invoking method ""markLoaded()"".",CLOSED,10min
MAJOR,VULNERABILITY,batch-worker/atomic/src/main/java/io/github/pinpols/batch/worker/atomic/storedproc/StoredProcTaskExecutor.java,536,java:S2077,Make sure using a dynamically formatted SQL query is safe here.,OPEN,20min
MAJOR,VULNERABILITY,batch-orchestrator/src/main/java/io/github/pinpols/batch/orchestrator/infrastructure/admin/AdminTestDataCleanupRepository.java,112,java:S2077,Make sure using a dynamically formatted SQL query is safe here.,OPEN,20min
MAJOR,CODE_SMELL,batch-worker/process/src/main/java/io/github/pinpols/batch/worker/processes/metrics/ProcessMetrics.java,86,java:S1172,"Remove this unused method parameter ""tenantId"".",OPEN,5min
MAJOR,CODE_SMELL,batch-common/src/test/java/io/github/pinpols/batch/common/stateful/StatefulBackendGuardIntegrationTest.java,151,java:S5778,Refactor the code of the lambda to have only one invocation possibly throwing a runtime exception.,OPEN,5min
MINOR,CODE_SMELL,batch-orchestrator/src/test/java/io/github/pinpols/batch/orchestrator/infrastructure/file/BundleArrivalLauncherTest.java,41,java:S8694,"Use a ""java.time.Month"" enum constant instead of this int literal.",OPEN,5min
MINOR,CODE_SMELL,batch-trigger/src/test/java/io/github/pinpols/batch/trigger/infrastructure/TriggerGracefulShutdownTest.java,61,java:S5838,"Use assertThat(actual).containsEntry(key, value) instead.",OPEN,5min
MINOR,CODE_SMELL,batch-worker/dispatch/src/test/java/io/github/pinpols/batch/worker/dispatchs/infrastructure/channel/DispatchChannelCircuitBreakerTest.java,82,java:S5838,Use isZero() instead.,OPEN,5min
MINOR,CODE_SMELL,batch-orchestrator/src/test/java/io/github/pinpols/batch/orchestrator/application/service/workflow/WorkflowGraphValidatorTest.java,166,java:S6068,"Remove this useless ""eq(...)"" invocation; pass the values directly.",OPEN,2min
MINOR,CODE_SMELL,batch-common/src/main/java/io/github/pinpols/batch/common/redis/BatchRedisKeys.java,16,java:S3400,Remove this method and declare a constant for this value.,OPEN,5min
MINOR,CODE_SMELL,batch-worker/import/src/test/java/io/github/pinpols/batch/worker/imports/stage/format/ExcelFormatParserTest.java,87,java:S1130,"Remove the declaration of thrown exception 'java.lang.Exception', as it cannot be thrown from method's body.",OPEN,5min
MINOR,CODE_SMELL,batch-orchestrator/src/test/java/io/github/pinpols/batch/orchestrator/integration/RequiresNewTransactionBoundaryIntegrationTest.java,51,java:S8694,"Use a ""java.time.Month"" enum constant instead of this int literal.",OPEN,5min
MINOR,CODE_SMELL,batch-common/src/test/java/io/github/pinpols/batch/common/resilience/DownstreamFallbackTest.java,244,java:S8924,"Use a static import for ""mock"".",OPEN,5min
MINOR,CODE_SMELL,batch-console-api/src/test/java/io/github/pinpols/batch/console/domain/rbac/web/ConsoleAuthControllerTest.java,51,java:S8924,"Use a static import for ""mock"".",OPEN,5min
MINOR,CODE_SMELL,batch-console-api/src/main/java/io/github/pinpols/batch/console/infrastructure/excel/ConfigPackageExcelWorkbookWriter.java,200,java:S2386,"Make this member ""protected"".",OPEN,15min
MINOR,CODE_SMELL,batch-console-api/src/main/java/io/github/pinpols/batch/console/domain/notification/service/ConsoleWebhookService.java,99,java:S1488,"Immediately return this expression instead of assigning it to the temporary variable ""normalized"".",OPEN,2min
MINOR,BUG,batch-console-api/src/test/java/io/github/pinpols/batch/console/integration/ConsolePushJobNotificationMapperIntegrationTest.java,74,java:S5841,Test the emptiness of the list before calling this assertion predicate.,OPEN,5min
MINOR,CODE_SMELL,batch-worker/core/src/main/java/io/github/pinpols/batch/worker/core/support/AbstractTaskConsumer.java,388,java:S135,Reduce the total number of break and continue statements in this loop to use at most one.,OPEN,40min
MINOR,CODE_SMELL,batch-worker/atomic/src/main/java/io/github/pinpols/batch/worker/atomic/http/HttpTaskExecutor.java,244,java:S6201,Replace this instanceof check and cast with 'instanceof String string',OPEN,5min
MINOR,CODE_SMELL,batch-worker/dispatch/src/test/java/io/github/pinpols/batch/worker/dispatchs/infrastructure/channel/DispatchChannelCircuitBreakerTest.java,282,java:S5838,Use isZero() instead.,OPEN,5min
MINOR,CODE_SMELL,batch-orchestrator/src/test/java/io/github/pinpols/batch/orchestrator/integration/JobTypeOutboxChainIntegrationTest.java,83,java:S8694,"Use a ""java.time.Month"" enum constant instead of this int literal.",OPEN,5min
MINOR,CODE_SMELL,batch-orchestrator/src/test/java/io/github/pinpols/batch/orchestrator/service/BatchDayOperationServiceTest.java,142,java:S8694,"Use a ""java.time.Month"" enum constant instead of this int literal.",OPEN,5min
MINOR,CODE_SMELL,batch-orchestrator/src/test/java/io/github/pinpols/batch/orchestrator/application/service/forensic/ForensicExportServiceTest.java,123,java:S8694,"Use a ""java.time.Month"" enum constant instead of this int literal.",OPEN,5min
MINOR,CODE_SMELL,batch-orchestrator/src/test/java/io/github/pinpols/batch/orchestrator/application/service/task/TaskOutcomeSummaryBuilderTest.java,154,java:S5838,"Use assertThat(actual).containsEntry(key, value) instead.",OPEN,5min
MINOR,CODE_SMELL,batch-orchestrator/src/test/java/io/github/pinpols/batch/orchestrator/application/service/task/DefaultTaskOutcomeServiceTest.java,226,java:S6068,"Remove this and every subsequent useless ""eq(...)"" invocation; pass the values directly.",OPEN,2min
MINOR,CODE_SMELL,batch-worker/atomic/src/main/java/io/github/pinpols/batch/worker/atomic/http/HttpTaskExecutor.java,578,java:S1905,"Remove this unnecessary cast to ""long"".",OPEN,5min
MINOR,CODE_SMELL,batch-common/src/test/java/io/github/pinpols/batch/common/persistence/mybatis/AuditFieldsInterceptorTest.java,124,java:S8924,"Use a static import for ""when"".",OPEN,5min
MINOR,CODE_SMELL,batch-console-api/src/main/java/io/github/pinpols/batch/console/domain/file/infrastructure/DefaultConsoleFileTemplateApplicationService.java,287,java:S1488,"Immediately return this expression instead of assigning it to the temporary variable ""securityInput"".",OPEN,2min
MINOR,CODE_SMELL,batch-worker/import/src/test/java/io/github/pinpols/batch/worker/imports/stage/ParseStepPartitionSliceTest.java,81,java:S5838,"Use assertThat(actual).containsEntry(key, value) instead.",OPEN,5min
MINOR,CODE_SMELL,batch-orchestrator/src/test/java/io/github/pinpols/batch/orchestrator/web/TaskControllerTest.java,78,java:S8924,"Use a static import for ""never"".",OPEN,5min
MINOR,CODE_SMELL,batch-console-api/src/test/java/io/github/pinpols/batch/console/domain/audit/infrastructure/ai/DefaultConsoleAiApplicationServiceTest.java,313,java:S5838,Use isZero() instead.,OPEN,5min
MINOR,CODE_SMELL,batch-worker/export/src/test/java/io/github/pinpols/batch/worker/exports/stage/RegisterStepTest.java,94,java:S6068,"Remove this and every subsequent useless ""eq(...)"" invocation; pass the values directly.",OPEN,2min
MINOR,CODE_SMELL,batch-console-api/src/test/java/io/github/pinpols/batch/console/domain/workflow/infrastructure/WorkflowMermaidRendererTest.java,66,java:S5853,Join these multiple assertions subject to one assertion chain.,OPEN,5min
MINOR,CODE_SMELL,batch-orchestrator/src/test/java/io/github/pinpols/batch/orchestrator/application/service/DefaultCompensationServiceTest.java,200,java:S8924,"Use a static import for ""verify"".",OPEN,5min
MINOR,CODE_SMELL,batch-worker/process/src/main/java/io/github/pinpols/batch/worker/processes/infrastructure/ProcessStepExecutionAdapter.java,83,java:S1612,Replace this lambda with method reference 'attributes::putIfAbsent'.,OPEN,2min
MINOR,CODE_SMELL,batch-orchestrator/src/test/java/io/github/pinpols/batch/orchestrator/integration/JobTypeOutboxChainIntegrationTest.java,63,java:S8694,"Use a ""java.time.Month"" enum constant instead of this int literal.",OPEN,5min
MINOR,CODE_SMELL,batch-trigger/src/test/java/io/github/pinpols/batch/trigger/infrastructure/scheduler/TriggerReconcilerTest.java,106,java:S1130,"Remove the declaration of thrown exception 'java.lang.Exception', as it cannot be thrown from method's body.",OPEN,5min
MINOR,CODE_SMELL,batch-orchestrator/src/test/java/io/github/pinpols/batch/orchestrator/application/service/version/ResultVersionWriterTest.java,188,java:S8694,"Use a ""java.time.Month"" enum constant instead of this int literal.",OPEN,5min
MINOR,CODE_SMELL,batch-orchestrator/src/test/java/io/github/pinpols/batch/orchestrator/integration/LineageEvidenceArchiveFallbackIntegrationTest.java,120,java:S5838,"Use assertThat(actual).containsEntry(key, value) instead.",OPEN,5min
MINOR,CODE_SMELL,batch-orchestrator/src/test/java/io/github/pinpols/batch/orchestrator/service/DefaultLaunchValidationServiceTest.java,158,java:S6068,"Remove this and every subsequent useless ""eq(...)"" invocation; pass the values directly.",OPEN,2min
MINOR,CODE_SMELL,batch-orchestrator/src/test/java/io/github/pinpols/batch/orchestrator/application/service/replay/BatchDayReplayServiceTest.java,143,java:S8694,"Use a ""java.time.Month"" enum constant instead of this int literal.",OPEN,5min
MINOR,CODE_SMELL,batch-worker/dispatch/src/test/java/io/github/pinpols/batch/worker/dispatchs/stage/DeliverDispatchStepTest.java,123,java:S5838,"Use assertThat(actual).containsEntry(key, value) instead.",OPEN,5min
MINOR,CODE_SMELL,batch-orchestrator/src/test/java/io/github/pinpols/batch/orchestrator/integration/MultiTenantIsolationIntegrationTest.java,145,java:S5838,"Use assertThat(actual).containsEntry(key, value) instead.",OPEN,5min
MINOR,CODE_SMELL,batch-trigger/src/test/java/io/github/pinpols/batch/trigger/application/TriggerOutboxRelayTest.java,198,java:S1130,"Remove the declaration of thrown exception 'java.lang.Exception', as it cannot be thrown from method's body.",OPEN,5min
MINOR,CODE_SMELL,batch-trigger/src/test/java/io/github/pinpols/batch/trigger/service/CalendarBizDateResolverTest.java,66,java:S8694,"Use a ""java.time.Month"" enum constant instead of this int literal.",OPEN,5min
MINOR,CODE_SMELL,batch-orchestrator/src/test/java/io/github/pinpols/batch/orchestrator/application/service/replay/BatchDayReplayServiceTest.java,247,java:S8694,"Use a ""java.time.Month"" enum constant instead of this int literal.",OPEN,5min
MINOR,CODE_SMELL,batch-common/src/test/java/io/github/pinpols/batch/common/resilience/DownstreamFallbackTest.java,245,java:S8924,"Use a static import for ""when"".",OPEN,5min
MINOR,CODE_SMELL,batch-console-api/src/main/java/io/github/pinpols/batch/console/domain/job/infrastructure/DefaultConsoleBatchWindowApplicationService.java,70,java:S1125,Remove the unnecessary boolean literal.,OPEN,5min
MINOR,CODE_SMELL,batch-console-api/src/test/java/io/github/pinpols/batch/console/domain/notification/service/AlertmanagerNotifyServiceTest.java,225,java:S6068,"Remove this useless ""eq(...)"" invocation; pass the values directly.",OPEN,2min
MINOR,CODE_SMELL,batch-common/src/test/java/io/github/pinpols/batch/common/dto/LaunchRequestTest.java,74,java:S8694,"Use a ""java.time.Month"" enum constant instead of this int literal.",OPEN,5min
MINOR,CODE_SMELL,batch-trigger/src/test/java/io/github/pinpols/batch/trigger/integration/TriggerServiceIntegrationTest.java,65,java:S8694,"Use a ""java.time.Month"" enum constant instead of this int literal.",OPEN,5min
MINOR,CODE_SMELL,batch-console-api/src/test/java/io/github/pinpols/batch/console/integration/ConsolePipelineDefinitionMutationIntegrationTest.java,65,java:S5838,"Use assertThat(actual).containsEntry(key, value) instead.",OPEN,5min
MINOR,CODE_SMELL,batch-orchestrator/src/test/java/io/github/pinpols/batch/orchestrator/service/CutoffScheduleResolverTest.java,78,java:S8694,"Use a ""java.time.Month"" enum constant instead of this int literal.",OPEN,5min
MINOR,CODE_SMELL,batch-worker/atomic/src/test/java/io/github/pinpols/batch/worker/atomic/http/HttpTaskExecutorTest.java,418,java:S5838,Use assertThat(actual).hasSize(expected) instead.,OPEN,5min
MINOR,CODE_SMELL,batch-console-api/src/test/java/io/github/pinpols/batch/console/domain/ops/service/ConsoleClusterDiagnosticServiceTest.java,101,java:S5838,"Use assertThat(actual).containsEntry(key, value) instead.",OPEN,5min
MINOR,CODE_SMELL,batch-orchestrator/src/test/java/io/github/pinpols/batch/orchestrator/application/service/sensor/FileArrivalSensorPolicyTest.java,45,java:S5838,"Use assertThat(actual).containsEntry(key, value) instead.",OPEN,5min
MINOR,CODE_SMELL,batch-orchestrator/src/test/java/io/github/pinpols/batch/orchestrator/infrastructure/scheduler/BatchDayOpenSchedulerTest.java,197,java:S8694,"Use a ""java.time.Month"" enum constant instead of this int literal.",OPEN,5min
MINOR,CODE_SMELL,batch-orchestrator/src/test/java/io/github/pinpols/batch/orchestrator/integration/LineageEvidenceArchiveFallbackIntegrationTest.java,131,java:S5853,Join these multiple assertions subject to one assertion chain.,OPEN,5min
MINOR,CODE_SMELL,batch-orchestrator/src/test/java/io/github/pinpols/batch/orchestrator/integration/FileErrorRecordIntegrationTest.java,38,java:S5838,"Use assertThat(actual).containsEntry(key, value) instead.",OPEN,5min
MINOR,CODE_SMELL,batch-worker/core/src/test/java/io/github/pinpols/batch/worker/core/infrastructure/WorkerStartupRuntimeAuditTest.java,47,java:S5838,"Use assertThat(actual).containsEntry(key, value) instead.",OPEN,5min
MINOR,CODE_SMELL,batch-orchestrator/src/test/java/io/github/pinpols/batch/orchestrator/application/service/task/TaskControllerApplicationServiceTest.java,92,java:S6068,"Remove this and every subsequent useless ""eq(...)"" invocation; pass the values directly.",OPEN,2min
MINOR,CODE_SMELL,batch-console-api/src/main/java/io/github/pinpols/batch/console/infrastructure/excel/ConfigPackageExcelValidator.java,135,java:S2386,"Make this member ""protected"".",OPEN,15min
MINOR,BUG,batch-common/src/main/java/io/github/pinpols/batch/common/utils/PostgresqlJsonbTexts.java,23,java:S2637,"This method's return value is marked ""@NullMarked at package level"" but null is returned.",OPEN,15min
MINOR,CODE_SMELL,batch-orchestrator/src/test/java/io/github/pinpols/batch/orchestrator/application/service/governance/DefaultAlertEventServiceEscalationTest.java,71,java:S6068,"Remove this and every subsequent useless ""eq(...)"" invocation; pass the values directly.",OPEN,2min
MINOR,CODE_SMELL,batch-orchestrator/src/test/java/io/github/pinpols/batch/orchestrator/application/service/task/DefaultPartitionLifecycleServiceTest.java,79,java:S6068,"Remove this and every subsequent useless ""eq(...)"" invocation; pass the values directly.",OPEN,2min
MINOR,CODE_SMELL,batch-console-api/src/test/java/io/github/pinpols/batch/console/integration/ConsoleFileTemplateMutationIntegrationTest.java,71,java:S5838,"Use assertThat(actual).containsEntry(key, value) instead.",OPEN,5min
MINOR,CODE_SMELL,batch-orchestrator/src/test/java/io/github/pinpols/batch/orchestrator/service/DefaultWorkerRegistryServiceTest.java,433,java:S6068,"Remove this and every subsequent useless ""eq(...)"" invocation; pass the values directly.",OPEN,2min
MINOR,CODE_SMELL,batch-orchestrator/src/test/java/io/github/pinpols/batch/orchestrator/infrastructure/scheduler/WorkerRegistryCacheTest.java,172,java:S1130,"Remove the declaration of thrown exception 'java.lang.Exception', as it cannot be thrown from method's body.",OPEN,5min
MINOR,CODE_SMELL,batch-worker/import/src/test/java/io/github/pinpols/batch/worker/imports/stage/ParseStepStreamingTest.java,58,java:S5838,"Use assertThat(actual).containsEntry(key, value) instead.",OPEN,5min
MINOR,CODE_SMELL,batch-worker/dispatch/src/test/java/io/github/pinpols/batch/worker/dispatchs/stage/RetryDispatchStepTest.java,82,java:S5838,"Use assertThat(actual).containsEntry(key, value) instead.",OPEN,5min
MINOR,CODE_SMELL,batch-orchestrator/src/test/java/io/github/pinpols/batch/orchestrator/web/TaskControllerTest.java,213,java:S6068,"Remove this and every subsequent useless ""eq(...)"" invocation; pass the values directly.",OPEN,2min
MINOR,CODE_SMELL,sdk/java/core/src/main/java/io/github/pinpols/batch/sdk/dispatcher/TaskDispatcher.java,602,java:S1130,Remove the declaration of thrown exception 'io.github.pinpols.batch.sdk.internal.PlatformHttpException' which is a subclass of 'java.io.IOException'.,OPEN,5min
MINOR,CODE_SMELL,batch-orchestrator/src/test/java/io/github/pinpols/batch/orchestrator/integration/ExactlyOnceCrashRecoveryIntegrationTest.java,66,java:S5838,Use isZero() instead.,OPEN,5min
MINOR,CODE_SMELL,batch-orchestrator/src/test/java/io/github/pinpols/batch/orchestrator/infrastructure/lineage/OpenLineageEmitterTest.java,107,java:S5838,"Use assertThat(actual).containsEntry(key, value) instead.",OPEN,5min
MINOR,CODE_SMELL,batch-orchestrator/src/test/java/io/github/pinpols/batch/orchestrator/application/service/workflow/WorkflowGraphValidatorTest.java,165,java:S6068,"Remove this useless ""eq(...)"" invocation; pass the values directly.",OPEN,2min
MINOR,CODE_SMELL,batch-orchestrator/src/test/java/io/github/pinpols/batch/orchestrator/application/service/workflow/DefaultWorkflowNodeDispatchServiceTest.java,216,java:S6068,"Remove this and every subsequent useless ""eq(...)"" invocation; pass the values directly.",OPEN,2min
MINOR,CODE_SMELL,batch-orchestrator/src/test/java/io/github/pinpols/batch/orchestrator/application/service/workflow/BizDateArithmeticTest.java,59,java:S8694,"Use a ""java.time.Month"" enum constant instead of this int literal.",OPEN,5min
MINOR,CODE_SMELL,batch-orchestrator/src/test/java/io/github/pinpols/batch/orchestrator/application/service/workflow/BizDateArithmeticTest.java,121,java:S8694,"Use a ""java.time.Month"" enum constant instead of this int literal.",OPEN,5min
MINOR,CODE_SMELL,batch-orchestrator/src/test/java/io/github/pinpols/batch/orchestrator/infrastructure/scheduler/BatchDayWaitingReleaseSchedulerTest.java,32,java:S8694,"Use a ""java.time.Month"" enum constant instead of this int literal.",OPEN,5min
MINOR,CODE_SMELL,batch-worker/atomic/src/test/java/io/github/pinpols/batch/worker/atomic/http/HttpTaskExecutorTest.java,363,java:S5838,"Use assertThat(actual).containsEntry(key, value) instead.",OPEN,5min
MINOR,CODE_SMELL,batch-console-api/src/test/java/io/github/pinpols/batch/console/domain/audit/infrastructure/ai/ConsoleAiToolsTest.java,163,java:S6068,"Remove this useless ""eq(...)"" invocation; pass the values directly.",OPEN,2min
MINOR,CODE_SMELL,batch-console-api/src/main/java/io/github/pinpols/batch/console/infrastructure/excel/AbstractSingleSheetExcelService.java,40,java:S119,Rename this generic name to match the regular expression '^[A-Z][0-9]?$'.,OPEN,10min
MINOR,CODE_SMELL,batch-console-api/src/test/java/io/github/pinpols/batch/console/domain/audit/infrastructure/ai/ConsoleAiKnowledgeBaseTest.java,65,java:S5853,Join these multiple assertions subject to one assertion chain.,OPEN,5min
MINOR,CODE_SMELL,batch-trigger/src/main/java/io/github/pinpols/batch/trigger/service/DefaultLaunchAdapterService.java,51,java:S1488,"Immediately return this expression instead of assigning it to the temporary variable ""launchRequest"".",OPEN,2min
MINOR,CODE_SMELL,batch-orchestrator/src/test/java/io/github/pinpols/batch/orchestrator/service/BatchDayGateServiceTest.java,132,java:S8694,"Use a ""java.time.Month"" enum constant instead of this int literal.",OPEN,5min
MINOR,CODE_SMELL,batch-worker/core/src/main/java/io/github/pinpols/batch/worker/core/support/AbstractWorkerLoop.java,215,java:S7158,"Use ""isEmpty()"" to check whether a ""StringBuilder"" is empty or not.",OPEN,2min
MINOR,CODE_SMELL,batch-console-api/src/test/java/io/github/pinpols/batch/console/config/ConsoleSecurityConfigurationTest.java,51,java:S8924,"Use a static import for ""mock"".",OPEN,5min
MINOR,CODE_SMELL,batch-console-api/src/test/java/io/github/pinpols/batch/console/integration/ConsoleCalendarMutationIntegrationTest.java,60,java:S5838,"Use assertThat(actual).containsEntry(key, value) instead.",OPEN,5min
MINOR,CODE_SMELL,batch-worker/atomic/src/test/java/io/github/pinpols/batch/worker/atomic/http/HttpTaskExecutorTest.java,381,java:S5838,"Use assertThat(actual).containsEntry(key, value) instead.",OPEN,5min
MINOR,CODE_SMELL,batch-orchestrator/src/test/java/io/github/pinpols/batch/orchestrator/infrastructure/scheduler/BatchDayOpenSchedulerTest.java,230,java:S8694,"Use a ""java.time.Month"" enum constant instead of this int literal.",OPEN,5min
MINOR,CODE_SMELL,batch-console-api/src/test/java/io/github/pinpols/batch/console/domain/rbac/support/captcha/AliyunCaptchaVerifierTest.java,132,java:S5838,"Use assertThat(actual).containsEntry(key, value) instead.",OPEN,5min
MINOR,CODE_SMELL,sdk/java/core/src/test/java/io/github/pinpols/batch/sdk/dispatcher/KafkaTaskConsumerRebalanceTest.java,42,java:S8924,"Use a static import for ""mock"".",OPEN,5min
MINOR,CODE_SMELL,batch-console-api/src/test/java/io/github/pinpols/batch/console/domain/audit/infrastructure/ai/ConsoleAiToolsTest.java,92,java:S6068,"Remove this and every subsequent useless ""eq(...)"" invocation; pass the values directly.",OPEN,2min
MINOR,CODE_SMELL,batch-console-api/src/test/java/io/github/pinpols/batch/console/integration/SoftDeleteRecoveryIntegrationTest.java,97,java:S5838,"Use assertThat(actual).containsEntry(key, value) instead.",OPEN,5min
MINOR,CODE_SMELL,batch-trigger/src/test/java/io/github/pinpols/batch/trigger/integration/TriggerServiceIntegrationTest.java,111,java:S8694,"Use a ""java.time.Month"" enum constant instead of this int literal.",OPEN,5min
MINOR,CODE_SMELL,sdk/java/core/src/test/java/io/github/pinpols/batch/sdk/dispatcher/TaskDispatcherP0HardeningTest.java,176,java:S5853,Join these multiple assertions subject to one assertion chain.,OPEN,5min
MINOR,BUG,batch-common/src/main/java/io/github/pinpols/batch/common/utils/CorrelationIds.java,26,java:S2637,"This method's return value is marked ""@NullMarked at package level"" but null is returned.",OPEN,15min
MINOR,CODE_SMELL,sdk/java/core/src/test/java/io/github/pinpols/batch/sdk/client/BatchPlatformClientStopOrderTest.java,81,java:S8924,"Use a static import for ""doThrow"".",OPEN,5min
MINOR,CODE_SMELL,batch-worker/dispatch/src/test/java/io/github/pinpols/batch/worker/dispatchs/infrastructure/ChannelConfigMergeTest.java,76,java:S5838,"Use assertThat(actual).containsEntry(key, value) instead.",OPEN,5min
MINOR,CODE_SMELL,batch-console-api/src/test/java/io/github/pinpols/batch/console/integration/ConsoleFileChannelMutationIntegrationTest.java,68,java:S5838,"Use assertThat(actual).containsEntry(key, value) instead.",OPEN,5min
MINOR,CODE_SMELL,batch-common/src/test/java/io/github/pinpols/batch/common/dto/LaunchRequestTest.java,56,java:S8694,"Use a ""java.time.Month"" enum constant instead of this int literal.",OPEN,5min
MINOR,CODE_SMELL,batch-worker/import/src/main/java/io/github/pinpols/batch/worker/imports/runtime/ImportIngressScanner.java,707,java:S135,Reduce the total number of break and continue statements in this loop to use at most one.,OPEN,20min
MINOR,CODE_SMELL,batch-console-api/src/test/java/io/github/pinpols/batch/console/domain/notification/web/response/NotificationMapResponseJacksonTest.java,77,java:S5853,Join these multiple assertions subject to one assertion chain.,OPEN,5min
MINOR,CODE_SMELL,batch-console-api/src/test/java/io/github/pinpols/batch/console/domain/ops/service/ConsoleClusterDiagnosticServiceTest.java,68,java:S5838,"Use assertThat(actual).containsEntry(key, value) instead.",OPEN,5min
MINOR,CODE_SMELL,batch-console-api/src/test/java/io/github/pinpols/batch/console/domain/workflow/web/response/WorkflowMapResponseJacksonTest.java,46,java:S5853,Join these multiple assertions subject to one assertion chain.,OPEN,5min
MINOR,CODE_SMELL,batch-orchestrator/src/test/java/io/github/pinpols/batch/orchestrator/service/BatchDayTimePolicyResolverTest.java,39,java:S8694,"Use a ""java.time.Month"" enum constant instead of this int literal.",OPEN,5min
MINOR,CODE_SMELL,batch-console-api/src/main/java/io/github/pinpols/batch/console/infrastructure/config/DefaultConsoleTenantConfigPackageExcelApplicationService.java,547,java:S1659,"Declare ""updated"" on a separate line.",OPEN,2min
MINOR,CODE_SMELL,batch-orchestrator/src/test/java/io/github/pinpols/batch/orchestrator/application/service/version/ResultVersionWriterTest.java,61,java:S8694,"Use a ""java.time.Month"" enum constant instead of this int literal.",OPEN,5min
MINOR,CODE_SMELL,batch-worker/import/src/test/java/io/github/pinpols/batch/worker/imports/stage/ParseStepPartitionSliceTest.java,102,java:S5853,Join these multiple assertions subject to one assertion chain.,OPEN,5min
MINOR,CODE_SMELL,batch-orchestrator/src/test/java/io/github/pinpols/batch/orchestrator/application/service/asset/AssetPartitionServiceTest.java,133,java:S8694,"Use a ""java.time.Month"" enum constant instead of this int literal.",OPEN,5min
MINOR,CODE_SMELL,batch-worker/atomic/src/main/java/io/github/pinpols/batch/worker/atomic/sql/SqlTaskExecutor.java,212,java:S6201,Replace this instanceof check and cast with 'instanceof Boolean boolean',OPEN,5min
MINOR,CODE_SMELL,batch-orchestrator/src/test/java/io/github/pinpols/batch/orchestrator/service/BatchDayOperationServiceTest.java,122,java:S8694,"Use a ""java.time.Month"" enum constant instead of this int literal.",OPEN,5min
MINOR,CODE_SMELL,batch-orchestrator/src/test/java/io/github/pinpols/batch/orchestrator/application/service/task/DefaultPartitionLifecycleServiceTest.java,280,java:S5838,"Use assertThat(actual).containsEntry(key, value) instead.",OPEN,5min
MINOR,CODE_SMELL,batch-trigger/src/main/java/io/github/pinpols/batch/trigger/service/DefaultLaunchAdapterService.java,97,java:S1488,"Immediately return this expression instead of assigning it to the temporary variable ""launchRequest"".",OPEN,2min
MINOR,CODE_SMELL,batch-orchestrator/src/test/java/io/github/pinpols/batch/orchestrator/application/service/governance/DefaultAlertEventServiceEscalationTest.java,72,java:S6068,"Remove this and every subsequent useless ""eq(...)"" invocation; pass the values directly.",OPEN,2min
MINOR,CODE_SMELL,batch-trigger/src/test/java/io/github/pinpols/batch/trigger/infrastructure/TriggerGracefulShutdownTest.java,62,java:S5838,"Use assertThat(actual).containsEntry(key, value) instead.",OPEN,5min
MINOR,CODE_SMELL,batch-orchestrator/src/test/java/io/github/pinpols/batch/orchestrator/infrastructure/lineage/OpenLineageEmitterTest.java,79,java:S5838,"Use assertThat(actual).containsEntry(key, value) instead.",OPEN,5min
MINOR,CODE_SMELL,batch-worker/core/src/main/java/io/github/pinpols/batch/worker/core/support/AbstractStageExecutor.java,73,java:S135,Reduce the total number of break and continue statements in this loop to use at most one.,OPEN,20min
MINOR,CODE_SMELL,batch-orchestrator/src/main/java/io/github/pinpols/batch/orchestrator/infrastructure/governance/AlertmanagerEmitPublisher.java,51,java:S1075,Refactor your code to get this URI from a customizable parameter.,OPEN,20min
MINOR,CODE_SMELL,batch-common/src/test/java/io/github/pinpols/batch/common/utils/AlertLabelsTest.java,84,java:S5853,Join these multiple assertions subject to one assertion chain.,OPEN,5min
MINOR,CODE_SMELL,batch-orchestrator/src/main/java/io/github/pinpols/batch/orchestrator/application/service/governance/DefaultFileGovernanceService.java,187,java:S1075,Remove this hard-coded path-delimiter.,OPEN,20min
MINOR,CODE_SMELL,batch-orchestrator/src/test/java/io/github/pinpols/batch/orchestrator/application/service/dryrun/DefaultDryRunPlanServiceTest.java,268,java:S8694,"Use a ""java.time.Month"" enum constant instead of this int literal.",OPEN,5min
MINOR,CODE_SMELL,batch-console-api/src/test/java/io/github/pinpols/batch/console/domain/notification/service/AlertmanagerAlertRendererTest.java,141,java:S5838,"Use assertThat(actual).containsEntry(key, value) instead.",OPEN,5min
MINOR,CODE_SMELL,batch-console-api/src/main/java/io/github/pinpols/batch/console/infrastructure/excel/ConfigPackageExcelValidator.java,164,java:S2386,"Make this member ""protected"".",OPEN,15min
MINOR,CODE_SMELL,batch-orchestrator/src/test/java/io/github/pinpols/batch/orchestrator/integration/FileGovernanceIntegrationTest.java,241,java:S5838,"Use assertThat(actual).containsEntry(key, value) instead.",OPEN,5min
MINOR,CODE_SMELL,batch-orchestrator/src/test/java/io/github/pinpols/batch/orchestrator/application/service/workflow/CrossDayDependencyResolverTest.java,84,java:S8694,"Use a ""java.time.Month"" enum constant instead of this int literal.",OPEN,5min
MINOR,CODE_SMELL,batch-console-api/src/test/java/io/github/pinpols/batch/console/infrastructure/config/DefaultConsoleConfigApplicationServiceTest.java,172,java:S8924,"Use a static import for ""times"".",OPEN,5min
MINOR,CODE_SMELL,batch-orchestrator/src/test/java/io/github/pinpols/batch/orchestrator/application/service/task/DefaultPartitionLifecycleServiceTest.java,103,java:S6068,"Remove this and every subsequent useless ""eq(...)"" invocation; pass the values directly.",OPEN,2min
MINOR,CODE_SMELL,batch-orchestrator/src/test/java/io/github/pinpols/batch/orchestrator/infrastructure/lineage/OpenLineageEmitterTest.java,99,java:S5838,"Use assertThat(actual).containsEntry(key, value) instead.",OPEN,5min
MINOR,CODE_SMELL,batch-console-api/src/main/java/io/github/pinpols/batch/console/infrastructure/workflow/DefaultConsoleWorkflowDefinitionApplicationService.java,136,java:S1125,Remove the unnecessary boolean literal.,OPEN,5min
MINOR,CODE_SMELL,sdk/java/core/src/test/java/io/github/pinpols/batch/sdk/dispatcher/KafkaConsumerAuthFailureTest.java,52,java:S1130,"Remove the declaration of thrown exception 'java.lang.Exception', as it cannot be thrown from method's body.",OPEN,5min
MINOR,CODE_SMELL,batch-console-api/src/test/java/io/github/pinpols/batch/console/integration/SoftDeleteRecoveryIntegrationTest.java,95,java:S5838,"Use assertThat(actual).containsEntry(key, value) instead.",OPEN,5min
MINOR,CODE_SMELL,batch-orchestrator/src/test/java/io/github/pinpols/batch/orchestrator/auth/ApiKeyVerifierTest.java,332,java:S6068,"Remove this useless ""eq(...)"" invocation; pass the values directly.",OPEN,2min
MINOR,CODE_SMELL,batch-orchestrator/src/test/java/io/github/pinpols/batch/orchestrator/integration/BundleLaunchPartitionExpansionIntegrationTest.java,116,java:S5838,"Use assertThat(actual).containsEntry(key, value) instead.",OPEN,5min
MINOR,CODE_SMELL,batch-orchestrator/src/test/java/io/github/pinpols/batch/orchestrator/application/engine/TaskDispatchOutboxServiceTest.java,247,java:S8694,"Use a ""java.time.Month"" enum constant instead of this int literal.",OPEN,5min
MINOR,CODE_SMELL,batch-orchestrator/src/test/java/io/github/pinpols/batch/orchestrator/application/service/task/DefaultPartitionLifecycleServiceTest.java,123,java:S6068,"Remove this and every subsequent useless ""eq(...)"" invocation; pass the values directly.",OPEN,2min
MINOR,CODE_SMELL,batch-console-api/src/test/java/io/github/pinpols/batch/console/domain/rbac/service/ConsoleTenantReadinessServiceTest.java,90,java:S8924,"Use a static import for ""never"".",OPEN,5min
MINOR,CODE_SMELL,batch-orchestrator/src/test/java/io/github/pinpols/batch/orchestrator/application/service/asset/AssetPartitionServiceTest.java,142,java:S8694,"Use a ""java.time.Month"" enum constant instead of this int literal.",OPEN,5min
MINOR,CODE_SMELL,batch-console-api/src/test/java/io/github/pinpols/batch/console/domain/workflow/web/ConsoleWorkflowVersionsControllerTest.java,135,java:S6068,"Remove this and every subsequent useless ""eq(...)"" invocation; pass the values directly.",OPEN,2min
MINOR,CODE_SMELL,batch-orchestrator/src/test/java/io/github/pinpols/batch/orchestrator/application/service/task/InstanceManagementPauseResumeTest.java,76,java:S6068,"Remove this and every subsequent useless ""eq(...)"" invocation; pass the values directly.",OPEN,2min
MINOR,CODE_SMELL,batch-common/src/test/java/io/github/pinpols/batch/common/dto/LaunchRequestTest.java,18,java:S8694,"Use a ""java.time.Month"" enum constant instead of this int literal.",OPEN,5min
MINOR,CODE_SMELL,batch-console-api/src/test/java/io/github/pinpols/batch/console/domain/rbac/support/captcha/CaptchaCryptoTest.java,37,java:S5838,Use isEmpty() instead.,OPEN,5min
MINOR,CODE_SMELL,batch-worker/export/src/test/java/io/github/pinpols/batch/worker/exports/stage/RegisterStepTest.java,87,java:S6068,"Remove this useless ""eq(...)"" invocation; pass the values directly.",OPEN,2min
MINOR,CODE_SMELL,batch-console-api/src/test/java/io/github/pinpols/batch/console/integration/SoftDeleteRecoveryIntegrationTest.java,94,java:S5838,"Use assertThat(actual).containsEntry(key, value) instead.",OPEN,5min
MINOR,CODE_SMELL,batch-orchestrator/src/test/java/io/github/pinpols/batch/orchestrator/application/service/workflow/WorkflowGraphValidatorTest.java,346,java:S6068,"Remove this useless ""eq(...)"" invocation; pass the values directly.",OPEN,2min
MINOR,CODE_SMELL,batch-orchestrator/src/test/java/io/github/pinpols/batch/orchestrator/integration/LineageEvidenceArchiveFallbackIntegrationTest.java,95,java:S5838,"Use assertThat(actual).containsEntry(key, value) instead.",OPEN,5min
MINOR,CODE_SMELL,batch-orchestrator/src/test/java/io/github/pinpols/batch/orchestrator/infrastructure/lineage/OpenLineageEmitterTest.java,75,java:S5838,"Use assertThat(actual).containsEntry(key, value) instead.",OPEN,5min
MINOR,CODE_SMELL,batch-trigger/src/test/java/io/github/pinpols/batch/trigger/integration/TriggerAsyncLaunchIntegrationTest.java,178,java:S8694,"Use a ""java.time.Month"" enum constant instead of this int literal.",OPEN,5min
MINOR,CODE_SMELL,batch-orchestrator/src/main/java/io/github/pinpols/batch/orchestrator/service/BatchDayOperationService.java,205,java:S1488,"Immediately return this expression instead of assigning it to the temporary variable ""launchRequest"".",OPEN,2min
MINOR,CODE_SMELL,batch-worker/core/src/test/java/io/github/pinpols/batch/worker/core/infrastructure/WorkerStartupRuntimeAuditTest.java,73,java:S5838,"Use assertThat(actual).containsEntry(key, value) instead.",OPEN,5min
MINOR,CODE_SMELL,batch-console-api/src/test/java/io/github/pinpols/batch/console/shared/approval/OrchestratorApprovalClientTest.java,181,java:S5853,Join these multiple assertions subject to one assertion chain.,OPEN,5min
MINOR,CODE_SMELL,batch-console-api/src/test/java/io/github/pinpols/batch/console/infrastructure/config/DefaultConsoleConfigApplicationServiceTest.java,210,java:S8924,"Use a static import for ""never"".",OPEN,5min
MINOR,CODE_SMELL,batch-orchestrator/src/test/java/io/github/pinpols/batch/orchestrator/application/service/workflow/DefaultWorkflowNodeDispatchServiceTest.java,262,java:S6068,"Remove this and every subsequent useless ""eq(...)"" invocation; pass the values directly.",OPEN,2min
MINOR,CODE_SMELL,batch-worker/import/src/test/java/io/github/pinpols/batch/worker/imports/stage/ParseStepPartitionSliceTest.java,133,java:S5838,"Use assertThat(actual).containsEntry(key, value) instead.",OPEN,5min
MINOR,CODE_SMELL,batch-orchestrator/src/test/java/io/github/pinpols/batch/orchestrator/infrastructure/lineage/OpenLineageEmitterTest.java,30,java:S8924,"Use a static import for ""when"".",OPEN,5min
MINOR,CODE_SMELL,sdk/java/core/src/test/java/io/github/pinpols/batch/sdk/dispatcher/SdkPlatformContractTest.java,130,java:S5853,Join these multiple assertions subject to one assertion chain.,OPEN,5min
MINOR,CODE_SMELL,batch-orchestrator/src/test/java/io/github/pinpols/batch/orchestrator/integration/CompensationFailureRecoveryIntegrationTest.java,64,java:S5838,"Use assertThat(actual).containsEntry(key, value) instead.",OPEN,5min
MINOR,CODE_SMELL,batch-worker/export/src/test/java/io/github/pinpols/batch/worker/exports/stage/GenerateStepCheckpointTest.java,175,java:S5838,"Use assertThat(actual).containsEntry(key, value) instead.",OPEN,5min
MINOR,CODE_SMELL,batch-orchestrator/src/test/java/io/github/pinpols/batch/orchestrator/application/service/workflow/CrossDayDependencyResolverTest.java,69,java:S8694,"Use a ""java.time.Month"" enum constant instead of this int literal.",OPEN,5min
MINOR,CODE_SMELL,batch-orchestrator/src/test/java/io/github/pinpols/batch/orchestrator/web/TaskControllerTest.java,100,java:S6068,"Remove this and every subsequent useless ""eq(...)"" invocation; pass the values directly.",OPEN,2min
MINOR,BUG,batch-orchestrator/src/main/java/io/github/pinpols/batch/orchestrator/application/engine/DefaultScheduleForwarder.java,403,java:S2184,"Cast one of the operands of this subtraction operation to a ""double"".",OPEN,5min
MINOR,CODE_SMELL,batch-orchestrator/src/test/java/io/github/pinpols/batch/orchestrator/integration/LineageEvidenceArchiveFallbackIntegrationTest.java,91,java:S5838,"Use assertThat(actual).containsEntry(key, value) instead.",OPEN,5min
MINOR,CODE_SMELL,batch-worker/export/src/test/java/io/github/pinpols/batch/worker/exports/stage/StoreStepTest.java,83,java:S5838,"Use assertThat(actual).containsEntry(key, value) instead.",OPEN,5min
MINOR,CODE_SMELL,batch-worker/process/src/main/java/io/github/pinpols/batch/worker/processes/sql/SqlTransformComputePlugin.java,53,java:S6353,Use concise character class syntax '\\w' instead of '[a-zA-Z0-9_]'.,OPEN,5min
MINOR,BUG,batch-worker/core/src/main/java/io/github/pinpols/batch/worker/core/infrastructure/HttpTaskExecutionClient.java,61,java:S3077,"Use a thread-safe type; adding ""volatile"" is not enough to make this field thread-safe.",OPEN,20min
MINOR,CODE_SMELL,batch-console-api/src/test/java/io/github/pinpols/batch/console/domain/rbac/web/response/RbacMapResponseJacksonTest.java,27,java:S5853,Join these multiple assertions subject to one assertion chain.,OPEN,5min
MINOR,CODE_SMELL,batch-common/src/main/java/io/github/pinpols/batch/common/storage/FilesystemObjectStore.java,239,java:S135,Reduce the total number of break and continue statements in this loop to use at most one.,OPEN,40min
MINOR,CODE_SMELL,batch-worker/export/src/test/java/io/github/pinpols/batch/worker/exports/plugin/SqlTemplateExportDataPluginTest.java,14,java:S5853,Join these multiple assertions subject to one assertion chain.,OPEN,5min
MINOR,CODE_SMELL,batch-console-api/src/test/java/io/github/pinpols/batch/console/domain/audit/support/AuditAspectTenantFallbackTest.java,159,java:S8924,"Use a static import for ""when"".",OPEN,5min
MINOR,CODE_SMELL,batch-orchestrator/src/test/java/io/github/pinpols/batch/orchestrator/integration/MultiTenantIsolationIntegrationTest.java,179,java:S8694,"Use a ""java.time.Month"" enum constant instead of this int literal.",OPEN,5min
MINOR,CODE_SMELL,batch-console-api/src/main/java/io/github/pinpols/batch/console/support/ratelimit/ConsoleRateLimitFilter.java,39,java:S1075,Refactor your code to get this URI from a customizable parameter.,OPEN,20min
MINOR,CODE_SMELL,sdk/java/core/src/test/java/io/github/pinpols/batch/sdk/task/SdkTaskContextTest.java,27,java:S8694,"Use a ""java.time.Month"" enum constant instead of this int literal.",OPEN,5min
MINOR,CODE_SMELL,batch-console-api/src/test/java/io/github/pinpols/batch/console/integration/SoftDeleteRecoveryIntegrationTest.java,214,java:S5838,"Use assertThat(actual).containsEntry(key, value) instead.",OPEN,5min
MINOR,CODE_SMELL,batch-worker/export/src/test/java/io/github/pinpols/batch/worker/exports/plugin/SqlTemplateExportKeysetRangeTest.java,46,java:S5853,Join these multiple assertions subject to one assertion chain.,OPEN,5min
MINOR,CODE_SMELL,batch-orchestrator/src/test/java/io/github/pinpols/batch/orchestrator/integration/BatchDayReplayOutputsOnlyIntegrationTest.java,38,java:S8694,"Use a ""java.time.Month"" enum constant instead of this int literal.",OPEN,5min
MINOR,CODE_SMELL,batch-orchestrator/src/test/java/io/github/pinpols/batch/orchestrator/service/DefaultWorkerRegistryServiceTest.java,468,java:S6068,"Remove this and every subsequent useless ""eq(...)"" invocation; pass the values directly.",OPEN,2min
MINOR,CODE_SMELL,batch-console-api/src/test/java/io/github/pinpols/batch/console/integration/ConsoleCalendarMutationIntegrationTest.java,62,java:S5838,"Use assertThat(actual).containsEntry(key, value) instead.",OPEN,5min
MINOR,CODE_SMELL,batch-console-api/src/main/java/io/github/pinpols/batch/console/infrastructure/excel/ConfigPackageExcelValidator.java,981,java:S6353,Use concise character class syntax '\\w' instead of '[A-Za-z0-9_]'.,OPEN,5min
MINOR,CODE_SMELL,batch-console-api/src/test/java/io/github/pinpols/batch/console/domain/audit/support/AuditAspectTenantFallbackTest.java,160,java:S8924,"Use a static import for ""when"".",OPEN,5min
MINOR,CODE_SMELL,batch-trigger/src/test/java/io/github/pinpols/batch/trigger/support/CronExpressionAdapterTest.java,146,java:S8694,"Use a ""java.time.Month"" enum constant instead of this int literal.",OPEN,5min
MINOR,CODE_SMELL,batch-worker/atomic/src/main/java/io/github/pinpols/batch/worker/atomic/sql/SqlTaskExecutor.java,231,java:S6201,Replace this instanceof check and cast with 'instanceof String string',OPEN,5min
MINOR,CODE_SMELL,sdk/java/core/src/main/java/io/github/pinpols/batch/sdk/handler/typed/SdkAbstractTypedProcessHandler.java,29,java:S119,Rename this generic name to match the regular expression '^[A-Z][0-9]?$'.,OPEN,10min
MINOR,BUG,batch-trigger/src/main/java/io/github/pinpols/batch/trigger/application/TriggerOutboxRelay.java,78,java:S3077,"Use a thread-safe type; adding ""volatile"" is not enough to make this field thread-safe.",OPEN,20min
MINOR,CODE_SMELL,batch-orchestrator/src/test/java/io/github/pinpols/batch/orchestrator/application/service/workflow/BizDateArithmeticTest.java,77,java:S8694,"Use a ""java.time.Month"" enum constant instead of this int literal.",OPEN,5min
MINOR,CODE_SMELL,batch-orchestrator/src/test/java/io/github/pinpols/batch/orchestrator/service/CutoffScheduleResolverTest.java,35,java:S8694,"Use a ""java.time.Month"" enum constant instead of this int literal.",OPEN,5min
MINOR,CODE_SMELL,batch-orchestrator/src/test/java/io/github/pinpols/batch/orchestrator/infrastructure/lineage/OpenLineageEmitterTest.java,76,java:S5838,"Use assertThat(actual).containsEntry(key, value) instead.",OPEN,5min
MINOR,CODE_SMELL,batch-console-api/src/test/java/io/github/pinpols/batch/console/integration/ConsoleCalendarMutationIntegrationTest.java,61,java:S5838,"Use assertThat(actual).containsEntry(key, value) instead.",OPEN,5min
MINOR,CODE_SMELL,batch-console-api/src/test/java/io/github/pinpols/batch/console/domain/rbac/support/ConsoleLoginServiceTest.java,97,java:S8924,"Use a static import for ""when"".",OPEN,5min
MINOR,CODE_SMELL,batch-orchestrator/src/main/java/io/github/pinpols/batch/orchestrator/application/workflow/WorkflowParamResolver.java,39,java:S6353,Use concise character class syntax '\\w' instead of '[a-zA-Z0-9_]'.,OPEN,5min
MINOR,CODE_SMELL,batch-orchestrator/src/test/java/io/github/pinpols/batch/orchestrator/service/DefaultLaunchServiceTest.java,383,java:S8694,"Use a ""java.time.Month"" enum constant instead of this int literal.",OPEN,5min
MINOR,CODE_SMELL,batch-console-api/src/main/java/io/github/pinpols/batch/console/domain/file/infrastructure/DefaultConsoleFileTemplateApplicationService.java,384,java:S135,Reduce the total number of break and continue statements in this loop to use at most one.,OPEN,20min
MINOR,CODE_SMELL,batch-console-api/src/test/java/io/github/pinpols/batch/console/domain/file/infrastructure/DefaultConsoleFileDownloadApplicationServiceTest.java,105,java:S1130,"Remove the declaration of thrown exception 'java.lang.Exception', as it cannot be thrown from method's body.",OPEN,5min
MINOR,CODE_SMELL,batch-orchestrator/src/test/java/io/github/pinpols/batch/orchestrator/application/engine/VerifierFailureOutboxServiceTest.java,76,java:S8924,"Use a static import for ""times"".",OPEN,5min
MINOR,CODE_SMELL,batch-orchestrator/src/test/java/io/github/pinpols/batch/orchestrator/integration/JobRetryFlowIntegrationTest.java,55,java:S8694,"Use a ""java.time.Month"" enum constant instead of this int literal.",OPEN,5min
MINOR,CODE_SMELL,batch-orchestrator/src/test/java/io/github/pinpols/batch/orchestrator/service/BatchDayOperationServiceTest.java,106,java:S8694,"Use a ""java.time.Month"" enum constant instead of this int literal.",OPEN,5min
MINOR,CODE_SMELL,batch-orchestrator/src/test/java/io/github/pinpols/batch/orchestrator/service/BatchDayOperationServiceTest.java,172,java:S8694,"Use a ""java.time.Month"" enum constant instead of this int literal.",OPEN,5min
MINOR,CODE_SMELL,batch-common/src/test/java/io/github/pinpols/batch/common/utils/PrivateTempFilesTest.java,,java:S5838,Use assertThat(actual).hasToString(expectedString) instead.,CLOSED,5min
MINOR,CODE_SMELL,batch-orchestrator/src/test/java/io/github/pinpols/batch/orchestrator/service/DefaultWorkerRegistryServiceTest.java,511,java:S6068,"Remove this and every subsequent useless ""eq(...)"" invocation; pass the values directly.",OPEN,2min
MINOR,CODE_SMELL,batch-console-api/src/test/java/io/github/pinpols/batch/console/infrastructure/config/DefaultConsoleTenantConfigInitApplicationServiceTest.java,203,java:S5838,Use isZero() instead.,OPEN,5min
MINOR,CODE_SMELL,batch-worker/dispatch/src/test/java/io/github/pinpols/batch/worker/dispatchs/infrastructure/channel/DispatchChannelCircuitBreakerContextSmokeTest.java,53,java:S5838,Use isZero() instead.,OPEN,5min
MINOR,CODE_SMELL,batch-orchestrator/src/test/java/io/github/pinpols/batch/orchestrator/integration/MultiCalendarCoordinationIntegrationTest.java,38,java:S8694,"Use a ""java.time.Month"" enum constant instead of this int literal.",OPEN,5min
MINOR,CODE_SMELL,batch-orchestrator/src/test/java/io/github/pinpols/batch/orchestrator/service/DefaultWorkerRegistryServiceTest.java,172,java:S6068,"Remove this and every subsequent useless ""eq(...)"" invocation; pass the values directly.",OPEN,2min
MINOR,CODE_SMELL,batch-worker/export/src/test/java/io/github/pinpols/batch/worker/exports/stage/RegisterStepTest.java,88,java:S6068,"Remove this useless ""eq(...)"" invocation; pass the values directly.",OPEN,2min
MINOR,CODE_SMELL,batch-orchestrator/src/test/java/io/github/pinpols/batch/orchestrator/integration/WorkerRegistryIntegrationTest.java,85,java:S5853,Join these multiple assertions subject to one assertion chain.,OPEN,5min
MINOR,CODE_SMELL,batch-orchestrator/src/test/java/io/github/pinpols/batch/orchestrator/application/service/task/DefaultPartitionLifecycleServiceTest.java,67,java:S6068,"Remove this and every subsequent useless ""eq(...)"" invocation; pass the values directly.",OPEN,2min
MINOR,CODE_SMELL,batch-orchestrator/src/test/java/io/github/pinpols/batch/orchestrator/application/service/workflow/BizDateArithmeticTest.java,99,java:S8694,"Use a ""java.time.Month"" enum constant instead of this int literal.",OPEN,5min
MINOR,CODE_SMELL,batch-trigger/src/test/java/io/github/pinpols/batch/trigger/service/DefaultTriggerServiceTest.java,304,java:S8694,"Use a ""java.time.Month"" enum constant instead of this int literal.",OPEN,5min
MINOR,CODE_SMELL,batch-orchestrator/src/test/java/io/github/pinpols/batch/orchestrator/infrastructure/scheduler/BatchDayOpenSchedulerTest.java,289,java:S8694,"Use a ""java.time.Month"" enum constant instead of this int literal.",OPEN,5min
MINOR,CODE_SMELL,batch-orchestrator/src/main/java/io/github/pinpols/batch/orchestrator/application/service/workflow/DefaultWorkflowDagService.java,254,java:S135,Reduce the total number of break and continue statements in this loop to use at most one.,OPEN,20min
MINOR,CODE_SMELL,batch-orchestrator/src/test/java/io/github/pinpols/batch/orchestrator/application/service/task/DefaultTaskOutcomeServiceTest.java,194,java:S6068,"Remove this and every subsequent useless ""eq(...)"" invocation; pass the values directly.",OPEN,2min
MINOR,CODE_SMELL,batch-orchestrator/src/test/java/io/github/pinpols/batch/orchestrator/application/service/workflow/CrossDayDependencyResolverTest.java,66,java:S8694,"Use a ""java.time.Month"" enum constant instead of this int literal.",OPEN,5min
MINOR,CODE_SMELL,batch-console-api/src/test/java/io/github/pinpols/batch/console/domain/notification/web/response/NotificationMapResponseJacksonTest.java,194,java:S5853,Join these multiple assertions subject to one assertion chain.,OPEN,5min
MINOR,CODE_SMELL,batch-orchestrator/src/test/java/io/github/pinpols/batch/orchestrator/integration/CompensationFailureRecoveryIntegrationTest.java,65,java:S5838,"Use assertThat(actual).containsEntry(key, value) instead.",OPEN,5min
MINOR,CODE_SMELL,batch-console-api/src/test/java/io/github/pinpols/batch/console/domain/audit/support/AuditAspectTenantFallbackTest.java,146,java:S8924,"Use a static import for ""when"".",OPEN,5min
MINOR,CODE_SMELL,batch-orchestrator/src/test/java/io/github/pinpols/batch/orchestrator/application/service/task/DefaultPartitionDispatchServiceTest.java,43,java:S8694,"Use a ""java.time.Month"" enum constant instead of this int literal.",OPEN,5min
MINOR,CODE_SMELL,batch-console-api/src/main/java/io/github/pinpols/batch/console/infrastructure/excel/ConfigPackageExcelValidator.java,132,java:S2386,"Make this member ""protected"".",OPEN,15min
MINOR,CODE_SMELL,batch-orchestrator/src/test/java/io/github/pinpols/batch/orchestrator/service/DefaultLaunchServiceTest.java,208,java:S5838,"Use assertThat(actual).containsEntry(key, value) instead.",OPEN,5min
MINOR,CODE_SMELL,batch-orchestrator/src/test/java/io/github/pinpols/batch/orchestrator/service/BatchDayOperationServiceTest.java,154,java:S8694,"Use a ""java.time.Month"" enum constant instead of this int literal.",OPEN,5min
MINOR,CODE_SMELL,batch-worker/import/src/main/java/io/github/pinpols/batch/worker/imports/jdbc/JdbcMappedImportSpec.java,295,java:S7158,"Use ""isEmpty()"" to check whether a ""StringBuilder"" is empty or not.",OPEN,2min
MINOR,BUG,batch-worker/atomic/src/main/java/io/github/pinpols/batch/worker/atomic/http/HttpTaskExecutor.java,109,java:S3077,"Use a thread-safe type; adding ""volatile"" is not enough to make this field thread-safe.",OPEN,20min
MINOR,CODE_SMELL,batch-orchestrator/src/test/java/io/github/pinpols/batch/orchestrator/infrastructure/sharding/ShardAssignmentTest.java,14,java:S5838,Use isZero() instead.,OPEN,5min
MINOR,CODE_SMELL,batch-orchestrator/src/test/java/io/github/pinpols/batch/orchestrator/integration/PartitionJoinPromotionIntegrationTest.java,60,java:S8694,"Use a ""java.time.Month"" enum constant instead of this int literal.",OPEN,5min
MINOR,CODE_SMELL,batch-orchestrator/src/test/java/io/github/pinpols/batch/orchestrator/infrastructure/scheduler/BatchDayOpenSchedulerTest.java,91,java:S8694,"Use a ""java.time.Month"" enum constant instead of this int literal.",OPEN,5min
MINOR,BUG,batch-console-api/src/main/java/io/github/pinpols/batch/console/domain/notification/service/WebhookDeliveryRelay.java,82,java:S3077,"Use a thread-safe type; adding ""volatile"" is not enough to make this field thread-safe.",OPEN,20min
MINOR,CODE_SMELL,batch-worker/import/src/test/java/io/github/pinpols/batch/worker/imports/stage/LoadStepCheckpointTest.java,69,java:S2924,"Remove this unused ""TempDir"".",OPEN,5min
MINOR,CODE_SMELL,batch-orchestrator/src/main/java/io/github/pinpols/batch/orchestrator/application/service/dryrun/DryRunEndpointProbe.java,36,java:S135,Reduce the total number of break and continue statements in this loop to use at most one.,OPEN,40min
MINOR,CODE_SMELL,batch-orchestrator/src/test/java/io/github/pinpols/batch/orchestrator/service/BatchDayGateServiceTest.java,271,java:S8694,"Use a ""java.time.Month"" enum constant instead of this int literal.",OPEN,5min
MINOR,CODE_SMELL,sdk/java/core/src/main/java/io/github/pinpols/batch/sdk/handler/typed/SdkAbstractTypedProcessHandler.java,29,java:S119,Rename this generic name to match the regular expression '^[A-Z][0-9]?$'.,OPEN,10min
MINOR,CODE_SMELL,batch-console-api/src/test/java/io/github/pinpols/batch/console/domain/workflow/web/ConsoleWorkflowVersionsControllerTest.java,134,java:S6068,"Remove this and every subsequent useless ""eq(...)"" invocation; pass the values directly.",OPEN,2min
MINOR,CODE_SMELL,batch-orchestrator/src/test/java/io/github/pinpols/batch/orchestrator/infrastructure/OrchestratorGracefulShutdownTest.java,57,java:S5838,"Use assertThat(actual).containsEntry(key, value) instead.",OPEN,5min
MINOR,CODE_SMELL,batch-orchestrator/src/test/java/io/github/pinpols/batch/orchestrator/application/service/DefaultWorkerDrainGovernanceServiceTest.java,146,java:S6068,"Remove this and every subsequent useless ""eq(...)"" invocation; pass the values directly.",OPEN,2min
MINOR,CODE_SMELL,batch-orchestrator/src/test/java/io/github/pinpols/batch/orchestrator/application/service/task/DefaultTaskAssignmentServiceTest.java,166,java:S6068,"Remove this and every subsequent useless ""eq(...)"" invocation; pass the values directly.",OPEN,2min
MINOR,CODE_SMELL,batch-orchestrator/src/test/java/io/github/pinpols/batch/orchestrator/service/DefaultLaunchValidationServiceTest.java,139,java:S6068,"Remove this and every subsequent useless ""eq(...)"" invocation; pass the values directly.",OPEN,2min
MINOR,CODE_SMELL,batch-orchestrator/src/test/java/io/github/pinpols/batch/orchestrator/application/service/DefaultCompensationServiceTest.java,249,java:S8924,"Use a static import for ""verify"".",OPEN,5min
MINOR,CODE_SMELL,batch-trigger/src/test/java/io/github/pinpols/batch/trigger/infrastructure/TriggerSchedulerFacadeTest.java,182,java:S1130,"Remove the declaration of thrown exception 'java.lang.Exception', as it cannot be thrown from method's body.",OPEN,5min
MINOR,CODE_SMELL,batch-console-api/src/test/java/io/github/pinpols/batch/console/domain/rbac/web/response/RbacMapResponseJacksonTest.java,51,java:S5853,Join these multiple assertions subject to one assertion chain.,OPEN,5min
MINOR,CODE_SMELL,batch-worker/dispatch/src/test/java/io/github/pinpols/batch/worker/dispatchs/infrastructure/ChannelConfigMergeTest.java,44,java:S5838,"Use assertThat(actual).containsEntry(key, value) instead.",OPEN,5min
MINOR,CODE_SMELL,batch-worker/dispatch/src/test/java/io/github/pinpols/batch/worker/dispatchs/stage/RetryDispatchStepTest.java,56,java:S5838,"Use assertThat(actual).containsEntry(key, value) instead.",OPEN,5min
MINOR,CODE_SMELL,batch-orchestrator/src/test/java/io/github/pinpols/batch/orchestrator/application/service/workflow/CrossDayDependencyResolverTest.java,107,java:S8694,"Use a ""java.time.Month"" enum constant instead of this int literal.",OPEN,5min
MINOR,CODE_SMELL,batch-console-api/src/test/java/io/github/pinpols/batch/console/domain/observability/web/response/ObservabilityMapResponseJacksonTest.java,122,java:S5853,Join these multiple assertions subject to one assertion chain.,OPEN,5min
MINOR,CODE_SMELL,batch-console-api/src/main/java/io/github/pinpols/batch/console/support/naming/ReservedPrefixGuard.java,41,java:S2386,"Make this member ""protected"".",OPEN,15min
MINOR,CODE_SMELL,batch-orchestrator/src/test/java/io/github/pinpols/batch/orchestrator/service/DefaultLaunchValidationServiceTest.java,181,java:S6068,"Remove this and every subsequent useless ""eq(...)"" invocation; pass the values directly.",OPEN,2min
MINOR,CODE_SMELL,batch-common/src/main/java/io/github/pinpols/batch/common/utils/EmptyChecks.java,31,java:S7158,"Use ""isEmpty()"" to check whether a ""CharSequence"" is empty or not.",OPEN,2min
MINOR,CODE_SMELL,batch-orchestrator/src/test/java/io/github/pinpols/batch/orchestrator/service/BatchDayOperationServiceTest.java,128,java:S8694,"Use a ""java.time.Month"" enum constant instead of this int literal.",OPEN,5min
MINOR,CODE_SMELL,batch-orchestrator/src/test/java/io/github/pinpols/batch/orchestrator/application/service/workflow/BizDateArithmeticTest.java,30,java:S8694,"Use a ""java.time.Month"" enum constant instead of this int literal.",OPEN,5min
MINOR,CODE_SMELL,batch-orchestrator/src/test/java/io/github/pinpols/batch/orchestrator/service/DefaultWorkerRegistryServiceTest.java,448,java:S6068,"Remove this and every subsequent useless ""eq(...)"" invocation; pass the values directly.",OPEN,2min
MINOR,CODE_SMELL,batch-worker/core/src/main/java/io/github/pinpols/batch/worker/core/reportoutbox/WorkerReportOutboxCoordinator.java,74,java:S135,Reduce the total number of break and continue statements in this loop to use at most one.,OPEN,40min
MINOR,BUG,batch-common/src/main/java/io/github/pinpols/batch/common/utils/Hashes.java,31,java:S2637,"This method's return value is marked ""@NullMarked at package level"" but null is returned.",OPEN,15min
MINOR,CODE_SMELL,batch-trigger/src/test/java/io/github/pinpols/batch/trigger/infrastructure/readiness/UpstreamReadinessCheckerTest.java,25,java:S8694,"Use a ""java.time.Month"" enum constant instead of this int literal.",OPEN,5min
MINOR,CODE_SMELL,sdk/java/core/src/test/java/io/github/pinpols/batch/sdk/dispatcher/KafkaConsumerCloseJoinTest.java,166,java:S1130,"Remove the declaration of thrown exception 'java.lang.Exception', as it cannot be thrown from method's body.",OPEN,5min
MINOR,CODE_SMELL,batch-worker/core/src/main/java/io/github/pinpols/batch/worker/core/support/AbstractTaskConsumer.java,317,java:S135,Reduce the total number of break and continue statements in this loop to use at most one.,OPEN,20min
MINOR,CODE_SMELL,batch-console-api/src/test/java/io/github/pinpols/batch/console/integration/SoftDeleteRecoveryIntegrationTest.java,139,java:S5838,"Use assertThat(actual).containsEntry(key, value) instead.",OPEN,5min
MINOR,CODE_SMELL,batch-console-api/src/test/java/io/github/pinpols/batch/console/domain/notification/service/AliyunSmsProviderTest.java,116,java:S5838,"Use assertThat(actual).containsEntry(key, value) instead.",OPEN,5min
MINOR,CODE_SMELL,batch-worker/import/src/main/java/io/github/pinpols/batch/worker/imports/stage/format/DelimitedFormatParser.java,169,java:S135,Reduce the total number of break and continue statements in this loop to use at most one.,OPEN,20min
MINOR,CODE_SMELL,sdk/java/core/src/test/java/io/github/pinpols/batch/sdk/dispatcher/TaskDispatchMessageTest.java,51,java:S8694,"Use a ""java.time.Month"" enum constant instead of this int literal.",OPEN,5min
MINOR,CODE_SMELL,batch-orchestrator/src/test/java/io/github/pinpols/batch/orchestrator/application/service/governance/DefaultFileGovernanceServiceTest.java,674,java:S5838,"Use assertThat(actual).containsEntry(key, value) instead.",OPEN,5min
MINOR,CODE_SMELL,batch-console-api/src/test/java/io/github/pinpols/batch/console/domain/rbac/support/captcha/TencentCaptchaVerifierTest.java,100,java:S5838,"Use assertThat(actual).containsEntry(key, value) instead.",OPEN,5min
MINOR,CODE_SMELL,batch-console-api/src/test/java/io/github/pinpols/batch/console/domain/observability/web/response/ObservabilityMapResponseJacksonTest.java,67,java:S5853,Join these multiple assertions subject to one assertion chain.,OPEN,5min
MINOR,CODE_SMELL,batch-orchestrator/src/test/java/io/github/pinpols/batch/orchestrator/application/service/asset/AssetFreshnessPolicyServiceTest.java,51,java:S8694,"Use a ""java.time.Month"" enum constant instead of this int literal.",OPEN,5min
MINOR,CODE_SMELL,batch-orchestrator/src/test/java/io/github/pinpols/batch/orchestrator/application/service/asset/AssetPartitionServiceTest.java,156,java:S8694,"Use a ""java.time.Month"" enum constant instead of this int literal.",OPEN,5min
MINOR,CODE_SMELL,batch-orchestrator/src/test/java/io/github/pinpols/batch/orchestrator/application/service/task/TaskControllerApplicationServiceTest.java,150,java:S8924,"Use a static import for ""times"".",OPEN,5min
MINOR,CODE_SMELL,batch-orchestrator/src/main/java/io/github/pinpols/batch/orchestrator/infrastructure/scheduler/WorkerDrainTimeoutScheduler.java,49,java:S135,Reduce the total number of break and continue statements in this loop to use at most one.,OPEN,20min
MINOR,CODE_SMELL,batch-orchestrator/src/test/java/io/github/pinpols/batch/orchestrator/integration/FileGovernanceIntegrationTest.java,209,java:S5838,"Use assertThat(actual).containsEntry(key, value) instead.",OPEN,5min
MINOR,CODE_SMELL,batch-worker/import/src/main/java/io/github/pinpols/batch/worker/imports/preprocess/ImportPreprocessPipeline.java,128,java:S1612,"Replace this lambda with method reference '""VERIFY_DIGEST""::equalsIgnoreCase'.",OPEN,2min
MINOR,CODE_SMELL,batch-console-api/src/test/java/io/github/pinpols/batch/console/domain/rbac/web/response/RbacMapResponseJacksonTest.java,59,java:S5853,Join these multiple assertions subject to one assertion chain.,OPEN,5min
MINOR,CODE_SMELL,batch-console-api/src/main/java/io/github/pinpols/batch/console/infrastructure/config/DefaultConsoleQuotaPolicyApplicationService.java,63,java:S1125,Remove the unnecessary boolean literal.,OPEN,5min
MINOR,CODE_SMELL,batch-orchestrator/src/test/java/io/github/pinpols/batch/orchestrator/auth/ApiKeyVerifierTest.java,115,java:S6068,"Remove this useless ""eq(...)"" invocation; pass the values directly.",OPEN,2min
MINOR,CODE_SMELL,batch-console-api/src/main/java/io/github/pinpols/batch/console/domain/audit/support/AuditAspect.java,223,java:S135,Reduce the total number of break and continue statements in this loop to use at most one.,OPEN,20min
MINOR,CODE_SMELL,batch-orchestrator/src/main/java/io/github/pinpols/batch/orchestrator/infrastructure/scheduler/BatchDayOpenScheduler.java,174,java:S135,Reduce the total number of break and continue statements in this loop to use at most one.,OPEN,20min
MINOR,CODE_SMELL,batch-worker/import/src/test/java/io/github/pinpols/batch/worker/imports/stage/format/ExcelFormatParserTest.java,160,java:S1130,"Remove the declaration of thrown exception 'java.lang.Exception', as it cannot be thrown from method's body.",OPEN,5min
MINOR,CODE_SMELL,batch-trigger/src/test/java/io/github/pinpols/batch/trigger/service/CalendarBizDateResolverTest.java,56,java:S8694,"Use a ""java.time.Month"" enum constant instead of this int literal.",OPEN,5min
MINOR,CODE_SMELL,batch-worker/export/src/test/java/io/github/pinpols/batch/worker/exports/stage/GenerateStepTest.java,243,java:S5853,Join these multiple assertions subject to one assertion chain.,OPEN,5min
MINOR,BUG,batch-console-api/src/main/java/io/github/pinpols/batch/console/domain/notification/service/AlertEscalationNotifier.java,83,java:S3077,"Use a thread-safe type; adding ""volatile"" is not enough to make this field thread-safe.",OPEN,20min
MINOR,CODE_SMELL,batch-orchestrator/src/test/java/io/github/pinpols/batch/orchestrator/application/service/workflow/DefaultWorkflowNodeDispatchServiceTest.java,190,java:S6068,"Remove this and every subsequent useless ""eq(...)"" invocation; pass the values directly.",OPEN,2min
MINOR,BUG,batch-worker/process/src/main/java/io/github/pinpols/batch/worker/processes/metrics/ProcessMetrics.java,45,java:S3077,"Use a thread-safe type; adding ""volatile"" is not enough to make this field thread-safe.",OPEN,20min
MINOR,CODE_SMELL,batch-worker/dispatch/src/test/java/io/github/pinpols/batch/worker/dispatchs/stage/PrepareDispatchStepTest.java,111,java:S5838,"Use assertThat(actual).containsEntry(key, value) instead.",OPEN,5min
MINOR,CODE_SMELL,batch-worker/dispatch/src/test/java/io/github/pinpols/batch/worker/dispatchs/integration/DispatchChannelHealthServiceIntegrationTest.java,50,java:S5838,Use isZero() instead.,OPEN,5min
MINOR,CODE_SMELL,batch-orchestrator/src/test/java/io/github/pinpols/batch/orchestrator/application/service/task/DefaultTaskOutcomeServiceTest.java,183,java:S6068,"Remove this and every subsequent useless ""eq(...)"" invocation; pass the values directly.",OPEN,2min
MINOR,CODE_SMELL,batch-orchestrator/src/test/java/io/github/pinpols/batch/orchestrator/application/service/workflow/DefaultWorkflowNodeDispatchServiceTest.java,145,java:S8694,"Use a ""java.time.Month"" enum constant instead of this int literal.",OPEN,5min
MINOR,CODE_SMELL,batch-console-api/src/main/java/io/github/pinpols/batch/console/infrastructure/config/DefaultConsoleTenantConfigPackageExcelApplicationService.java,472,java:S1659,"Declare ""updated"" on a separate line.",OPEN,2min
MINOR,CODE_SMELL,batch-common/src/test/java/io/github/pinpols/batch/common/utils/AlertLabelsTest.java,64,java:S5853,Join these multiple assertions subject to one assertion chain.,OPEN,5min
MINOR,CODE_SMELL,batch-console-api/src/test/java/io/github/pinpols/batch/console/domain/notification/web/response/NotificationMapResponseJacksonTest.java,199,java:S5853,Join these multiple assertions subject to one assertion chain.,OPEN,5min
MINOR,CODE_SMELL,batch-orchestrator/src/test/java/io/github/pinpols/batch/orchestrator/application/service/workflow/BizDateArithmeticTest.java,98,java:S8694,"Use a ""java.time.Month"" enum constant instead of this int literal.",OPEN,5min
MINOR,CODE_SMELL,batch-orchestrator/src/test/java/io/github/pinpols/batch/orchestrator/application/service/governance/DefaultAlertEventServiceEscalationTest.java,54,java:S6068,"Remove this and every subsequent useless ""eq(...)"" invocation; pass the values directly.",OPEN,2min
MINOR,CODE_SMELL,batch-orchestrator/src/test/java/io/github/pinpols/batch/orchestrator/integration/LaunchT2FailureIntegrationTest.java,44,java:S8694,"Use a ""java.time.Month"" enum constant instead of this int literal.",OPEN,5min
MINOR,CODE_SMELL,batch-orchestrator/src/test/java/io/github/pinpols/batch/orchestrator/integration/ExactlyOnceCrashRecoveryIntegrationTest.java,110,java:S5838,Use isZero() instead.,OPEN,5min
MINOR,CODE_SMELL,batch-orchestrator/src/test/java/io/github/pinpols/batch/orchestrator/application/service/task/TaskOutcomeSummaryBuilderTest.java,33,java:S5838,"Use assertThat(actual).containsEntry(key, value) instead.",OPEN,5min
MINOR,CODE_SMELL,batch-orchestrator/src/test/java/io/github/pinpols/batch/orchestrator/infrastructure/scheduler/BatchDayOpenSchedulerTest.java,179,java:S8694,"Use a ""java.time.Month"" enum constant instead of this int literal.",OPEN,5min
MINOR,CODE_SMELL,batch-worker/import/src/test/java/io/github/pinpols/batch/worker/imports/stage/ParseStepStreamingTest.java,135,java:S5838,"Use assertThat(actual).containsEntry(key, value) instead.",OPEN,5min
MINOR,CODE_SMELL,batch-orchestrator/src/test/java/io/github/pinpols/batch/orchestrator/application/service/readiness/ReadinessServiceTest.java,31,java:S8694,"Use a ""java.time.Month"" enum constant instead of this int literal.",OPEN,5min
MINOR,CODE_SMELL,batch-orchestrator/src/test/java/io/github/pinpols/batch/orchestrator/application/workflow/WorkflowParamResolverTest.java,127,java:S5838,"Use assertThat(actual).containsEntry(key, value) instead.",OPEN,5min
MINOR,CODE_SMELL,batch-orchestrator/src/test/java/io/github/pinpols/batch/orchestrator/application/service/workflow/BizDateArithmeticTest.java,58,java:S8694,"Use a ""java.time.Month"" enum constant instead of this int literal.",OPEN,5min
MINOR,CODE_SMELL,batch-worker/dispatch/src/test/java/io/github/pinpols/batch/worker/dispatchs/stage/RetryDispatchStepTest.java,66,java:S5838,"Use assertThat(actual).containsEntry(key, value) instead.",OPEN,5min
MINOR,CODE_SMELL,batch-orchestrator/src/test/java/io/github/pinpols/batch/orchestrator/service/BatchDayGateServiceTest.java,391,java:S8694,"Use a ""java.time.Month"" enum constant instead of this int literal.",OPEN,5min
MINOR,CODE_SMELL,batch-console-api/src/test/java/io/github/pinpols/batch/console/domain/file/infrastructure/query/ConsoleFilePipelineProgressBridgeTest.java,174,java:S6068,"Remove this useless ""eq(...)"" invocation; pass the values directly.",OPEN,2min
MINOR,CODE_SMELL,batch-common/src/test/java/io/github/pinpols/batch/common/dto/LaunchRequestTest.java,37,java:S8694,"Use a ""java.time.Month"" enum constant instead of this int literal.",OPEN,5min
MINOR,CODE_SMELL,batch-console-api/src/test/java/io/github/pinpols/batch/console/integration/ConsolePipelineDefinitionMutationIntegrationTest.java,66,java:S5838,"Use assertThat(actual).containsEntry(key, value) instead.",OPEN,5min
MINOR,CODE_SMELL,batch-orchestrator/src/test/java/io/github/pinpols/batch/orchestrator/service/BatchDayOperationServiceTest.java,64,java:S8694,"Use a ""java.time.Month"" enum constant instead of this int literal.",OPEN,5min
MINOR,CODE_SMELL,batch-orchestrator/src/test/java/io/github/pinpols/batch/orchestrator/application/service/version/ResultVersionQueryServiceTest.java,79,java:S8694,"Use a ""java.time.Month"" enum constant instead of this int literal.",OPEN,5min
MINOR,CODE_SMELL,batch-orchestrator/src/test/java/io/github/pinpols/batch/orchestrator/application/service/task/DefaultTaskAssignmentServiceTest.java,198,java:S6068,"Remove this and every subsequent useless ""eq(...)"" invocation; pass the values directly.",OPEN,2min
MINOR,CODE_SMELL,batch-orchestrator/src/test/java/io/github/pinpols/batch/orchestrator/application/archive/WorkflowArchiveServiceTest.java,120,java:S5853,Join these multiple assertions subject to one assertion chain.,OPEN,5min
MINOR,CODE_SMELL,batch-orchestrator/src/test/java/io/github/pinpols/batch/orchestrator/infrastructure/scheduler/CrossDayDependencyReconcilerTest.java,267,java:S8694,"Use a ""java.time.Month"" enum constant instead of this int literal.",OPEN,5min
MINOR,BUG,batch-common/src/main/java/io/github/pinpols/batch/common/utils/Hashes.java,40,java:S2637,"This method's return value is marked ""@NullMarked at package level"" but null is returned.",OPEN,15min
MINOR,CODE_SMELL,batch-console-api/src/test/java/io/github/pinpols/batch/console/domain/rbac/web/ConsoleAuthControllerTest.java,47,java:S8924,"Use a static import for ""mock"".",OPEN,5min
MINOR,CODE_SMELL,batch-orchestrator/src/test/java/io/github/pinpols/batch/orchestrator/application/service/version/ResultVersionWriterTest.java,88,java:S8694,"Use a ""java.time.Month"" enum constant instead of this int literal.",OPEN,5min
MINOR,CODE_SMELL,batch-orchestrator/src/test/java/io/github/pinpols/batch/orchestrator/application/service/version/ResultVersionQueryServiceTest.java,50,java:S6068,"Remove this and every subsequent useless ""eq(...)"" invocation; pass the values directly.",OPEN,2min
MINOR,CODE_SMELL,batch-orchestrator/src/test/java/io/github/pinpols/batch/orchestrator/web/WorkerControllerTest.java,85,java:S6068,"Remove this and every subsequent useless ""eq(...)"" invocation; pass the values directly.",OPEN,2min
MINOR,CODE_SMELL,batch-orchestrator/src/test/java/io/github/pinpols/batch/orchestrator/application/service/replay/BatchDayReplayServiceTest.java,95,java:S8694,"Use a ""java.time.Month"" enum constant instead of this int literal.",OPEN,5min
MINOR,CODE_SMELL,batch-trigger/src/test/java/io/github/pinpols/batch/trigger/support/CronExpressionAdapterTest.java,174,java:S8694,"Use a ""java.time.Month"" enum constant instead of this int literal.",OPEN,5min
MINOR,CODE_SMELL,batch-console-api/src/test/java/io/github/pinpols/batch/console/domain/rbac/support/captcha/TencentCaptchaVerifierTest.java,97,java:S5838,"Use assertThat(actual).containsEntry(key, value) instead.",OPEN,5min
MINOR,CODE_SMELL,batch-worker/process/src/main/java/io/github/pinpols/batch/worker/processes/cleanup/ProcessStagingOrphanCleaner.java,104,java:S6353,Use concise character class syntax '\\d' instead of '[0-9]'.,OPEN,5min
MINOR,CODE_SMELL,batch-console-api/src/test/java/io/github/pinpols/batch/console/domain/rbac/support/captcha/AliyunCaptchaVerifierTest.java,192,java:S5853,Join these multiple assertions subject to one assertion chain.,OPEN,5min
MINOR,CODE_SMELL,batch-orchestrator/src/test/java/io/github/pinpols/batch/orchestrator/infrastructure/scheduler/BatchDayReplayDispatcherTest.java,165,java:S8694,"Use a ""java.time.Month"" enum constant instead of this int literal.",OPEN,5min
MINOR,CODE_SMELL,batch-console-api/src/test/java/io/github/pinpols/batch/console/domain/job/web/ConsoleCalendarControllerBehaviorTest.java,72,java:S6068,"Remove this and every subsequent useless ""eq(...)"" invocation; pass the values directly.",OPEN,2min
MINOR,CODE_SMELL,batch-worker/import/src/main/java/io/github/pinpols/batch/worker/imports/stage/ReceiveStep.java,193,java:S1905,"Remove this unnecessary cast to ""Map"".",OPEN,5min
MINOR,CODE_SMELL,batch-console-api/src/test/java/io/github/pinpols/batch/console/domain/rbac/web/ConsoleAuthControllerTest.java,36,java:S8924,"Use a static import for ""mock"".",OPEN,5min
MINOR,CODE_SMELL,batch-orchestrator/src/test/java/io/github/pinpols/batch/orchestrator/service/BatchDayGateServiceTest.java,94,java:S8694,"Use a ""java.time.Month"" enum constant instead of this int literal.",OPEN,5min
MINOR,CODE_SMELL,batch-console-api/src/test/java/io/github/pinpols/batch/console/domain/workflow/web/ConsoleWorkflowVersionsControllerTest.java,93,java:S6068,"Remove this and every subsequent useless ""eq(...)"" invocation; pass the values directly.",OPEN,2min
MINOR,CODE_SMELL,batch-common/src/test/java/io/github/pinpols/batch/common/validation/PathSanitizerTest.java,18,java:S5838,Use assertThat(actual).isAbsolute() instead.,OPEN,5min
MINOR,CODE_SMELL,batch-orchestrator/src/main/java/io/github/pinpols/batch/orchestrator/service/CutoffScheduleResolver.java,84,java:S135,Reduce the total number of break and continue statements in this loop to use at most one.,OPEN,2h20min
MINOR,CODE_SMELL,batch-orchestrator/src/test/java/io/github/pinpols/batch/orchestrator/application/service/asset/AssetPartitionServiceTest.java,105,java:S8694,"Use a ""java.time.Month"" enum constant instead of this int literal.",OPEN,5min
MINOR,CODE_SMELL,batch-worker/atomic/src/main/java/io/github/pinpols/batch/worker/atomic/shell/ShellTaskExecutor.java,221,java:S6201,Replace this instanceof check and cast with 'instanceof Number number',OPEN,5min
MINOR,CODE_SMELL,batch-orchestrator/src/test/java/io/github/pinpols/batch/orchestrator/service/CutoffScheduleResolverTest.java,86,java:S8694,"Use a ""java.time.Month"" enum constant instead of this int literal.",OPEN,5min
MINOR,CODE_SMELL,batch-common/src/test/java/io/github/pinpols/batch/common/resilience/DownstreamFallbackTest.java,237,java:S8924,"Use a static import for ""when"".",OPEN,5min
MINOR,CODE_SMELL,batch-console-api/src/test/java/io/github/pinpols/batch/console/integration/SoftDeleteRecoveryIntegrationTest.java,216,java:S5838,"Use assertThat(actual).containsEntry(key, value) instead.",OPEN,5min
MINOR,CODE_SMELL,batch-orchestrator/src/test/java/io/github/pinpols/batch/orchestrator/service/LaunchBatchDayServiceTest.java,156,java:S8694,"Use a ""java.time.Month"" enum constant instead of this int literal.",OPEN,5min
MINOR,CODE_SMELL,batch-worker/atomic/src/main/java/io/github/pinpols/batch/worker/atomic/storedproc/StoredProcTaskExecutor.java,86,java:S6353,Use concise character class syntax '\\w' instead of '[A-Za-z0-9_]'.,OPEN,5min
MINOR,CODE_SMELL,batch-orchestrator/src/main/java/io/github/pinpols/batch/orchestrator/infrastructure/scheduler/DefaultResourceScheduler.java,358,java:S1905,"Remove this unnecessary cast to ""long"".",OPEN,5min
MINOR,CODE_SMELL,batch-worker/atomic/src/main/java/io/github/pinpols/batch/worker/atomic/sql/SqlTaskExecutor.java,200,java:S6201,Replace this instanceof check and cast with 'instanceof Number number',OPEN,5min
MINOR,CODE_SMELL,batch-orchestrator/src/test/java/io/github/pinpols/batch/orchestrator/web/WorkerControllerTest.java,171,java:S6068,"Remove this and every subsequent useless ""eq(...)"" invocation; pass the values directly.",OPEN,2min
MINOR,CODE_SMELL,batch-orchestrator/src/main/java/io/github/pinpols/batch/orchestrator/infrastructure/archive/WorkflowArchiveScheduler.java,56,java:S135,Reduce the total number of break and continue statements in this loop to use at most one.,OPEN,40min
MINOR,CODE_SMELL,batch-orchestrator/src/main/java/io/github/pinpols/batch/orchestrator/application/service/governance/DefaultCompensationService.java,245,java:S4276,Refactor this code to use the more specialised Functional Interface 'ToLongFunction<CompensationSubmitCommand>',OPEN,5min
MINOR,CODE_SMELL,batch-orchestrator/src/test/java/io/github/pinpols/batch/orchestrator/service/BatchDayOperationServiceTest.java,146,java:S8694,"Use a ""java.time.Month"" enum constant instead of this int literal.",OPEN,5min
MINOR,CODE_SMELL,batch-worker/export/src/main/java/io/github/pinpols/batch/worker/exports/sql/SqlTemplateExportSqlValidator.java,169,java:S6353,Use concise character class syntax '\\w' instead of '[a-zA-Z0-9_]'.,OPEN,5min
MINOR,CODE_SMELL,batch-orchestrator/src/test/java/io/github/pinpols/batch/orchestrator/application/service/workflow/BizDateArithmeticTest.java,106,java:S8694,"Use a ""java.time.Month"" enum constant instead of this int literal.",OPEN,5min
MINOR,CODE_SMELL,batch-orchestrator/src/test/java/io/github/pinpols/batch/orchestrator/application/service/task/DefaultTaskAssignmentServiceTest.java,408,java:S5853,Join these multiple assertions subject to one assertion chain.,OPEN,5min
MINOR,CODE_SMELL,batch-orchestrator/src/test/java/io/github/pinpols/batch/orchestrator/infrastructure/sharding/RedisShardAssignmentProviderTest.java,71,java:S5838,Use isZero() instead.,OPEN,5min
MINOR,CODE_SMELL,batch-orchestrator/src/test/java/io/github/pinpols/batch/orchestrator/application/service/task/LaunchApplicationServiceTest.java,76,java:S6068,"Remove this useless ""eq(...)"" invocation; pass the values directly.",OPEN,2min
MINOR,CODE_SMELL,batch-console-api/src/test/java/io/github/pinpols/batch/console/domain/notification/infrastructure/DefaultConsoleNotificationApplicationServiceTest.java,145,java:S8924,"Use a static import for ""doThrow"".",OPEN,5min
MINOR,CODE_SMELL,batch-orchestrator/src/main/java/io/github/pinpols/batch/orchestrator/application/service/workflow/BizDateArithmetic.java,68,java:S8694,"Use a ""java.time.Month"" enum constant instead of this int literal.",OPEN,5min
MINOR,CODE_SMELL,batch-orchestrator/src/test/java/io/github/pinpols/batch/orchestrator/application/service/task/DefaultPartitionLifecycleServiceTest.java,134,java:S6068,"Remove this and every subsequent useless ""eq(...)"" invocation; pass the values directly.",OPEN,2min
MINOR,CODE_SMELL,batch-orchestrator/src/test/java/io/github/pinpols/batch/orchestrator/service/DefaultWorkerRegistryServiceTest.java,539,java:S6068,"Remove this and every subsequent useless ""eq(...)"" invocation; pass the values directly.",OPEN,2min
MINOR,CODE_SMELL,batch-console-api/src/test/java/io/github/pinpols/batch/console/infrastructure/config/DefaultConsoleConfigApplicationServiceTest.java,296,java:S5838,"Use assertThat(actual).containsEntry(key, value) instead.",OPEN,5min
MINOR,CODE_SMELL,batch-orchestrator/src/test/java/io/github/pinpols/batch/orchestrator/infrastructure/scheduler/CrossDayDependencyReconcilerTest.java,195,java:S8694,"Use a ""java.time.Month"" enum constant instead of this int literal.",OPEN,5min
MINOR,CODE_SMELL,batch-orchestrator/src/test/java/io/github/pinpols/batch/orchestrator/service/LaunchParamResolverTest.java,245,java:S8694,"Use a ""java.time.Month"" enum constant instead of this int literal.",OPEN,5min
MINOR,CODE_SMELL,batch-orchestrator/src/test/java/io/github/pinpols/batch/orchestrator/service/BatchDayGateServiceTest.java,86,java:S8694,"Use a ""java.time.Month"" enum constant instead of this int literal.",OPEN,5min
MINOR,CODE_SMELL,batch-orchestrator/src/test/java/io/github/pinpols/batch/orchestrator/infrastructure/sharding/StaticShardAssignmentProviderTest.java,43,java:S5838,Use isZero() instead.,OPEN,5min
MINOR,CODE_SMELL,batch-console-api/src/test/java/io/github/pinpols/batch/console/integration/ConsoleFileTemplateMutationIntegrationTest.java,68,java:S5838,"Use assertThat(actual).containsEntry(key, value) instead.",OPEN,5min
MINOR,CODE_SMELL,batch-orchestrator/src/test/java/io/github/pinpols/batch/orchestrator/service/LaunchParamResolverTest.java,223,java:S5853,Join these multiple assertions subject to one assertion chain.,OPEN,5min
MINOR,CODE_SMELL,batch-orchestrator/src/main/java/io/github/pinpols/batch/orchestrator/application/service/workflow/BizDateArithmetic.java,67,java:S8694,"Use a ""java.time.Month"" enum constant instead of this int literal.",OPEN,5min
MINOR,CODE_SMELL,batch-console-api/src/test/java/io/github/pinpols/batch/console/domain/ops/web/response/OpsMapResponseJacksonTest.java,141,java:S5853,Join these multiple assertions subject to one assertion chain.,OPEN,5min
MINOR,CODE_SMELL,batch-console-api/src/main/java/io/github/pinpols/batch/console/infrastructure/config/DefaultConsoleAlertRoutingApplicationService.java,141,java:S1125,Remove the unnecessary boolean literal.,OPEN,5min
MINOR,BUG,batch-worker/process/src/main/java/io/github/pinpols/batch/worker/processes/metrics/ProcessMetrics.java,46,java:S3077,"Use a thread-safe type; adding ""volatile"" is not enough to make this field thread-safe.",OPEN,20min
MINOR,CODE_SMELL,batch-console-api/src/test/java/io/github/pinpols/batch/console/domain/audit/support/AuditAspectTenantFallbackTest.java,148,java:S8924,"Use a static import for ""when"".",OPEN,5min
MINOR,CODE_SMELL,batch-orchestrator/src/test/java/io/github/pinpols/batch/orchestrator/application/service/task/DefaultTaskAssignmentServiceTest.java,122,java:S6068,"Remove this and every subsequent useless ""eq(...)"" invocation; pass the values directly.",OPEN,2min
MINOR,CODE_SMELL,batch-console-api/src/test/java/io/github/pinpols/batch/console/domain/ops/service/ConsoleClusterDiagnosticServiceTest.java,140,java:S5838,"Use assertThat(actual).containsEntry(key, value) instead.",OPEN,5min
MINOR,CODE_SMELL,batch-orchestrator/src/test/java/io/github/pinpols/batch/orchestrator/application/service/workflow/BizDateArithmeticTest.java,96,java:S8694,"Use a ""java.time.Month"" enum constant instead of this int literal.",OPEN,5min
MINOR,CODE_SMELL,batch-orchestrator/src/test/java/io/github/pinpols/batch/orchestrator/integration/MultiTenantIsolationIntegrationTest.java,146,java:S5838,"Use assertThat(actual).containsEntry(key, value) instead.",OPEN,5min
MINOR,CODE_SMELL,batch-worker/dispatch/src/test/java/io/github/pinpols/batch/worker/dispatchs/stage/AckDispatchStepTest.java,91,java:S5838,"Use assertThat(actual).containsEntry(key, value) instead.",OPEN,5min
MINOR,CODE_SMELL,batch-orchestrator/src/test/java/io/github/pinpols/batch/orchestrator/application/service/workflow/CrossDayDependencyResolverTest.java,52,java:S8694,"Use a ""java.time.Month"" enum constant instead of this int literal.",OPEN,5min
MINOR,CODE_SMELL,batch-orchestrator/src/test/java/io/github/pinpols/batch/orchestrator/application/service/workflow/CrossDayDependencyResolverTest.java,58,java:S5838,"Use assertThat(actual).containsEntry(key, value) instead.",OPEN,5min
MINOR,CODE_SMELL,batch-orchestrator/src/test/java/io/github/pinpols/batch/orchestrator/application/engine/DefaultScheduleForwarderSetBasedTest.java,80,java:S6068,"Remove this and every subsequent useless ""eq(...)"" invocation; pass the values directly.",OPEN,2min
MINOR,CODE_SMELL,batch-console-api/src/test/java/io/github/pinpols/batch/console/integration/ConsoleFileTemplateMutationIntegrationTest.java,67,java:S5838,"Use assertThat(actual).containsEntry(key, value) instead.",OPEN,5min
MINOR,CODE_SMELL,batch-orchestrator/src/test/java/io/github/pinpols/batch/orchestrator/infrastructure/lineage/OpenLineageEmitterTest.java,101,java:S5838,"Use assertThat(actual).containsEntry(key, value) instead.",OPEN,5min
MINOR,CODE_SMELL,batch-worker/atomic/src/main/java/io/github/pinpols/batch/worker/atomic/storedproc/StoredProcTaskExecutor.java,312,java:S6201,Replace this instanceof check and cast with 'instanceof String string',OPEN,5min
MINOR,CODE_SMELL,batch-worker/import/src/test/java/io/github/pinpols/batch/worker/imports/stage/PreprocessRangeSliceTest.java,96,java:S5838,Use assertThat(actual).hasToString(expectedString) instead.,OPEN,5min
MINOR,CODE_SMELL,batch-orchestrator/src/test/java/io/github/pinpols/batch/orchestrator/integration/SchedulingDecisionLaunchIntegrationTest.java,83,java:S5853,Join these multiple assertions subject to one assertion chain.,OPEN,5min
MINOR,CODE_SMELL,batch-orchestrator/src/test/java/io/github/pinpols/batch/orchestrator/infrastructure/file/FileGovernanceArrivalGroupGuardTest.java,120,java:S5838,"Use assertThat(actual).containsEntry(key, value) instead.",OPEN,5min
MINOR,BUG,batch-orchestrator/src/main/java/io/github/pinpols/batch/orchestrator/infrastructure/scheduler/BatchDaySettleScheduler.java,325,java:S3599,Use another way to initialize this instance.,OPEN,5min
MINOR,CODE_SMELL,batch-console-api/src/test/java/io/github/pinpols/batch/console/integration/SoftDeleteRecoveryIntegrationTest.java,140,java:S5838,"Use assertThat(actual).containsEntry(key, value) instead.",OPEN,5min
MINOR,CODE_SMELL,batch-common/src/test/java/io/github/pinpols/batch/common/tenant/routing/DbTablePlacementResolverTest.java,82,java:S5853,Join these multiple assertions subject to one assertion chain.,OPEN,5min
MINOR,CODE_SMELL,batch-orchestrator/src/test/java/io/github/pinpols/batch/orchestrator/service/DefaultLaunchServiceTest.java,203,java:S5838,"Use assertThat(actual).containsEntry(key, value) instead.",OPEN,5min
MINOR,CODE_SMELL,batch-common/src/test/java/io/github/pinpols/batch/common/rls/RlsTenantIsolationIntegrationTest.java,151,java:S5838,Use isZero() instead.,OPEN,5min
MINOR,CODE_SMELL,batch-console-api/src/test/java/io/github/pinpols/batch/console/domain/rbac/support/captcha/TencentCaptchaVerifierTest.java,98,java:S5838,"Use assertThat(actual).containsEntry(key, value) instead.",OPEN,5min
MINOR,CODE_SMELL,batch-orchestrator/src/test/java/io/github/pinpols/batch/orchestrator/application/service/DefaultCompensationServiceTest.java,311,java:S8924,"Use a static import for ""verify"".",OPEN,5min
MINOR,CODE_SMELL,batch-worker/import/src/test/java/io/github/pinpols/batch/worker/imports/integration/ImportIngressScannerIntegrationTest.java,83,java:S5838,"Use assertThat(actual).containsEntry(key, value) instead.",OPEN,5min
MINOR,CODE_SMELL,batch-orchestrator/src/test/java/io/github/pinpols/batch/orchestrator/application/service/task/DefaultTaskOutcomeServiceTest.java,167,java:S6068,"Remove this and every subsequent useless ""eq(...)"" invocation; pass the values directly.",OPEN,2min
MINOR,CODE_SMELL,batch-console-api/src/test/java/io/github/pinpols/batch/console/domain/file/web/response/FileMapResponseJacksonTest.java,33,java:S5853,Join these multiple assertions subject to one assertion chain.,OPEN,5min
MINOR,CODE_SMELL,batch-orchestrator/src/test/java/io/github/pinpols/batch/orchestrator/service/DefaultLaunchServiceTest.java,234,java:S8694,"Use a ""java.time.Month"" enum constant instead of this int literal.",OPEN,5min
MINOR,CODE_SMELL,batch-worker/core/src/main/java/io/github/pinpols/batch/worker/core/infrastructure/checkpoint/DefaultProcessingPositionStore.java,51,java:S5411,Use a primitive boolean expression here.,OPEN,5min
MINOR,CODE_SMELL,batch-orchestrator/src/test/java/io/github/pinpols/batch/orchestrator/infrastructure/lineage/OpenLineageEmitterTest.java,37,java:S8924,"Use a static import for ""when"".",OPEN,5min
MINOR,CODE_SMELL,batch-common/src/test/java/io/github/pinpols/batch/common/security/ApiKeyHasherTest.java,70,java:S5853,Join these multiple assertions subject to one assertion chain.,OPEN,5min
MINOR,CODE_SMELL,sdk/java/core/src/test/java/io/github/pinpols/batch/sdk/dispatcher/TaskDispatchMessageTest.java,53,java:S8694,"Use a ""java.time.Month"" enum constant instead of this int literal.",OPEN,5min
MINOR,CODE_SMELL,batch-console-api/src/test/java/io/github/pinpols/batch/console/config/ConsoleSecurityConfigurationTest.java,107,java:S8924,"Use a static import for ""when"".",OPEN,5min
MINOR,CODE_SMELL,batch-orchestrator/src/test/java/io/github/pinpols/batch/orchestrator/application/service/task/DefaultPartitionLifecycleServiceTest.java,149,java:S6068,"Remove this and every subsequent useless ""eq(...)"" invocation; pass the values directly.",OPEN,2min
MINOR,CODE_SMELL,batch-orchestrator/src/main/java/io/github/pinpols/batch/orchestrator/infrastructure/file/S3GovernanceStorage.java,35,java:S135,Reduce the total number of break and continue statements in this loop to use at most one.,OPEN,20min
MINOR,CODE_SMELL,batch-orchestrator/src/test/java/io/github/pinpols/batch/orchestrator/application/service/DefaultWorkerDrainGovernanceServiceTest.java,224,java:S6068,"Remove this and every subsequent useless ""eq(...)"" invocation; pass the values directly.",OPEN,2min
MINOR,CODE_SMELL,batch-orchestrator/src/test/java/io/github/pinpols/batch/orchestrator/application/service/workflow/BizDateArithmeticTest.java,51,java:S8694,"Use a ""java.time.Month"" enum constant instead of this int literal.",OPEN,5min
MINOR,BUG,batch-console-api/src/main/java/io/github/pinpols/batch/console/domain/observability/realtime/ConsoleRealtimeEventHub.java,336,java:S3077,"Use a thread-safe type; adding ""volatile"" is not enough to make this field thread-safe.",OPEN,20min
MINOR,CODE_SMELL,batch-worker/import/src/test/java/io/github/pinpols/batch/worker/imports/stage/LoadStepTest.java,236,java:S8924,"Use a static import for ""mock"".",OPEN,5min
MINOR,CODE_SMELL,batch-console-api/src/test/java/io/github/pinpols/batch/console/domain/ops/service/ConsoleClusterDiagnosticServiceTest.java,127,java:S5838,"Use assertThat(actual).containsEntry(key, value) instead.",OPEN,5min
MINOR,CODE_SMELL,batch-orchestrator/src/test/java/io/github/pinpols/batch/orchestrator/service/DefaultWorkerRegistryServiceTest.java,493,java:S6068,"Remove this and every subsequent useless ""eq(...)"" invocation; pass the values directly.",OPEN,2min
MINOR,CODE_SMELL,batch-worker/atomic/src/test/java/io/github/pinpols/batch/worker/atomic/http/HttpTaskExecutorTest.java,257,java:S5838,"Use assertThat(actual).containsEntry(key, value) instead.",OPEN,5min
MINOR,CODE_SMELL,batch-worker/import/src/test/java/io/github/pinpols/batch/worker/imports/stage/ParseStepFixtureTest.java,59,java:S5838,"Use assertThat(actual).containsEntry(key, value) instead.",OPEN,5min
MINOR,CODE_SMELL,batch-console-api/src/test/java/io/github/pinpols/batch/console/domain/ops/service/ConsoleClusterDiagnosticServiceTest.java,113,java:S5838,"Use assertThat(actual).containsEntry(key, value) instead.",OPEN,5min
MINOR,CODE_SMELL,batch-orchestrator/src/test/java/io/github/pinpols/batch/orchestrator/application/service/replay/BatchDayReplayServiceTest.java,184,java:S8694,"Use a ""java.time.Month"" enum constant instead of this int literal.",OPEN,5min
MINOR,CODE_SMELL,batch-orchestrator/src/test/java/io/github/pinpols/batch/orchestrator/application/service/replay/BatchDayReplayTerminalReconcilerTest.java,185,java:S8694,"Use a ""java.time.Month"" enum constant instead of this int literal.",OPEN,5min
MINOR,CODE_SMELL,batch-orchestrator/src/test/java/io/github/pinpols/batch/orchestrator/integration/FileGovernanceIntegrationTest.java,339,java:S8694,"Use a ""java.time.Month"" enum constant instead of this int literal.",OPEN,5min
MINOR,CODE_SMELL,batch-common/src/main/java/io/github/pinpols/batch/common/security/DnsResolveGuard.java,108,java:S1126,Replace this if-then-else statement by a single return statement.,OPEN,2min
MINOR,CODE_SMELL,batch-worker/atomic/src/test/java/io/github/pinpols/batch/worker/atomic/runtime/AtomicRuntimeStatusServiceTest.java,92,java:S8924,"Use a static import for ""mock"".",OPEN,5min
MINOR,CODE_SMELL,batch-console-api/src/test/java/io/github/pinpols/batch/console/web/ConsoleQuotaPolicyControllerBehaviorTest.java,70,java:S6068,"Remove this and every subsequent useless ""eq(...)"" invocation; pass the values directly.",OPEN,2min
MINOR,CODE_SMELL,batch-worker/atomic/src/main/java/io/github/pinpols/batch/worker/atomic/http/HttpTaskExecutor.java,376,java:S6201,Replace this instanceof check and cast with 'instanceof Number number',OPEN,5min
MINOR,CODE_SMELL,batch-console-api/src/test/java/io/github/pinpols/batch/console/domain/rbac/support/captcha/AliyunCaptchaVerifierTest.java,154,java:S5853,Join these multiple assertions subject to one assertion chain.,OPEN,5min
MINOR,CODE_SMELL,batch-console-api/src/main/java/io/github/pinpols/batch/console/infrastructure/excel/ConfigPackageExcelWorkbookWriter.java,189,java:S2386,"Make this member ""protected"".",OPEN,15min
MINOR,CODE_SMELL,batch-orchestrator/src/test/java/io/github/pinpols/batch/orchestrator/application/service/task/DefaultTaskAssignmentServiceTest.java,429,java:S6068,"Remove this and every subsequent useless ""eq(...)"" invocation; pass the values directly.",OPEN,2min
MINOR,CODE_SMELL,batch-orchestrator/src/test/java/io/github/pinpols/batch/orchestrator/integration/OrchestratorRedisSupportIntegrationTest.java,46,java:S5838,"Use assertThat(actual).containsEntry(key, value) instead.",OPEN,5min
MINOR,CODE_SMELL,batch-orchestrator/src/test/java/io/github/pinpols/batch/orchestrator/application/service/task/DefaultTaskOutcomeServiceTest.java,197,java:S8924,"Use a static import for ""doThrow"".",OPEN,5min
MINOR,CODE_SMELL,batch-trigger/src/test/java/io/github/pinpols/batch/trigger/service/DefaultLaunchAdapterServiceTest.java,47,java:S8694,"Use a ""java.time.Month"" enum constant instead of this int literal.",OPEN,5min
MINOR,CODE_SMELL,batch-orchestrator/src/test/java/io/github/pinpols/batch/orchestrator/application/service/forensic/ForensicExportServiceTest.java,76,java:S8694,"Use a ""java.time.Month"" enum constant instead of this int literal.",OPEN,5min
MINOR,CODE_SMELL,batch-worker/atomic/src/test/java/io/github/pinpols/batch/worker/atomic/integration/StoredProcHardeningIntegrationTest.java,125,java:S5838,"Use assertThat(actual).containsEntry(key, value) instead.",OPEN,5min
MINOR,CODE_SMELL,batch-orchestrator/src/test/java/io/github/pinpols/batch/orchestrator/infrastructure/scheduler/BatchDayOpenSchedulerTest.java,205,java:S8694,"Use a ""java.time.Month"" enum constant instead of this int literal.",OPEN,5min
MINOR,CODE_SMELL,batch-orchestrator/src/test/java/io/github/pinpols/batch/orchestrator/application/service/version/ResultVersionWriterTest.java,208,java:S8694,"Use a ""java.time.Month"" enum constant instead of this int literal.",OPEN,5min
MINOR,CODE_SMELL,batch-orchestrator/src/test/java/io/github/pinpols/batch/orchestrator/application/service/workflow/BizDateArithmeticTest.java,52,java:S8694,"Use a ""java.time.Month"" enum constant instead of this int literal.",OPEN,5min
MINOR,CODE_SMELL,batch-console-api/src/main/java/io/github/pinpols/batch/console/domain/notification/service/AlertmanagerSilenceBridge.java,55,java:S1075,Refactor your code to get this URI from a customizable parameter.,OPEN,20min
MINOR,CODE_SMELL,batch-console-api/src/test/java/io/github/pinpols/batch/console/integration/ConsoleQuotaPolicyMutationIntegrationTest.java,56,java:S5838,"Use assertThat(actual).containsEntry(key, value) instead.",OPEN,5min
MINOR,CODE_SMELL,batch-console-api/src/main/java/io/github/pinpols/batch/console/infrastructure/excel/ConfigPackageExcelValidator.java,131,java:S2386,"Make this member ""protected"".",OPEN,15min
MINOR,CODE_SMELL,batch-orchestrator/src/test/java/io/github/pinpols/batch/orchestrator/infrastructure/scheduler/BatchDayOpenSchedulerTest.java,123,java:S8694,"Use a ""java.time.Month"" enum constant instead of this int literal.",OPEN,5min
MINOR,CODE_SMELL,batch-worker/atomic/src/main/java/io/github/pinpols/batch/worker/atomic/http/HttpTaskExecutor.java,572,java:S1905,"Remove this unnecessary cast to ""long"".",OPEN,5min
MINOR,CODE_SMELL,batch-orchestrator/src/test/java/io/github/pinpols/batch/orchestrator/infrastructure/OrchestratorGracefulShutdownTest.java,67,java:S5838,"Use assertThat(actual).containsEntry(key, value) instead.",OPEN,5min
MINOR,CODE_SMELL,batch-worker/dispatch/src/test/java/io/github/pinpols/batch/worker/dispatchs/infrastructure/ChannelConfigMergeTest.java,77,java:S5838,"Use assertThat(actual).containsEntry(key, value) instead.",OPEN,5min
MINOR,CODE_SMELL,batch-console-api/src/main/java/io/github/pinpols/batch/console/infrastructure/excel/ConfigPackageExcelValidator.java,127,java:S2386,"Make this member ""protected"".",OPEN,15min
MINOR,CODE_SMELL,batch-trigger/src/test/java/io/github/pinpols/batch/trigger/service/DefaultLaunchAdapterServiceTest.java,74,java:S8694,"Use a ""java.time.Month"" enum constant instead of this int literal.",OPEN,5min
MINOR,CODE_SMELL,batch-orchestrator/src/test/java/io/github/pinpols/batch/orchestrator/application/service/task/TaskOutcomeSummaryBuilderTest.java,150,java:S5838,"Use assertThat(actual).containsEntry(key, value) instead.",OPEN,5min
MINOR,CODE_SMELL,batch-orchestrator/src/test/java/io/github/pinpols/batch/orchestrator/application/service/workflow/CrossDayDependencyResolverTest.java,128,java:S8694,"Use a ""java.time.Month"" enum constant instead of this int literal.",OPEN,5min
MINOR,CODE_SMELL,batch-worker/dispatch/src/test/java/io/github/pinpols/batch/worker/dispatchs/infrastructure/channel/SftpDispatchChannelAdapterTest.java,30,java:S8924,"Use a static import for ""times"".",OPEN,5min
MINOR,CODE_SMELL,batch-worker/dispatch/src/test/java/io/github/pinpols/batch/worker/dispatchs/infrastructure/ChannelConfigMergeTest.java,43,java:S5838,"Use assertThat(actual).containsEntry(key, value) instead.",OPEN,5min
MINOR,CODE_SMELL,batch-worker/export/src/test/java/io/github/pinpols/batch/worker/exports/stage/GenerateStepTest.java,220,java:S5853,Join these multiple assertions subject to one assertion chain.,OPEN,5min
MINOR,CODE_SMELL,batch-console-api/src/test/java/io/github/pinpols/batch/console/domain/rbac/support/captcha/TencentCaptchaVerifierTest.java,99,java:S5838,"Use assertThat(actual).containsEntry(key, value) instead.",OPEN,5min
MINOR,CODE_SMELL,batch-console-api/src/test/java/io/github/pinpols/batch/console/config/RouteToPrimaryAspectTest.java,22,java:S8924,"Use a static import for ""when"".",OPEN,5min
MINOR,CODE_SMELL,batch-console-api/src/test/java/io/github/pinpols/batch/console/domain/observability/web/response/ObservabilityMapResponseJacksonTest.java,97,java:S5853,Join these multiple assertions subject to one assertion chain.,OPEN,5min
MINOR,CODE_SMELL,batch-console-api/src/main/java/io/github/pinpols/batch/console/infrastructure/excel/ConfigPackageExcelValidator.java,129,java:S2386,"Make this member ""protected"".",OPEN,15min
MINOR,CODE_SMELL,batch-console-api/src/main/java/io/github/pinpols/batch/console/infrastructure/excel/ConfigPackageExcelWorkbookWriter.java,205,java:S2386,"Make this member ""protected"".",OPEN,15min
MINOR,CODE_SMELL,batch-worker/dispatch/src/test/java/io/github/pinpols/batch/worker/dispatchs/infrastructure/ChannelConfigMergeTest.java,47,java:S5838,"Use assertThat(actual).containsEntry(key, value) instead.",OPEN,5min
MINOR,CODE_SMELL,batch-orchestrator/src/test/java/io/github/pinpols/batch/orchestrator/infrastructure/lineage/OpenLineageEmitterTest.java,36,java:S8924,"Use a static import for ""mock"".",OPEN,5min
MINOR,CODE_SMELL,batch-common/src/test/java/io/github/pinpols/batch/common/resilience/DownstreamFallbackTest.java,236,java:S8924,"Use a static import for ""mock"".",OPEN,5min
MINOR,CODE_SMELL,batch-orchestrator/src/test/java/io/github/pinpols/batch/orchestrator/service/DefaultLaunchServiceTest.java,156,java:S8694,"Use a ""java.time.Month"" enum constant instead of this int literal.",OPEN,5min
MINOR,CODE_SMELL,batch-console-api/src/main/java/io/github/pinpols/batch/console/support/excel/ConsoleSingleSheetExcelImportSupport.java,110,java:S1130,"Remove the declaration of thrown exception 'java.io.IOException', as it cannot be thrown from method's body.",OPEN,5min
MINOR,CODE_SMELL,batch-orchestrator/src/test/java/io/github/pinpols/batch/orchestrator/application/service/task/DefaultTaskOutcomeServiceTest.java,212,java:S6068,"Remove this and every subsequent useless ""eq(...)"" invocation; pass the values directly.",OPEN,2min
MINOR,CODE_SMELL,batch-console-api/src/test/java/io/github/pinpols/batch/console/domain/audit/infrastructure/ai/ConsoleAiKnowledgeBaseTest.java,89,java:S5853,Join these multiple assertions subject to one assertion chain.,OPEN,5min
MINOR,CODE_SMELL,batch-worker/export/src/test/java/io/github/pinpols/batch/worker/exports/stage/StoreStepTest.java,86,java:S6068,"Remove this useless ""eq(...)"" invocation; pass the values directly.",OPEN,2min
MINOR,CODE_SMELL,batch-worker/import/src/main/java/io/github/pinpols/batch/worker/imports/jdbc/JdbcMappedImportSpec.java,304,java:S7158,"Use ""isEmpty()"" to check whether a ""StringBuilder"" is empty or not.",OPEN,2min
MINOR,CODE_SMELL,batch-orchestrator/src/test/java/io/github/pinpols/batch/orchestrator/integration/JobLaunchToFinishLifecycleIntegrationTest.java,49,java:S8694,"Use a ""java.time.Month"" enum constant instead of this int literal.",OPEN,5min
MINOR,CODE_SMELL,batch-orchestrator/src/test/java/io/github/pinpols/batch/orchestrator/application/service/version/ResultVersionWriterTest.java,105,java:S8694,"Use a ""java.time.Month"" enum constant instead of this int literal.",OPEN,5min
MINOR,CODE_SMELL,batch-orchestrator/src/test/java/io/github/pinpols/batch/orchestrator/application/service/workflow/BizDateArithmeticTest.java,50,java:S8694,"Use a ""java.time.Month"" enum constant instead of this int literal.",OPEN,5min
MINOR,CODE_SMELL,batch-trigger/src/main/java/io/github/pinpols/batch/trigger/infrastructure/scheduler/TriggerReconciler.java,110,java:S135,Reduce the total number of break and continue statements in this loop to use at most one.,OPEN,20min
MINOR,CODE_SMELL,batch-worker/import/src/main/java/io/github/pinpols/batch/worker/imports/stage/format/FixedWidthFormatParser.java,56,java:S135,Reduce the total number of break and continue statements in this loop to use at most one.,OPEN,1h
MINOR,CODE_SMELL,batch-worker/dispatch/src/test/java/io/github/pinpols/batch/worker/dispatchs/stage/AckDispatchStepTest.java,62,java:S5838,"Use assertThat(actual).containsEntry(key, value) instead.",OPEN,5min
MINOR,CODE_SMELL,batch-worker/export/src/test/java/io/github/pinpols/batch/worker/exports/stage/RegisterStepTest.java,86,java:S6068,"Remove this useless ""eq(...)"" invocation; pass the values directly.",OPEN,2min
MINOR,CODE_SMELL,batch-orchestrator/src/test/java/io/github/pinpols/batch/orchestrator/infrastructure/scheduler/BatchDayOpenSchedulerTest.java,200,java:S8694,"Use a ""java.time.Month"" enum constant instead of this int literal.",OPEN,5min
MINOR,CODE_SMELL,batch-worker/export/src/test/java/io/github/pinpols/batch/worker/exports/plugin/ExportKeysetRangeIntegrationTest.java,263,java:S1130,"Remove the declaration of thrown exception 'java.lang.Exception', as it cannot be thrown from method's body.",OPEN,5min
MINOR,CODE_SMELL,batch-orchestrator/src/test/java/io/github/pinpols/batch/orchestrator/application/service/governance/DefaultAlertEventServiceEscalationTest.java,87,java:S6068,"Remove this and every subsequent useless ""eq(...)"" invocation; pass the values directly.",OPEN,2min
MINOR,CODE_SMELL,batch-worker/import/src/test/java/io/github/pinpols/batch/worker/imports/stage/ParseStepFixtureTest.java,98,java:S5838,"Use assertThat(actual).containsEntry(key, value) instead.",OPEN,5min
MINOR,CODE_SMELL,batch-orchestrator/src/test/java/io/github/pinpols/batch/orchestrator/application/service/version/ResultVersionWriterTest.java,156,java:S8694,"Use a ""java.time.Month"" enum constant instead of this int literal.",OPEN,5min
MINOR,CODE_SMELL,batch-worker/atomic/src/main/java/io/github/pinpols/batch/worker/atomic/sql/SqlTaskExecutor.java,500,java:S1125,Remove the unnecessary boolean literal.,OPEN,5min
MINOR,CODE_SMELL,batch-orchestrator/src/test/java/io/github/pinpols/batch/orchestrator/service/DefaultLaunchValidationServiceTest.java,183,java:S6068,"Remove this and every subsequent useless ""eq(...)"" invocation; pass the values directly.",OPEN,2min
MINOR,CODE_SMELL,batch-console-api/src/test/java/io/github/pinpols/batch/console/integration/ConsoleAlertRoutingMutationIntegrationTest.java,61,java:S5838,"Use assertThat(actual).containsEntry(key, value) instead.",OPEN,5min
MINOR,CODE_SMELL,batch-orchestrator/src/main/java/io/github/pinpols/batch/orchestrator/application/service/workflow/WorkflowGraphValidator.java,295,java:S135,Reduce the total number of break and continue statements in this loop to use at most one.,OPEN,20min
MINOR,CODE_SMELL,batch-orchestrator/src/test/java/io/github/pinpols/batch/orchestrator/application/service/replay/BatchDayReplayServiceTest.java,190,java:S8694,"Use a ""java.time.Month"" enum constant instead of this int literal.",OPEN,5min
MINOR,CODE_SMELL,batch-console-api/src/test/java/io/github/pinpols/batch/console/infrastructure/config/DefaultConsoleTenantConfigInitApplicationServiceTest.java,149,java:S5838,Use isZero() instead.,OPEN,5min
MINOR,CODE_SMELL,batch-orchestrator/src/test/java/io/github/pinpols/batch/orchestrator/application/service/task/DefaultPartitionLifecycleServiceTest.java,283,java:S5838,"Use assertThat(actual).containsEntry(key, value) instead.",OPEN,5min
MINOR,CODE_SMELL,batch-orchestrator/src/test/java/io/github/pinpols/batch/orchestrator/service/DefaultLaunchValidationServiceTest.java,126,java:S6068,"Remove this and every subsequent useless ""eq(...)"" invocation; pass the values directly.",OPEN,2min
MINOR,CODE_SMELL,batch-console-api/src/test/java/io/github/pinpols/batch/console/domain/observability/web/ConsoleQueryControllerTest.java,478,java:S8694,"Use a ""java.time.Month"" enum constant instead of this int literal.",OPEN,5min
MINOR,CODE_SMELL,batch-orchestrator/src/test/java/io/github/pinpols/batch/orchestrator/service/DefaultWorkerRegistryServiceTest.java,213,java:S6068,"Remove this and every subsequent useless ""eq(...)"" invocation; pass the values directly.",OPEN,2min
MINOR,CODE_SMELL,batch-common/src/test/java/io/github/pinpols/batch/common/storage/EncryptingObjectStoreTest.java,180,java:S1130,"Remove the declaration of thrown exception 'java.lang.Exception', as it cannot be thrown from method's body.",OPEN,5min
MINOR,CODE_SMELL,batch-console-api/src/test/java/io/github/pinpols/batch/console/support/web/ConsoleIdempotencyInterceptorTest.java,66,java:S6068,"Remove this and every subsequent useless ""eq(...)"" invocation; pass the values directly.",OPEN,2min
MINOR,CODE_SMELL,batch-console-api/src/test/java/io/github/pinpols/batch/console/spike/Resilience4jSb4CompatSpike.java,53,java:S3577,"Rename class ""Resilience4jSb4CompatSpike"" to match the regular expression: '^((Test|IT)[a-zA-Z0-9_]+|[A-Z][a-zA-Z0-9_]*(Test|Tests|TestCase|IT|ITCase))$'",OPEN,5min
MINOR,CODE_SMELL,batch-worker/import/src/main/java/io/github/pinpols/batch/worker/imports/preprocess/ImportPreprocessPipeline.java,289,java:S135,Reduce the total number of break and continue statements in this loop to use at most one.,OPEN,20min
MINOR,CODE_SMELL,batch-trigger/src/test/java/io/github/pinpols/batch/trigger/service/CalendarBizDateResolverTest.java,38,java:S8694,"Use a ""java.time.Month"" enum constant instead of this int literal.",OPEN,5min
MINOR,CODE_SMELL,batch-orchestrator/src/main/java/io/github/pinpols/batch/orchestrator/infrastructure/archive/SuccessInstanceArchiveScheduler.java,54,java:S135,Reduce the total number of break and continue statements in this loop to use at most one.,OPEN,40min
MINOR,CODE_SMELL,batch-console-api/src/main/java/io/github/pinpols/batch/console/infrastructure/excel/ConfigPackageExcelWorkbookWriter.java,210,java:S2386,"Make this member ""protected"".",OPEN,15min
MINOR,CODE_SMELL,batch-orchestrator/src/test/java/io/github/pinpols/batch/orchestrator/integration/OutcomeVsReclaimDeadlockIntegrationTest.java,81,java:S8694,"Use a ""java.time.Month"" enum constant instead of this int literal.",OPEN,5min
MINOR,CODE_SMELL,batch-worker/export/src/test/java/io/github/pinpols/batch/worker/exports/stage/GenerateStepCheckpointTest.java,201,java:S5838,"Use assertThat(actual).containsEntry(key, value) instead.",OPEN,5min
MINOR,CODE_SMELL,batch-console-api/src/test/java/io/github/pinpols/batch/console/domain/workflow/web/ConsoleWorkflowVersionsControllerTest.java,107,java:S6068,"Remove this and every subsequent useless ""eq(...)"" invocation; pass the values directly.",OPEN,2min
MINOR,CODE_SMELL,batch-console-api/src/test/java/io/github/pinpols/batch/console/infrastructure/config/DefaultConsoleConfigApplicationServiceTest.java,187,java:S8924,"Use a static import for ""times"".",OPEN,5min
MINOR,CODE_SMELL,batch-orchestrator/src/test/java/io/github/pinpols/batch/orchestrator/service/LaunchParamResolverTest.java,92,java:S8694,"Use a ""java.time.Month"" enum constant instead of this int literal.",OPEN,5min
MINOR,CODE_SMELL,batch-console-api/src/test/java/io/github/pinpols/batch/console/domain/rbac/service/ConsoleTenantReadinessServiceTest.java,82,java:S8924,"Use a static import for ""doThrow"".",OPEN,5min
MINOR,CODE_SMELL,batch-orchestrator/src/test/java/io/github/pinpols/batch/orchestrator/application/service/workflow/BizDateArithmeticTest.java,104,java:S8694,"Use a ""java.time.Month"" enum constant instead of this int literal.",OPEN,5min
MINOR,CODE_SMELL,batch-orchestrator/src/test/java/io/github/pinpols/batch/orchestrator/integration/LineageEvidenceArchiveFallbackIntegrationTest.java,88,java:S5838,"Use assertThat(actual).containsEntry(key, value) instead.",OPEN,5min
MINOR,CODE_SMELL,batch-console-api/src/test/java/io/github/pinpols/batch/console/config/ReplicaLagMonitorTest.java,128,java:S8924,"Use a static import for ""never"".",OPEN,5min
MINOR,CODE_SMELL,batch-orchestrator/src/test/java/io/github/pinpols/batch/orchestrator/service/DefaultWorkerRegistryServiceTest.java,187,java:S6068,"Remove this and every subsequent useless ""eq(...)"" invocation; pass the values directly.",OPEN,2min
MINOR,CODE_SMELL,batch-console-api/src/main/java/io/github/pinpols/batch/console/config/ConsoleSecurityProperties.java,124,java:S2065,"Remove the ""transient"" modifier from this field.",OPEN,2min
MINOR,CODE_SMELL,batch-orchestrator/src/test/java/io/github/pinpols/batch/orchestrator/integration/FileGovernanceIntegrationTest.java,240,java:S5838,"Use assertThat(actual).containsEntry(key, value) instead.",OPEN,5min
MINOR,CODE_SMELL,batch-console-api/src/test/java/io/github/pinpols/batch/console/domain/rbac/support/ConsoleLoginServiceTest.java,61,java:S8924,"Use a static import for ""when"".",OPEN,5min
MINOR,CODE_SMELL,batch-common/src/test/java/io/github/pinpols/batch/common/utils/ContentMaskingUtilsTest.java,31,java:S5853,Join these multiple assertions subject to one assertion chain.,OPEN,5min
MINOR,CODE_SMELL,batch-orchestrator/src/test/java/io/github/pinpols/batch/orchestrator/infrastructure/scheduler/DefaultWorkerSelectorTest.java,123,java:S6068,"Remove this and every subsequent useless ""eq(...)"" invocation; pass the values directly.",OPEN,2min
MINOR,CODE_SMELL,batch-orchestrator/src/test/java/io/github/pinpols/batch/orchestrator/application/service/task/DefaultPartitionLifecycleServiceTest.java,111,java:S6068,"Remove this and every subsequent useless ""eq(...)"" invocation; pass the values directly.",OPEN,2min
MINOR,CODE_SMELL,batch-console-api/src/test/java/io/github/pinpols/batch/console/domain/ops/web/response/OpsMapResponseJacksonTest.java,133,java:S5853,Join these multiple assertions subject to one assertion chain.,OPEN,5min
MINOR,CODE_SMELL,batch-console-api/src/test/java/io/github/pinpols/batch/console/domain/ops/service/ConsoleClusterDiagnosticServiceTest.java,86,java:S5838,"Use assertThat(actual).containsEntry(key, value) instead.",OPEN,5min
MINOR,CODE_SMELL,batch-worker/export/src/main/java/io/github/pinpols/batch/worker/exports/stage/format/AbstractExportFormat.java,108,java:S135,Reduce the total number of break and continue statements in this loop to use at most one.,OPEN,40min
MINOR,CODE_SMELL,batch-orchestrator/src/test/java/io/github/pinpols/batch/orchestrator/application/service/asset/AssetPartitionServiceTest.java,217,java:S8694,"Use a ""java.time.Month"" enum constant instead of this int literal.",OPEN,5min
MINOR,CODE_SMELL,batch-worker/atomic/src/test/java/io/github/pinpols/batch/worker/atomic/runtime/AtomicRuntimeStatusServiceTest.java,94,java:S8924,"Use a static import for ""mock"".",OPEN,5min
MINOR,CODE_SMELL,batch-orchestrator/src/test/java/io/github/pinpols/batch/orchestrator/application/workflow/WorkflowParamResolverTest.java,131,java:S5838,"Use assertThat(actual).containsEntry(key, value) instead.",OPEN,5min
MINOR,CODE_SMELL,sdk/java/core/src/main/java/io/github/pinpols/batch/sdk/handler/atomic/StoredProcAtomicHandler.java,48,java:S6353,Use concise character class syntax '\\w' instead of '[A-Za-z0-9_]'.,OPEN,5min
MINOR,CODE_SMELL,batch-orchestrator/src/test/java/io/github/pinpols/batch/orchestrator/application/service/workflow/CrossDayDependencyResolverTest.java,87,java:S8694,"Use a ""java.time.Month"" enum constant instead of this int literal.",OPEN,5min
MINOR,CODE_SMELL,batch-orchestrator/src/test/java/io/github/pinpols/batch/orchestrator/application/service/task/DefaultTaskAssignmentServiceTest.java,438,java:S8924,"Use a static import for ""times"".",OPEN,5min
MINOR,CODE_SMELL,batch-console-api/src/test/java/io/github/pinpols/batch/console/integration/ConsolePushJobNotificationMapperIntegrationTest.java,148,java:S1488,"Immediately return this expression instead of assigning it to the temporary variable ""id"".",OPEN,2min
MINOR,CODE_SMELL,batch-console-api/src/main/java/io/github/pinpols/batch/console/infrastructure/excel/ConfigPackageExcelWorkbookWriter.java,195,java:S2386,"Make this member ""protected"".",OPEN,15min
MINOR,CODE_SMELL,batch-orchestrator/src/main/java/io/github/pinpols/batch/orchestrator/infrastructure/sla/JobSlaScheduler.java,75,java:S135,Reduce the total number of break and continue statements in this loop to use at most one.,OPEN,20min
MINOR,CODE_SMELL,batch-console-api/src/test/java/io/github/pinpols/batch/console/domain/notification/service/TencentSmsProviderTest.java,157,java:S5838,"Use assertThat(actual).containsEntry(key, value) instead.",OPEN,5min
MINOR,CODE_SMELL,batch-worker/atomic/src/main/java/io/github/pinpols/batch/worker/atomic/http/HttpTaskExecutor.java,436,java:S6201,Replace this instanceof check and cast with 'instanceof String string',OPEN,5min
MINOR,CODE_SMELL,batch-orchestrator/src/test/java/io/github/pinpols/batch/orchestrator/application/service/task/TaskOutcomeSummaryBuilderTest.java,67,java:S5838,"Use assertThat(actual).containsEntry(key, value) instead.",OPEN,5min
MINOR,CODE_SMELL,batch-worker/export/src/test/java/io/github/pinpols/batch/worker/exports/stage/GenerateStepTest.java,342,java:S5853,Join these multiple assertions subject to one assertion chain.,OPEN,5min
MINOR,CODE_SMELL,batch-orchestrator/src/main/java/io/github/pinpols/batch/orchestrator/service/LaunchBatchDayService.java,480,java:S1488,"Immediately return this expression instead of assigning it to the temporary variable ""lateAcceptedRequest"".",OPEN,2min
MINOR,CODE_SMELL,batch-orchestrator/src/test/java/io/github/pinpols/batch/orchestrator/application/service/workflow/BizDateArithmeticTest.java,118,java:S8694,"Use a ""java.time.Month"" enum constant instead of this int literal.",OPEN,5min
MINOR,CODE_SMELL,batch-orchestrator/src/test/java/io/github/pinpols/batch/orchestrator/infrastructure/scheduler/BatchDayOpenSchedulerTest.java,258,java:S8694,"Use a ""java.time.Month"" enum constant instead of this int literal.",OPEN,5min
MINOR,CODE_SMELL,batch-orchestrator/src/test/java/io/github/pinpols/batch/orchestrator/integration/SchedulingDecisionLaunchIntegrationTest.java,66,java:S8694,"Use a ""java.time.Month"" enum constant instead of this int literal.",OPEN,5min
MINOR,CODE_SMELL,batch-orchestrator/src/test/java/io/github/pinpols/batch/orchestrator/application/service/asset/AssetFreshnessPolicyServiceTest.java,111,java:S8694,"Use a ""java.time.Month"" enum constant instead of this int literal.",OPEN,5min
MINOR,CODE_SMELL,batch-worker/import/src/main/java/io/github/pinpols/batch/worker/imports/jdbc/JdbcMappedImportSpec.java,186,java:S135,Reduce the total number of break and continue statements in this loop to use at most one.,OPEN,20min
MINOR,CODE_SMELL,batch-console-api/src/test/java/io/github/pinpols/batch/console/web/ConsoleAssetPartitionControllerTest.java,124,java:S8924,"Use a static import for ""never"".",OPEN,5min
MINOR,CODE_SMELL,batch-orchestrator/src/test/java/io/github/pinpols/batch/orchestrator/application/service/version/ResultVersionWriterTest.java,168,java:S8694,"Use a ""java.time.Month"" enum constant instead of this int literal.",OPEN,5min
MINOR,CODE_SMELL,batch-console-api/src/test/java/io/github/pinpols/batch/console/integration/ConsoleFileChannelMutationIntegrationTest.java,70,java:S5838,"Use assertThat(actual).containsEntry(key, value) instead.",OPEN,5min
MINOR,CODE_SMELL,batch-console-api/src/test/java/io/github/pinpols/batch/console/integration/ConsolePipelineDefinitionMutationIntegrationTest.java,64,java:S5838,"Use assertThat(actual).containsEntry(key, value) instead.",OPEN,5min
MINOR,CODE_SMELL,batch-worker/import/src/test/java/io/github/pinpols/batch/worker/imports/stage/ParseStepStreamingTest.java,90,java:S5838,"Use assertThat(actual).containsEntry(key, value) instead.",OPEN,5min
MINOR,CODE_SMELL,batch-worker/atomic/src/main/java/io/github/pinpols/batch/worker/atomic/http/HttpTaskExecutor.java,272,java:S6201,Replace this instanceof check and cast with 'instanceof Number number',OPEN,5min
MINOR,CODE_SMELL,batch-orchestrator/src/main/java/io/github/pinpols/batch/orchestrator/application/service/sensor/SensorSqlValidator.java,37,java:S2386,"Make this member ""protected"".",OPEN,15min
MINOR,CODE_SMELL,batch-orchestrator/src/test/java/io/github/pinpols/batch/orchestrator/web/WorkerControllerTest.java,180,java:S8924,"Use a static import for ""never"".",OPEN,5min
MINOR,CODE_SMELL,batch-orchestrator/src/test/java/io/github/pinpols/batch/orchestrator/application/service/task/TaskOutcomeSummaryBuilderTest.java,151,java:S5838,"Use assertThat(actual).containsEntry(key, value) instead.",OPEN,5min
MINOR,CODE_SMELL,batch-worker/atomic/src/main/java/io/github/pinpols/batch/worker/atomic/sql/SqlTaskExecutor.java,413,java:S135,Reduce the total number of break and continue statements in this loop to use at most one.,OPEN,20min
MINOR,CODE_SMELL,batch-orchestrator/src/test/java/io/github/pinpols/batch/orchestrator/web/TaskControllerTest.java,69,java:S6068,"Remove this and every subsequent useless ""eq(...)"" invocation; pass the values directly.",OPEN,2min
MINOR,BUG,batch-orchestrator/src/main/java/io/github/pinpols/batch/orchestrator/service/LaunchBatchDayService.java,592,java:S3599,Use another way to initialize this instance.,OPEN,5min
MINOR,CODE_SMELL,batch-orchestrator/src/test/java/io/github/pinpols/batch/orchestrator/application/service/forensic/ForensicExportServiceTest.java,146,java:S8694,"Use a ""java.time.Month"" enum constant instead of this int literal.",OPEN,5min
MINOR,CODE_SMELL,batch-console-api/src/test/java/io/github/pinpols/batch/console/domain/notification/web/response/NotificationMapResponseJacksonTest.java,185,java:S5853,Join these multiple assertions subject to one assertion chain.,OPEN,5min
MINOR,CODE_SMELL,batch-worker/dispatch/src/test/java/io/github/pinpols/batch/worker/dispatchs/stage/DeliverDispatchStepTest.java,125,java:S5838,"Use assertThat(actual).containsEntry(key, value) instead.",OPEN,5min
MINOR,CODE_SMELL,batch-orchestrator/src/main/java/io/github/pinpols/batch/orchestrator/infrastructure/scheduler/DefaultResourceScheduler.java,357,java:S1905,"Remove this unnecessary cast to ""long"".",OPEN,5min
MINOR,BUG,batch-common/src/main/java/io/github/pinpols/batch/common/utils/OtelTraceContext.java,36,java:S2637,"This method's return value is marked ""@NullMarked at package level"" but null is returned.",OPEN,15min
MINOR,CODE_SMELL,batch-worker/import/src/main/java/io/github/pinpols/batch/worker/imports/stage/format/FixedWidthFormatParser.java,124,java:S6201,Replace this instanceof check and cast with 'instanceof Number number',OPEN,5min
MINOR,CODE_SMELL,batch-orchestrator/src/test/java/io/github/pinpols/batch/orchestrator/infrastructure/lineage/OpenLineageEmitterTest.java,102,java:S5838,"Use assertThat(actual).containsEntry(key, value) instead.",OPEN,5min
MINOR,CODE_SMELL,batch-orchestrator/src/test/java/io/github/pinpols/batch/orchestrator/application/service/workflow/DefaultWorkflowNodeDispatchServiceTest.java,283,java:S6068,"Remove this and every subsequent useless ""eq(...)"" invocation; pass the values directly.",OPEN,2min
MINOR,CODE_SMELL,batch-orchestrator/src/test/java/io/github/pinpols/batch/orchestrator/application/service/DefaultApprovalWorkflowServiceTest.java,113,java:S5853,Join these multiple assertions subject to one assertion chain.,OPEN,5min
MINOR,CODE_SMELL,batch-orchestrator/src/test/java/io/github/pinpols/batch/orchestrator/integration/FileGovernanceIntegrationTest.java,242,java:S5838,"Use assertThat(actual).containsEntry(key, value) instead.",OPEN,5min
MINOR,CODE_SMELL,batch-orchestrator/src/test/java/io/github/pinpols/batch/orchestrator/service/DefaultLaunchServiceTest.java,454,java:S5838,Use isZero() instead.,OPEN,5min
MINOR,CODE_SMELL,batch-console-api/src/test/java/io/github/pinpols/batch/console/config/RouteToPrimaryAspectTest.java,56,java:S8924,"Use a static import for ""when"".",OPEN,5min
MINOR,CODE_SMELL,batch-console-api/src/test/java/io/github/pinpols/batch/console/domain/rbac/support/captcha/AliyunCaptchaVerifierTest.java,151,java:S1130,"Remove the declaration of thrown exception 'java.lang.Exception', as it cannot be thrown from method's body.",OPEN,5min
MINOR,CODE_SMELL,batch-orchestrator/src/test/java/io/github/pinpols/batch/orchestrator/integration/CrossDayDependencyReconcilerIntegrationTest.java,43,java:S8694,"Use a ""java.time.Month"" enum constant instead of this int literal.",OPEN,5min
MINOR,CODE_SMELL,batch-orchestrator/src/main/java/io/github/pinpols/batch/orchestrator/application/service/workflow/WorkflowGraphValidator.java,236,java:S135,Reduce the total number of break and continue statements in this loop to use at most one.,OPEN,20min
MINOR,CODE_SMELL,batch-orchestrator/src/test/java/io/github/pinpols/batch/orchestrator/infrastructure/scheduler/BatchDayOpenSchedulerTest.java,183,java:S8694,"Use a ""java.time.Month"" enum constant instead of this int literal.",OPEN,5min
MINOR,CODE_SMELL,batch-orchestrator/src/main/java/io/github/pinpols/batch/orchestrator/application/service/workflow/WorkflowGraphValidator.java,635,java:S135,Reduce the total number of break and continue statements in this loop to use at most one.,OPEN,20min
MINOR,CODE_SMELL,batch-orchestrator/src/test/java/io/github/pinpols/batch/orchestrator/application/service/workflow/BizDateArithmeticTest.java,95,java:S8694,"Use a ""java.time.Month"" enum constant instead of this int literal.",OPEN,5min
MINOR,CODE_SMELL,batch-orchestrator/src/test/java/io/github/pinpols/batch/orchestrator/application/service/task/DefaultTaskAssignmentServiceTest.java,243,java:S6068,"Remove this and every subsequent useless ""eq(...)"" invocation; pass the values directly.",OPEN,2min
MINOR,CODE_SMELL,batch-orchestrator/src/test/java/io/github/pinpols/batch/orchestrator/application/service/replay/BatchDayReplayServiceTest.java,412,java:S8694,"Use a ""java.time.Month"" enum constant instead of this int literal.",OPEN,5min
MINOR,CODE_SMELL,batch-console-api/src/main/java/io/github/pinpols/batch/console/infrastructure/config/DefaultConsoleTenantConfigPackageExcelApplicationService.java,721,java:S1659,"Declare ""updated"" on a separate line.",OPEN,2min
MINOR,BUG,batch-console-api/src/main/java/io/github/pinpols/batch/console/domain/rbac/support/ConsoleJwtService.java,151,java:S3077,"Use a thread-safe type; adding ""volatile"" is not enough to make this field thread-safe.",OPEN,20min
MINOR,CODE_SMELL,batch-console-api/src/main/java/io/github/pinpols/batch/console/infrastructure/excel/ResourceQueueExcelRowParser.java,34,java:S1488,"Immediately return this expression instead of assigning it to the temporary variable ""row"".",OPEN,2min
MINOR,CODE_SMELL,batch-orchestrator/src/test/java/io/github/pinpols/batch/orchestrator/service/CutoffScheduleResolverTest.java,43,java:S8694,"Use a ""java.time.Month"" enum constant instead of this int literal.",OPEN,5min
MINOR,CODE_SMELL,batch-common/src/test/java/io/github/pinpols/batch/common/persistence/mybatis/AuditFieldsInterceptorTest.java,125,java:S8924,"Use a static import for ""mock"".",OPEN,5min
MINOR,CODE_SMELL,batch-console-api/src/test/java/io/github/pinpols/batch/console/shared/approval/OrchestratorApprovalClientTest.java,193,java:S5853,Join these multiple assertions subject to one assertion chain.,OPEN,5min
MINOR,CODE_SMELL,batch-orchestrator/src/test/java/io/github/pinpols/batch/orchestrator/application/service/task/DefaultTaskAssignmentServiceTest.java,136,java:S6068,"Remove this and every subsequent useless ""eq(...)"" invocation; pass the values directly.",OPEN,2min
MINOR,CODE_SMELL,batch-worker/import/src/test/java/io/github/pinpols/batch/worker/imports/stage/ParseStepPartitionSliceTest.java,66,java:S5838,"Use assertThat(actual).containsEntry(key, value) instead.",OPEN,5min
MINOR,CODE_SMELL,batch-console-api/src/main/java/io/github/pinpols/batch/console/infrastructure/excel/ConfigPackageExcelValidator.java,162,java:S2386,"Make this member ""protected"".",OPEN,15min
MINOR,CODE_SMELL,batch-worker/process/src/test/java/io/github/pinpols/batch/worker/processes/stage/DefaultProcessStageExecutorTest.java,410,java:S5838,"Use assertThat(actual).containsEntry(key, value) instead.",OPEN,5min
MINOR,CODE_SMELL,batch-worker/dispatch/src/test/java/io/github/pinpols/batch/worker/dispatchs/infrastructure/ChannelConfigMergeTest.java,48,java:S5838,"Use assertThat(actual).containsEntry(key, value) instead.",OPEN,5min
MINOR,CODE_SMELL,batch-orchestrator/src/test/java/io/github/pinpols/batch/orchestrator/application/service/version/ResultVersionWriterTest.java,258,java:S8694,"Use a ""java.time.Month"" enum constant instead of this int literal.",OPEN,5min
MINOR,CODE_SMELL,batch-console-api/src/test/java/io/github/pinpols/batch/console/integration/ConsoleJobDefinitionMutationIntegrationTest.java,73,java:S5838,"Use assertThat(actual).containsEntry(key, value) instead.",OPEN,5min
MINOR,CODE_SMELL,batch-worker/atomic/src/main/java/io/github/pinpols/batch/worker/atomic/runtime/AtomicExecutorProductionGuard.java,75,java:S5411,Use a primitive boolean expression here.,OPEN,5min
MINOR,CODE_SMELL,batch-console-api/src/main/java/io/github/pinpols/batch/console/infrastructure/workflow/DefaultConsoleWorkflowDefinitionApplicationService.java,444,java:S135,Reduce the total number of break and continue statements in this loop to use at most one.,OPEN,40min
MINOR,CODE_SMELL,batch-console-api/src/test/java/io/github/pinpols/batch/console/domain/workflow/web/ConsolePipelineDefinitionControllerBehaviorTest.java,64,java:S6068,"Remove this and every subsequent useless ""eq(...)"" invocation; pass the values directly.",OPEN,2min
MINOR,CODE_SMELL,batch-console-api/src/test/java/io/github/pinpols/batch/console/domain/rbac/support/captcha/TencentCaptchaVerifierTest.java,191,java:S5853,Join these multiple assertions subject to one assertion chain.,OPEN,5min
MINOR,CODE_SMELL,batch-trigger/src/test/java/io/github/pinpols/batch/trigger/support/CronExpressionAdapterTest.java,41,java:S8694,"Use a ""java.time.Month"" enum constant instead of this int literal.",OPEN,5min
MINOR,CODE_SMELL,batch-worker/atomic/src/test/java/io/github/pinpols/batch/worker/atomic/integration/BatchWorkerAtomicEndToEndIntegrationTest.java,55,java:S5838,Use assertThat(actual).containsKey(expected) instead.,OPEN,5min
MINOR,CODE_SMELL,batch-orchestrator/src/test/java/io/github/pinpols/batch/orchestrator/web/TaskControllerTest.java,185,java:S6068,"Remove this and every subsequent useless ""eq(...)"" invocation; pass the values directly.",OPEN,2min
MINOR,CODE_SMELL,batch-orchestrator/src/test/java/io/github/pinpols/batch/orchestrator/application/service/workflow/BizDateArithmeticTest.java,29,java:S8694,"Use a ""java.time.Month"" enum constant instead of this int literal.",OPEN,5min
MINOR,BUG,batch-orchestrator/src/main/java/io/github/pinpols/batch/orchestrator/infrastructure/mq/OutboxPublishCircuitBreaker.java,85,java:S3077,"Use a thread-safe type; adding ""volatile"" is not enough to make this field thread-safe.",OPEN,20min
MINOR,CODE_SMELL,batch-console-api/src/test/java/io/github/pinpols/batch/console/domain/ops/service/ConsoleClusterDiagnosticServiceTest.java,169,java:S5838,"Use assertThat(actual).containsEntry(key, value) instead.",OPEN,5min
MINOR,CODE_SMELL,batch-console-api/src/test/java/io/github/pinpols/batch/console/domain/rbac/support/captcha/TencentCaptchaVerifierTest.java,96,java:S5838,"Use assertThat(actual).containsEntry(key, value) instead.",OPEN,5min
MINOR,CODE_SMELL,batch-console-api/src/test/java/io/github/pinpols/batch/console/domain/notification/web/response/NotificationMapResponseJacksonTest.java,44,java:S5853,Join these multiple assertions subject to one assertion chain.,OPEN,5min
MINOR,CODE_SMELL,batch-orchestrator/src/main/java/io/github/pinpols/batch/orchestrator/infrastructure/scheduler/BatchDayWaitingReleaseScheduler.java,87,java:S135,Reduce the total number of break and continue statements in this loop to use at most one.,OPEN,40min
MINOR,CODE_SMELL,batch-orchestrator/src/test/java/io/github/pinpols/batch/orchestrator/application/service/task/DefaultTaskAssignmentServiceTest.java,428,java:S6068,"Remove this and every subsequent useless ""eq(...)"" invocation; pass the values directly.",OPEN,2min
MINOR,CODE_SMELL,batch-worker/import/src/main/java/io/github/pinpols/batch/worker/imports/stage/PreprocessStep.java,,java:S1905,"Remove this unnecessary cast to ""long"".",CLOSED,5min
MINOR,CODE_SMELL,batch-orchestrator/src/test/java/io/github/pinpols/batch/orchestrator/infrastructure/scheduler/CrossDayDependencyReconcilerTest.java,147,java:S8694,"Use a ""java.time.Month"" enum constant instead of this int literal.",OPEN,5min
MINOR,CODE_SMELL,batch-worker/atomic/src/main/java/io/github/pinpols/batch/worker/atomic/storedproc/StoredProcTaskExecutor.java,401,java:S6201,Replace this instanceof check and cast with 'instanceof ResultSet resultset',OPEN,5min
MINOR,CODE_SMELL,batch-console-api/src/test/java/io/github/pinpols/batch/console/domain/file/infrastructure/DefaultConsoleFileApplicationServiceTest.java,125,java:S8924,"Use a static import for ""never"".",OPEN,5min
MINOR,CODE_SMELL,batch-console-api/src/test/java/io/github/pinpols/batch/console/integration/ConsoleBatchWindowMutationIntegrationTest.java,64,java:S5838,"Use assertThat(actual).containsEntry(key, value) instead.",OPEN,5min
MINOR,CODE_SMELL,batch-trigger/src/test/java/io/github/pinpols/batch/trigger/service/DefaultTriggerServiceTest.java,325,java:S8694,"Use a ""java.time.Month"" enum constant instead of this int literal.",OPEN,5min
MINOR,CODE_SMELL,batch-orchestrator/src/test/java/io/github/pinpols/batch/orchestrator/application/service/asset/AssetPartitionServiceTest.java,34,java:S8694,"Use a ""java.time.Month"" enum constant instead of this int literal.",OPEN,5min
MINOR,CODE_SMELL,batch-orchestrator/src/test/java/io/github/pinpols/batch/orchestrator/service/DefaultWorkerRegistryServiceTest.java,567,java:S6068,"Remove this and every subsequent useless ""eq(...)"" invocation; pass the values directly.",OPEN,2min
MINOR,CODE_SMELL,sdk/java/core/src/test/java/io/github/pinpols/batch/sdk/task/SdkTaskContextTest.java,14,java:S8694,"Use a ""java.time.Month"" enum constant instead of this int literal.",OPEN,5min
MINOR,CODE_SMELL,batch-orchestrator/src/test/java/io/github/pinpols/batch/orchestrator/application/service/workflow/DefaultWorkflowNodeDispatchServiceAllTypesTest.java,198,java:S6068,"Remove this and every subsequent useless ""eq(...)"" invocation; pass the values directly.",OPEN,2min
MINOR,CODE_SMELL,batch-orchestrator/src/test/java/io/github/pinpols/batch/orchestrator/application/service/replay/BatchDayReplaySameJobCodeMultiEntryTest.java,122,java:S8924,"Use a static import for ""never"".",OPEN,5min
MINOR,CODE_SMELL,batch-worker/dispatch/src/test/java/io/github/pinpols/batch/worker/dispatchs/stage/PrepareDispatchStepTest.java,112,java:S5838,"Use assertThat(actual).containsEntry(key, value) instead.",OPEN,5min
MINOR,CODE_SMELL,batch-orchestrator/src/test/java/io/github/pinpols/batch/orchestrator/application/service/task/DefaultTaskAssignmentServiceTest.java,218,java:S6068,"Remove this and every subsequent useless ""eq(...)"" invocation; pass the values directly.",OPEN,2min
MINOR,CODE_SMELL,batch-orchestrator/src/test/java/io/github/pinpols/batch/orchestrator/application/service/task/DefaultTaskAssignmentServiceTest.java,231,java:S6068,"Remove this and every subsequent useless ""eq(...)"" invocation; pass the values directly.",OPEN,2min
MINOR,CODE_SMELL,batch-orchestrator/src/test/java/io/github/pinpols/batch/orchestrator/service/DefaultWorkerRegistryServiceTest.java,553,java:S6068,"Remove this and every subsequent useless ""eq(...)"" invocation; pass the values directly.",OPEN,2min
MINOR,CODE_SMELL,batch-orchestrator/src/test/java/io/github/pinpols/batch/orchestrator/integration/FileGovernanceIntegrationTest.java,303,java:S5838,"Use assertThat(actual).containsEntry(key, value) instead.",OPEN,5min
MINOR,CODE_SMELL,batch-orchestrator/src/test/java/io/github/pinpols/batch/orchestrator/integration/BundleLaunchPartitionExpansionIntegrationTest.java,103,java:S5838,"Use assertThat(actual).containsEntry(key, value) instead.",OPEN,5min
MINOR,CODE_SMELL,batch-orchestrator/src/test/java/io/github/pinpols/batch/orchestrator/infrastructure/OrchestratorGracefulShutdownTest.java,47,java:S5838,"Use assertThat(actual).containsEntry(key, value) instead.",OPEN,5min
MINOR,CODE_SMELL,batch-orchestrator/src/test/java/io/github/pinpols/batch/orchestrator/application/service/task/TaskOutcomeSummaryBuilderTest.java,152,java:S5838,"Use assertThat(actual).containsEntry(key, value) instead.",OPEN,5min
MINOR,CODE_SMELL,batch-console-api/src/main/java/io/github/pinpols/batch/console/infrastructure/config/DefaultConsoleTenantConfigPackageExcelApplicationService.java,645,java:S1659,"Declare ""updated"" on a separate line.",OPEN,2min
MINOR,CODE_SMELL,batch-orchestrator/src/test/java/io/github/pinpols/batch/orchestrator/service/LaunchParamResolverTest.java,101,java:S8694,"Use a ""java.time.Month"" enum constant instead of this int literal.",OPEN,5min
MINOR,CODE_SMELL,batch-orchestrator/src/test/java/io/github/pinpols/batch/orchestrator/application/service/DefaultCompensationServiceTest.java,186,java:S8924,"Use a static import for ""verify"".",OPEN,5min
MINOR,CODE_SMELL,batch-orchestrator/src/test/java/io/github/pinpols/batch/orchestrator/application/service/forensic/ForensicExportServiceTest.java,135,java:S8694,"Use a ""java.time.Month"" enum constant instead of this int literal.",OPEN,5min
MINOR,CODE_SMELL,batch-orchestrator/src/test/java/io/github/pinpols/batch/orchestrator/service/CutoffScheduleResolverTest.java,46,java:S8694,"Use a ""java.time.Month"" enum constant instead of this int literal.",OPEN,5min
MINOR,CODE_SMELL,batch-console-api/src/test/java/io/github/pinpols/batch/console/domain/ops/service/ConsoleClusterDiagnosticServiceTest.java,152,java:S5838,"Use assertThat(actual).containsEntry(key, value) instead.",OPEN,5min
MINOR,CODE_SMELL,batch-orchestrator/src/test/java/io/github/pinpols/batch/orchestrator/application/service/replay/BatchDayReplayServiceTest.java,70,java:S8694,"Use a ""java.time.Month"" enum constant instead of this int literal.",OPEN,5min
MINOR,BUG,batch-worker/export/src/main/java/io/github/pinpols/batch/worker/exports/plugin/ExportKeysetRange.java,34,java:S2184,"Cast one of the operands of this subtraction operation to a ""long"".",OPEN,5min
MINOR,CODE_SMELL,batch-orchestrator/src/test/java/io/github/pinpols/batch/orchestrator/integration/ExactlyOnceCrashRecoveryIntegrationTest.java,183,java:S1488,"Immediately return this expression instead of assigning it to the temporary variable ""taskId"".",OPEN,2min
MINOR,BUG,batch-orchestrator/src/test/java/io/github/pinpols/batch/orchestrator/integration/MultiTenantIsolationIntegrationTest.java,165,java:S5841,Test the emptiness of the list before calling this assertion predicate.,OPEN,5min
MINOR,CODE_SMELL,batch-orchestrator/src/test/java/io/github/pinpols/batch/orchestrator/application/service/task/DefaultTaskAssignmentServiceTest.java,439,java:S6068,"Remove this and every subsequent useless ""eq(...)"" invocation; pass the values directly.",OPEN,2min
MINOR,CODE_SMELL,batch-worker/import/src/main/java/io/github/pinpols/batch/worker/imports/preprocess/ImportPreprocessPipeline.java,500,java:S1905,"Remove this unnecessary cast to ""long"".",OPEN,5min
MINOR,CODE_SMELL,batch-orchestrator/src/test/java/io/github/pinpols/batch/orchestrator/infrastructure/mybatis/JsonbStringTypeHandlerTest.java,58,java:S8924,"Use a static import for ""verify"".",OPEN,5min
MINOR,BUG,batch-worker/core/src/main/java/io/github/pinpols/batch/worker/core/support/AbstractTaskConsumer.java,147,java:S3077,"Use a thread-safe type; adding ""volatile"" is not enough to make this field thread-safe.",OPEN,20min
MINOR,CODE_SMELL,batch-orchestrator/src/test/java/io/github/pinpols/batch/orchestrator/infrastructure/OrchestratorGracefulShutdownTest.java,55,java:S5838,"Use assertThat(actual).containsEntry(key, value) instead.",OPEN,5min
MINOR,CODE_SMELL,batch-console-api/src/test/java/io/github/pinpols/batch/console/domain/notification/service/AliyunSmsProviderTest.java,117,java:S5838,"Use assertThat(actual).containsEntry(key, value) instead.",OPEN,5min
MINOR,CODE_SMELL,batch-console-api/src/test/java/io/github/pinpols/batch/console/domain/rbac/support/ConsoleTenantGuardTest.java,167,java:S1612,Replace this lambda with method reference 'tenantGuard::currentTenantScopeOrNull'.,OPEN,2min
MINOR,CODE_SMELL,batch-worker/core/src/test/java/io/github/pinpols/batch/worker/core/application/TaskDispatchExecutorTest.java,43,java:S6068,"Remove this and every subsequent useless ""eq(...)"" invocation; pass the values directly.",OPEN,2min
MINOR,CODE_SMELL,batch-common/src/test/java/io/github/pinpols/batch/common/health/ObjectStoreStartupCheckTest.java,153,java:S2924,"Remove this unused ""TempDir"".",OPEN,5min
MINOR,CODE_SMELL,batch-orchestrator/src/test/java/io/github/pinpols/batch/orchestrator/application/service/DefaultTaskCreationServiceTest.java,174,java:S5838,Use isZero() instead.,OPEN,5min
MINOR,CODE_SMELL,batch-orchestrator/src/main/java/io/github/pinpols/batch/orchestrator/infrastructure/archive/OutboxArchiveScheduler.java,68,java:S135,Reduce the total number of break and continue statements in this loop to use at most one.,OPEN,40min
MINOR,BUG,batch-common/src/main/java/io/github/pinpols/batch/common/utils/OtelTraceContext.java,40,java:S2637,"This method's return value is marked ""@NullMarked at package level"" but null is returned.",OPEN,15min
MINOR,CODE_SMELL,batch-worker/dispatch/src/test/java/io/github/pinpols/batch/worker/dispatchs/stage/PrepareDispatchStepTest.java,114,java:S6068,"Remove this and every subsequent useless ""eq(...)"" invocation; pass the values directly.",OPEN,2min
MINOR,CODE_SMELL,batch-orchestrator/src/test/java/io/github/pinpols/batch/orchestrator/application/trigger/TriggerLaunchConsumerTest.java,132,java:S8924,"Use a static import for ""never"".",OPEN,5min
MINOR,CODE_SMELL,batch-orchestrator/src/test/java/io/github/pinpols/batch/orchestrator/application/service/task/DefaultTaskAssignmentServiceTest.java,286,java:S6068,"Remove this and every subsequent useless ""eq(...)"" invocation; pass the values directly.",OPEN,2min
MINOR,CODE_SMELL,batch-orchestrator/src/test/java/io/github/pinpols/batch/orchestrator/application/service/workflow/BizDateArithmeticTest.java,57,java:S8694,"Use a ""java.time.Month"" enum constant instead of this int literal.",OPEN,5min
MINOR,CODE_SMELL,batch-console-api/src/test/java/io/github/pinpols/batch/console/config/ConsoleSecurityConfigurationTest.java,53,java:S8924,"Use a static import for ""when"".",OPEN,5min
MINOR,CODE_SMELL,batch-orchestrator/src/test/java/io/github/pinpols/batch/orchestrator/service/DefaultWorkerRegistryServiceTest.java,228,java:S6068,"Remove this and every subsequent useless ""eq(...)"" invocation; pass the values directly.",OPEN,2min
MINOR,CODE_SMELL,batch-orchestrator/src/test/java/io/github/pinpols/batch/orchestrator/integration/LineageEvidenceArchiveFallbackIntegrationTest.java,89,java:S5838,"Use assertThat(actual).containsEntry(key, value) instead.",OPEN,5min
MINOR,BUG,batch-console-api/src/test/java/io/github/pinpols/batch/console/integration/ConsolePushApprovalNotificationMapperIntegrationTest.java,61,java:S5841,Test the emptiness of the list before calling this assertion predicate.,OPEN,5min
MINOR,CODE_SMELL,batch-orchestrator/src/test/java/io/github/pinpols/batch/orchestrator/service/DefaultLaunchServiceTest.java,306,java:S8694,"Use a ""java.time.Month"" enum constant instead of this int literal.",OPEN,5min
MINOR,CODE_SMELL,batch-console-api/src/test/java/io/github/pinpols/batch/console/domain/rbac/support/captcha/AliyunCaptchaVerifierTest.java,133,java:S5838,"Use assertThat(actual).containsEntry(key, value) instead.",OPEN,5min
MINOR,CODE_SMELL,batch-orchestrator/src/test/java/io/github/pinpols/batch/orchestrator/application/service/DefaultCompensationServiceTest.java,70,java:S8924,"Use a static import for ""when"".",OPEN,5min
MINOR,CODE_SMELL,batch-orchestrator/src/test/java/io/github/pinpols/batch/orchestrator/application/service/replay/BatchDayReplayServiceTest.java,123,java:S8694,"Use a ""java.time.Month"" enum constant instead of this int literal.",OPEN,5min
MINOR,CODE_SMELL,batch-worker/export/src/test/java/io/github/pinpols/batch/worker/exports/stage/PrepareStepTest.java,43,java:S6068,"Remove this and every subsequent useless ""eq(...)"" invocation; pass the values directly.",OPEN,2min
MINOR,CODE_SMELL,batch-console-api/src/test/java/io/github/pinpols/batch/console/domain/ops/service/ConsoleClusterDiagnosticServiceTest.java,141,java:S5838,"Use assertThat(actual).containsEntry(key, value) instead.",OPEN,5min
MINOR,CODE_SMELL,batch-orchestrator/src/test/java/io/github/pinpols/batch/orchestrator/infrastructure/scheduler/BatchDayOpenSchedulerTest.java,102,java:S8694,"Use a ""java.time.Month"" enum constant instead of this int literal.",OPEN,5min
MINOR,CODE_SMELL,batch-orchestrator/src/test/java/io/github/pinpols/batch/orchestrator/application/service/task/DefaultTaskAssignmentServiceTest.java,165,java:S6068,"Remove this and every subsequent useless ""eq(...)"" invocation; pass the values directly.",OPEN,2min
MINOR,CODE_SMELL,sdk/java/core/src/test/java/io/github/pinpols/batch/sdk/task/SdkTaskContextTest.java,15,java:S8694,"Use a ""java.time.Month"" enum constant instead of this int literal.",OPEN,5min
MINOR,CODE_SMELL,batch-worker/atomic/src/main/java/io/github/pinpols/batch/worker/atomic/http/HttpTaskExecutor.java,627,java:S135,Reduce the total number of break and continue statements in this loop to use at most one.,OPEN,20min
MINOR,CODE_SMELL,batch-orchestrator/src/test/java/io/github/pinpols/batch/orchestrator/infrastructure/file/FileGovernanceArrivalGroupGuardTest.java,138,java:S5838,"Use assertThat(actual).containsEntry(key, value) instead.",OPEN,5min
MINOR,CODE_SMELL,batch-orchestrator/src/test/java/io/github/pinpols/batch/orchestrator/application/trigger/TriggerRequestLaunchReconcilerTest.java,48,java:S1130,"Remove the declaration of thrown exception 'java.lang.Exception', as it cannot be thrown from method's body.",OPEN,5min
MINOR,CODE_SMELL,batch-orchestrator/src/main/java/io/github/pinpols/batch/orchestrator/application/service/workflow/WorkflowGraphValidator.java,59,java:S6353,Use concise character class syntax '\\w' instead of '[A-Za-z0-9_]'.,OPEN,5min
MINOR,CODE_SMELL,batch-console-api/src/test/java/io/github/pinpols/batch/console/infrastructure/config/DefaultConsoleTenantConfigInitApplicationServiceTest.java,362,java:S5838,Use isZero() instead.,OPEN,5min
MINOR,CODE_SMELL,batch-worker/import/src/test/java/io/github/pinpols/batch/worker/imports/stage/ParseStepPartitionSliceTest.java,88,java:S1130,"Remove the declaration of thrown exception 'java.lang.Exception', as it cannot be thrown from method's body.",OPEN,5min
MINOR,CODE_SMELL,batch-orchestrator/src/test/java/io/github/pinpols/batch/orchestrator/application/service/DefaultCompensationServiceTest.java,279,java:S8924,"Use a static import for ""verify"".",OPEN,5min
MINOR,CODE_SMELL,batch-orchestrator/src/test/java/io/github/pinpols/batch/orchestrator/integration/MultiTenantIsolationIntegrationTest.java,48,java:S8694,"Use a ""java.time.Month"" enum constant instead of this int literal.",OPEN,5min
MINOR,CODE_SMELL,batch-orchestrator/src/test/java/io/github/pinpols/batch/orchestrator/application/service/asset/AssetFreshnessPolicyServiceTest.java,109,java:S8694,"Use a ""java.time.Month"" enum constant instead of this int literal.",OPEN,5min
MINOR,BUG,batch-console-api/src/test/java/io/github/pinpols/batch/console/integration/ConsolePushJobNotificationMapperIntegrationTest.java,104,java:S5841,Test the emptiness of the list before calling this assertion predicate.,OPEN,5min
MINOR,CODE_SMELL,batch-orchestrator/src/main/java/io/github/pinpols/batch/orchestrator/infrastructure/lineage/OpenLineageEmitter.java,236,java:S135,Reduce the total number of break and continue statements in this loop to use at most one.,OPEN,20min
MINOR,CODE_SMELL,batch-worker/dispatch/src/test/java/io/github/pinpols/batch/worker/dispatchs/stage/AckDispatchStepTest.java,77,java:S5838,"Use assertThat(actual).containsEntry(key, value) instead.",OPEN,5min
MINOR,CODE_SMELL,batch-worker/atomic/src/test/java/io/github/pinpols/batch/worker/atomic/shell/ShellTaskExecutorTest.java,240,java:S5853,Join these multiple assertions subject to one assertion chain.,OPEN,5min
MINOR,CODE_SMELL,batch-orchestrator/src/test/java/io/github/pinpols/batch/orchestrator/application/service/workflow/BizDateArithmeticTest.java,74,java:S8694,"Use a ""java.time.Month"" enum constant instead of this int literal.",OPEN,5min
MINOR,CODE_SMELL,batch-orchestrator/src/test/java/io/github/pinpols/batch/orchestrator/application/service/task/DefaultTaskAssignmentServiceTest.java,123,java:S6068,"Remove this and every subsequent useless ""eq(...)"" invocation; pass the values directly.",OPEN,2min
MINOR,CODE_SMELL,batch-orchestrator/src/test/java/io/github/pinpols/batch/orchestrator/application/service/workflow/DefaultWorkflowNodeDispatchServiceAllTypesTest.java,183,java:S6068,"Remove this and every subsequent useless ""eq(...)"" invocation; pass the values directly.",OPEN,2min
MINOR,CODE_SMELL,batch-orchestrator/src/test/java/io/github/pinpols/batch/orchestrator/service/BatchDayGateServiceTest.java,77,java:S8694,"Use a ""java.time.Month"" enum constant instead of this int literal.",OPEN,5min
MINOR,CODE_SMELL,batch-orchestrator/src/test/java/io/github/pinpols/batch/orchestrator/integration/BundleLaunchPartitionExpansionIntegrationTest.java,37,java:S8694,"Use a ""java.time.Month"" enum constant instead of this int literal.",OPEN,5min
MINOR,CODE_SMELL,batch-orchestrator/src/test/java/io/github/pinpols/batch/orchestrator/application/service/task/DefaultTaskAssignmentServiceTest.java,208,java:S6068,"Remove this and every subsequent useless ""eq(...)"" invocation; pass the values directly.",OPEN,2min
MINOR,CODE_SMELL,batch-orchestrator/src/test/java/io/github/pinpols/batch/orchestrator/service/DefaultLaunchServiceTest.java,375,java:S5838,Use isZero() instead.,OPEN,5min
MINOR,CODE_SMELL,batch-console-api/src/main/java/io/github/pinpols/batch/console/domain/file/infrastructure/DefaultConsoleFileTemplateApplicationService.java,325,java:S135,Reduce the total number of break and continue statements in this loop to use at most one.,OPEN,20min
MINOR,CODE_SMELL,batch-console-api/src/test/java/io/github/pinpols/batch/console/domain/notification/web/response/NotificationMapResponseJacksonTest.java,107,java:S5853,Join these multiple assertions subject to one assertion chain.,OPEN,5min
MINOR,CODE_SMELL,batch-console-api/src/test/java/io/github/pinpols/batch/console/domain/job/web/ConsoleResultVersionControllerTest.java,162,java:S8924,"Use a static import for ""never"".",OPEN,5min
MINOR,CODE_SMELL,batch-console-api/src/main/java/io/github/pinpols/batch/console/domain/notification/service/AlertmanagerSilenceBridge.java,54,java:S1075,Refactor your code to get this URI from a customizable parameter.,OPEN,20min
MINOR,BUG,batch-common/src/main/java/io/github/pinpols/batch/common/utils/PostgresqlJsonbTexts.java,27,java:S2637,"This method's return value is marked ""@NullMarked at package level"" but null is returned.",OPEN,15min
MINOR,CODE_SMELL,batch-orchestrator/src/main/java/io/github/pinpols/batch/orchestrator/infrastructure/scheduler/DefaultResourceScheduler.java,359,java:S1905,"Remove this unnecessary cast to ""long"".",OPEN,5min
MINOR,CODE_SMELL,batch-console-api/src/main/java/io/github/pinpols/batch/console/domain/file/infrastructure/DefaultConsoleFileTemplateApplicationService.java,144,java:S1125,Remove the unnecessary boolean literal.,OPEN,5min
MINOR,CODE_SMELL,batch-console-api/src/test/java/io/github/pinpols/batch/console/domain/rbac/service/ConsoleUserAccountServiceTest.java,221,java:S6068,"Remove this and every subsequent useless ""eq(...)"" invocation; pass the values directly.",OPEN,2min
MINOR,CODE_SMELL,batch-orchestrator/src/test/java/io/github/pinpols/batch/orchestrator/service/BatchDayGateServiceTest.java,157,java:S8694,"Use a ""java.time.Month"" enum constant instead of this int literal.",OPEN,5min
MINOR,CODE_SMELL,batch-console-api/src/test/java/io/github/pinpols/batch/console/domain/workflow/infrastructure/WorkflowMermaidRendererTest.java,46,java:S5853,Join these multiple assertions subject to one assertion chain.,OPEN,5min
MINOR,CODE_SMELL,batch-console-api/src/test/java/io/github/pinpols/batch/console/domain/rbac/support/ConsoleLoginServiceTest.java,88,java:S8924,"Use a static import for ""when"".",OPEN,5min
MINOR,CODE_SMELL,batch-orchestrator/src/test/java/io/github/pinpols/batch/orchestrator/web/WorkerControllerTest.java,54,java:S6068,"Remove this and every subsequent useless ""eq(...)"" invocation; pass the values directly.",OPEN,2min
MINOR,CODE_SMELL,batch-orchestrator/src/test/java/io/github/pinpols/batch/orchestrator/infrastructure/scheduler/BatchDayOpenSchedulerTest.java,151,java:S8694,"Use a ""java.time.Month"" enum constant instead of this int literal.",OPEN,5min
MINOR,CODE_SMELL,batch-orchestrator/src/test/java/io/github/pinpols/batch/orchestrator/web/WorkerControllerTest.java,155,java:S6068,"Remove this and every subsequent useless ""eq(...)"" invocation; pass the values directly.",OPEN,2min
MINOR,CODE_SMELL,batch-console-api/src/main/java/io/github/pinpols/batch/console/domain/notification/infrastructure/DefaultConsoleNotificationApplicationService.java,217,java:S1488,"Immediately return this expression instead of assigning it to the temporary variable ""rule"".",OPEN,2min
MINOR,CODE_SMELL,batch-orchestrator/src/main/java/io/github/pinpols/batch/orchestrator/infrastructure/scheduler/BatchDayReplayDispatcher.java,90,java:S135,Reduce the total number of break and continue statements in this loop to use at most one.,OPEN,40min
MINOR,CODE_SMELL,batch-orchestrator/src/test/java/io/github/pinpols/batch/orchestrator/service/CutoffScheduleResolverTest.java,28,java:S8694,"Use a ""java.time.Month"" enum constant instead of this int literal.",OPEN,5min
MINOR,CODE_SMELL,batch-orchestrator/src/test/java/io/github/pinpols/batch/orchestrator/application/service/task/DefaultTaskAssignmentServiceTest.java,149,java:S6068,"Remove this and every subsequent useless ""eq(...)"" invocation; pass the values directly.",OPEN,2min
MINOR,BUG,batch-worker/core/src/main/java/io/github/pinpols/batch/worker/core/infrastructure/HttpWorkerRegistryClient.java,34,java:S3077,"Use a thread-safe type; adding ""volatile"" is not enough to make this field thread-safe.",OPEN,20min
MINOR,CODE_SMELL,batch-orchestrator/src/test/java/io/github/pinpols/batch/orchestrator/application/service/sensor/SensorStateMachineTest.java,84,java:S8924,"Use a static import for ""mock"".",OPEN,5min
MINOR,CODE_SMELL,batch-orchestrator/src/test/java/io/github/pinpols/batch/orchestrator/service/CutoffScheduleResolverTest.java,22,java:S8694,"Use a ""java.time.Month"" enum constant instead of this int literal.",OPEN,5min
MINOR,CODE_SMELL,batch-orchestrator/src/test/java/io/github/pinpols/batch/orchestrator/application/service/forensic/ForensicExportServiceTest.java,77,java:S8694,"Use a ""java.time.Month"" enum constant instead of this int literal.",OPEN,5min
MINOR,CODE_SMELL,batch-worker/core/src/main/java/io/github/pinpols/batch/worker/core/application/TaskDispatchExecutor.java,95,java:S135,Reduce the total number of break and continue statements in this loop to use at most one.,OPEN,20min
MINOR,CODE_SMELL,batch-common/src/test/java/io/github/pinpols/batch/common/utils/JsonUtilsTest.java,18,java:S5838,"Use assertThat(actual).containsEntry(key, value) instead.",OPEN,5min
MINOR,CODE_SMELL,batch-worker/core/src/test/java/io/github/pinpols/batch/worker/core/support/AbstractTaskConsumerTest.java,424,java:S1488,"Immediately return this expression instead of assigning it to the temporary variable ""consumer"".",OPEN,2min
MINOR,CODE_SMELL,sdk/java/core/src/test/java/io/github/pinpols/batch/sdk/dispatcher/TaskDispatcherP0HardeningTest.java,126,java:S5853,Join these multiple assertions subject to one assertion chain.,OPEN,5min
MINOR,CODE_SMELL,batch-orchestrator/src/test/java/io/github/pinpols/batch/orchestrator/service/BatchDayGateServiceTest.java,144,java:S8694,"Use a ""java.time.Month"" enum constant instead of this int literal.",OPEN,5min
MINOR,CODE_SMELL,batch-orchestrator/src/main/java/io/github/pinpols/batch/orchestrator/application/service/task/DefaultTaskOutcomeService.java,707,java:S135,Reduce the total number of break and continue statements in this loop to use at most one.,OPEN,20min
MINOR,CODE_SMELL,batch-console-api/src/main/java/io/github/pinpols/batch/console/infrastructure/excel/ConfigPackageExcelWorkbookWriter.java,198,java:S2386,"Make this member ""protected"".",OPEN,15min
MINOR,CODE_SMELL,batch-console-api/src/test/java/io/github/pinpols/batch/console/domain/rbac/support/ConsoleLoginServiceTest.java,59,java:S8924,"Use a static import for ""when"".",OPEN,5min
MINOR,CODE_SMELL,batch-orchestrator/src/test/java/io/github/pinpols/batch/orchestrator/infrastructure/scheduler/BatchDayOpenSchedulerTest.java,114,java:S8694,"Use a ""java.time.Month"" enum constant instead of this int literal.",OPEN,5min
MINOR,CODE_SMELL,batch-console-api/src/test/java/io/github/pinpols/batch/console/domain/workflow/web/response/WorkflowMapResponseJacksonTest.java,67,java:S5853,Join these multiple assertions subject to one assertion chain.,OPEN,5min
MINOR,CODE_SMELL,batch-console-api/src/test/java/io/github/pinpols/batch/console/integration/ConsoleAlertRoutingMutationIntegrationTest.java,60,java:S5838,"Use assertThat(actual).containsEntry(key, value) instead.",OPEN,5min
MINOR,CODE_SMELL,batch-console-api/src/test/java/io/github/pinpols/batch/console/integration/ConsoleQuotaPolicyMutationIntegrationTest.java,57,java:S5838,"Use assertThat(actual).containsEntry(key, value) instead.",OPEN,5min
MINOR,CODE_SMELL,batch-console-api/src/test/java/io/github/pinpols/batch/console/domain/notification/web/response/NotificationMapResponseJacksonTest.java,140,java:S5853,Join these multiple assertions subject to one assertion chain.,OPEN,5min
MINOR,CODE_SMELL,batch-orchestrator/src/test/java/io/github/pinpols/batch/orchestrator/integration/FileGovernanceIntegrationTest.java,243,java:S5838,"Use assertThat(actual).containsEntry(key, value) instead.",OPEN,5min
MINOR,CODE_SMELL,batch-worker/atomic/src/test/java/io/github/pinpols/batch/worker/atomic/http/HttpTaskExecutorTest.java,347,java:S5838,Use assertThat(actual).hasSize(expected) instead.,OPEN,5min
MINOR,CODE_SMELL,batch-console-api/src/test/java/io/github/pinpols/batch/console/domain/ops/service/ConsoleClusterDiagnosticServiceTest.java,151,java:S5838,"Use assertThat(actual).containsEntry(key, value) instead.",OPEN,5min
MINOR,CODE_SMELL,batch-worker/core/src/test/java/io/github/pinpols/batch/worker/core/infrastructure/GracefulKafkaShutdownTest.java,124,java:S8924,"Use a static import for ""never"".",OPEN,5min
MINOR,CODE_SMELL,batch-console-api/src/test/java/io/github/pinpols/batch/console/domain/ops/service/ConsoleClusterDiagnosticServiceTest.java,100,java:S5838,"Use assertThat(actual).containsEntry(key, value) instead.",OPEN,5min
MINOR,CODE_SMELL,batch-orchestrator/src/test/java/io/github/pinpols/batch/orchestrator/integration/BundleLaunchPartitionExpansionIntegrationTest.java,87,java:S5838,"Use assertThat(actual).containsEntry(key, value) instead.",OPEN,5min
MINOR,CODE_SMELL,batch-common/src/test/java/io/github/pinpols/batch/common/utils/JsonUtilsTest.java,17,java:S5838,"Use assertThat(actual).containsEntry(key, value) instead.",OPEN,5min
MINOR,CODE_SMELL,batch-worker/atomic/src/main/java/io/github/pinpols/batch/worker/atomic/sql/SqlTaskExecutor.java,172,java:S6201,Replace this instanceof check and cast with 'instanceof String string',OPEN,5min
MINOR,CODE_SMELL,batch-worker/export/src/test/java/io/github/pinpols/batch/worker/exports/stage/RegisterStepTest.java,63,java:S6068,"Remove this and every subsequent useless ""eq(...)"" invocation; pass the values directly.",OPEN,2min
MINOR,CODE_SMELL,batch-orchestrator/src/test/java/io/github/pinpols/batch/orchestrator/application/service/task/DefaultPartitionLifecycleServiceTest.java,281,java:S5838,"Use assertThat(actual).containsEntry(key, value) instead.",OPEN,5min
MINOR,CODE_SMELL,sdk/java/core/src/test/java/io/github/pinpols/batch/sdk/dispatcher/TaskDispatcherClaimJitterTest.java,55,java:S5853,Join these multiple assertions subject to one assertion chain.,OPEN,5min
MINOR,CODE_SMELL,batch-console-api/src/main/java/io/github/pinpols/batch/console/infrastructure/excel/AbstractSingleSheetExcelService.java,40,java:S119,Rename this generic name to match the regular expression '^[A-Z][0-9]?$'.,OPEN,10min
MINOR,CODE_SMELL,batch-orchestrator/src/test/java/io/github/pinpols/batch/orchestrator/infrastructure/scheduler/CrossDayDependencyReconcilerTest.java,124,java:S8694,"Use a ""java.time.Month"" enum constant instead of this int literal.",OPEN,5min
MINOR,CODE_SMELL,batch-orchestrator/src/test/java/io/github/pinpols/batch/orchestrator/application/service/workflow/BizDateArithmeticTest.java,68,java:S8694,"Use a ""java.time.Month"" enum constant instead of this int literal.",OPEN,5min
MINOR,CODE_SMELL,batch-orchestrator/src/test/java/io/github/pinpols/batch/orchestrator/application/engine/DefaultScheduleForwarderSetBasedTest.java,104,java:S6068,"Remove this and every subsequent useless ""eq(...)"" invocation; pass the values directly.",OPEN,2min
MINOR,CODE_SMELL,batch-console-api/src/test/java/io/github/pinpols/batch/console/config/ConsoleSecurityConfigurationTest.java,60,java:S8924,"Use a static import for ""mock"".",OPEN,5min
MINOR,CODE_SMELL,batch-worker/dispatch/src/test/java/io/github/pinpols/batch/worker/dispatchs/infrastructure/ChannelConfigMergeTest.java,91,java:S5838,"Use assertThat(actual).containsEntry(key, value) instead.",OPEN,5min
MINOR,BUG,batch-common/src/main/java/io/github/pinpols/batch/common/utils/CodeNormalizer.java,99,java:S2637,"This method's return value is marked ""@NullMarked at package level"" but null is returned.",OPEN,15min
MINOR,CODE_SMELL,batch-orchestrator/src/test/java/io/github/pinpols/batch/orchestrator/infrastructure/lineage/OpenLineageEmitterTest.java,69,java:S5838,"Use assertThat(actual).containsEntry(key, value) instead.",OPEN,5min
MINOR,CODE_SMELL,batch-worker/core/src/test/java/io/github/pinpols/batch/worker/core/infrastructure/checkpoint/DefaultProcessingPositionStoreTest.java,149,java:S6068,"Remove this and every subsequent useless ""eq(...)"" invocation; pass the values directly.",OPEN,2min
MINOR,CODE_SMELL,batch-console-api/src/test/java/io/github/pinpols/batch/console/config/RouteToPrimaryAspectTest.java,55,java:S8924,"Use a static import for ""mock"".",OPEN,5min
MINOR,CODE_SMELL,batch-orchestrator/src/test/java/io/github/pinpols/batch/orchestrator/application/service/asset/AssetFreshnessPolicyServiceTest.java,68,java:S8694,"Use a ""java.time.Month"" enum constant instead of this int literal.",OPEN,5min
MINOR,CODE_SMELL,batch-orchestrator/src/test/java/io/github/pinpols/batch/orchestrator/service/BatchDayOperationServiceTest.java,72,java:S8694,"Use a ""java.time.Month"" enum constant instead of this int literal.",OPEN,5min
MINOR,CODE_SMELL,batch-console-api/src/test/java/io/github/pinpols/batch/console/integration/ConsoleRealtimeReplayStoreIntegrationTest.java,93,java:S5853,Join these multiple assertions subject to one assertion chain.,OPEN,5min
MINOR,CODE_SMELL,batch-console-api/src/test/java/io/github/pinpols/batch/console/domain/observability/web/ConsoleQueryControllerTest.java,430,java:S8694,"Use a ""java.time.Month"" enum constant instead of this int literal.",OPEN,5min
MINOR,CODE_SMELL,batch-worker/dispatch/src/test/java/io/github/pinpols/batch/worker/dispatchs/infrastructure/channel/DispatchChannelCircuitBreakerTest.java,95,java:S5838,Use isZero() instead.,OPEN,5min
MINOR,CODE_SMELL,batch-orchestrator/src/test/java/io/github/pinpols/batch/orchestrator/application/service/replay/BatchDayReplayServiceTest.java,169,java:S8694,"Use a ""java.time.Month"" enum constant instead of this int literal.",OPEN,5min
MINOR,CODE_SMELL,batch-trigger/src/main/java/io/github/pinpols/batch/trigger/infrastructure/scheduler/BatchDayCutoffScheduler.java,60,java:S135,Reduce the total number of break and continue statements in this loop to use at most one.,OPEN,20min
MINOR,BUG,batch-console-api/src/test/java/io/github/pinpols/batch/console/integration/ConsolePushApprovalNotificationMapperIntegrationTest.java,85,java:S5841,Test the emptiness of the list before calling this assertion predicate.,OPEN,5min
MINOR,CODE_SMELL,batch-orchestrator/src/test/java/io/github/pinpols/batch/orchestrator/application/service/asset/AssetPartitionServiceTest.java,178,java:S8694,"Use a ""java.time.Month"" enum constant instead of this int literal.",OPEN,5min
MINOR,CODE_SMELL,batch-orchestrator/src/test/java/io/github/pinpols/batch/orchestrator/service/DefaultLaunchServiceTest.java,205,java:S5838,"Use assertThat(actual).containsEntry(key, value) instead.",OPEN,5min
MINOR,CODE_SMELL,batch-console-api/src/test/java/io/github/pinpols/batch/console/domain/notification/service/TencentSmsProviderTest.java,146,java:S5838,"Use assertThat(actual).containsEntry(key, value) instead.",OPEN,5min
MINOR,CODE_SMELL,batch-worker/import/src/test/java/io/github/pinpols/batch/worker/imports/stage/LoadStepCheckpointPrecheckTest.java,73,java:S2924,"Remove this unused ""TempDir"".",OPEN,5min
MINOR,CODE_SMELL,batch-console-api/src/main/java/io/github/pinpols/batch/console/infrastructure/excel/CronExpressionFormatRule.java,34,java:S135,Reduce the total number of break and continue statements in this loop to use at most one.,OPEN,20min
MINOR,CODE_SMELL,batch-orchestrator/src/test/java/io/github/pinpols/batch/orchestrator/application/service/workflow/BizDateArithmeticTest.java,120,java:S8694,"Use a ""java.time.Month"" enum constant instead of this int literal.",OPEN,5min
MINOR,CODE_SMELL,batch-orchestrator/src/test/java/io/github/pinpols/batch/orchestrator/infrastructure/scheduler/BatchDayOpenSchedulerTest.java,147,java:S8694,"Use a ""java.time.Month"" enum constant instead of this int literal.",OPEN,5min
MINOR,CODE_SMELL,batch-console-api/src/test/java/io/github/pinpols/batch/console/domain/notification/service/AlertmanagerNotifyServiceTest.java,198,java:S6068,"Remove this and every subsequent useless ""eq(...)"" invocation; pass the values directly.",OPEN,2min
MINOR,CODE_SMELL,batch-common/src/test/java/io/github/pinpols/batch/common/persistence/mybatis/AuditFieldsInterceptorTest.java,123,java:S8924,"Use a static import for ""mock"".",OPEN,5min
MINOR,CODE_SMELL,batch-orchestrator/src/test/java/io/github/pinpols/batch/orchestrator/service/DefaultLaunchServiceTest.java,462,java:S8694,"Use a ""java.time.Month"" enum constant instead of this int literal.",OPEN,5min
MINOR,CODE_SMELL,batch-worker/export/src/test/java/io/github/pinpols/batch/worker/exports/stage/RegisterStepTest.java,85,java:S6068,"Remove this useless ""eq(...)"" invocation; pass the values directly.",OPEN,2min
MINOR,CODE_SMELL,batch-orchestrator/src/main/java/io/github/pinpols/batch/orchestrator/application/service/workflow/WorkflowGraphValidator.java,332,java:S135,Reduce the total number of break and continue statements in this loop to use at most one.,OPEN,40min
MINOR,CODE_SMELL,batch-console-api/src/main/java/io/github/pinpols/batch/console/infrastructure/excel/ConfigPackageExcelValidator.java,163,java:S2386,"Make this member ""protected"".",OPEN,15min
MINOR,CODE_SMELL,batch-worker/core/src/test/java/io/github/pinpols/batch/worker/core/infrastructure/DeadLetterPublisherTest.java,54,java:S5853,Join these multiple assertions subject to one assertion chain.,OPEN,5min
MINOR,CODE_SMELL,batch-console-api/src/test/java/io/github/pinpols/batch/console/domain/audit/infrastructure/ai/DefaultConsoleAiApplicationServiceTest.java,143,java:S8924,"Use a static import for ""doThrow"".",OPEN,5min
MINOR,CODE_SMELL,batch-worker/dispatch/src/test/java/io/github/pinpols/batch/worker/dispatchs/stage/AckDispatchStepTest.java,112,java:S5838,"Use assertThat(actual).containsEntry(key, value) instead.",OPEN,5min
MINOR,CODE_SMELL,batch-console-api/src/main/java/io/github/pinpols/batch/console/infrastructure/excel/ConfigPackageExcelWorkbookWriter.java,215,java:S2386,"Make this member ""protected"".",OPEN,15min
MINOR,CODE_SMELL,batch-orchestrator/src/test/java/io/github/pinpols/batch/orchestrator/application/service/task/DefaultTaskAssignmentServiceTest.java,153,java:S6068,"Remove this and every subsequent useless ""eq(...)"" invocation; pass the values directly.",OPEN,2min
MINOR,CODE_SMELL,batch-orchestrator/src/test/java/io/github/pinpols/batch/orchestrator/service/DefaultWorkerRegistryServiceTest.java,334,java:S6068,"Remove this and every subsequent useless ""eq(...)"" invocation; pass the values directly.",OPEN,2min
MINOR,CODE_SMELL,batch-worker/core/src/test/java/io/github/pinpols/batch/worker/core/infrastructure/checkpoint/DefaultProcessingPositionStoreTest.java,131,java:S6068,"Remove this and every subsequent useless ""eq(...)"" invocation; pass the values directly.",OPEN,2min
MINOR,CODE_SMELL,batch-orchestrator/src/main/java/io/github/pinpols/batch/orchestrator/service/LaunchBatchDayService.java,522,java:S1488,"Immediately return this expression instead of assigning it to the temporary variable ""catchUpRequest"".",OPEN,2min
MINOR,CODE_SMELL,sdk/java/core/src/test/java/io/github/pinpols/batch/sdk/dispatcher/SdkPlatformContractTest.java,141,java:S5838,"Use assertThat(actual).containsEntry(key, value) instead.",OPEN,5min
MINOR,CODE_SMELL,batch-console-api/src/test/java/io/github/pinpols/batch/console/infrastructure/config/DefaultConsoleTenantConfigInitApplicationServiceTest.java,361,java:S5838,Use isZero() instead.,OPEN,5min
MINOR,CODE_SMELL,batch-orchestrator/src/test/java/io/github/pinpols/batch/orchestrator/application/service/dryrun/DefaultDryRunPlanServiceTest.java,160,java:S8694,"Use a ""java.time.Month"" enum constant instead of this int literal.",OPEN,5min
MINOR,CODE_SMELL,batch-orchestrator/src/main/java/io/github/pinpols/batch/orchestrator/application/service/governance/DefaultFileGovernanceService.java,387,java:S135,Reduce the total number of break and continue statements in this loop to use at most one.,OPEN,20min
MINOR,CODE_SMELL,batch-console-api/src/test/java/io/github/pinpols/batch/console/support/cache/ConsoleQueryCacheServiceTest.java,27,java:S5853,Join these multiple assertions subject to one assertion chain.,OPEN,5min
MINOR,BUG,batch-worker/process/src/main/java/io/github/pinpols/batch/worker/processes/metrics/ProcessMetrics.java,47,java:S3077,"Use a thread-safe type; adding ""volatile"" is not enough to make this field thread-safe.",OPEN,20min
MINOR,CODE_SMELL,batch-orchestrator/src/test/java/io/github/pinpols/batch/orchestrator/integration/LineageEvidenceArchiveFallbackIntegrationTest.java,87,java:S5838,"Use assertThat(actual).containsEntry(key, value) instead.",OPEN,5min
MINOR,CODE_SMELL,batch-console-api/src/test/java/io/github/pinpols/batch/console/domain/ops/service/ConsoleClusterDiagnosticServiceTest.java,87,java:S5838,"Use assertThat(actual).containsEntry(key, value) instead.",OPEN,5min
MINOR,CODE_SMELL,batch-console-api/src/main/java/io/github/pinpols/batch/console/infrastructure/config/DefaultConsoleTenantConfigPackageExcelApplicationService.java,495,java:S1659,"Declare ""updated"" on a separate line.",OPEN,2min
MINOR,CODE_SMELL,batch-console-api/src/main/java/io/github/pinpols/batch/console/config/ConsoleSecurityConfiguration.java,95,java:S1130,"Remove the declaration of thrown exception 'java.lang.Exception', as it cannot be thrown from method's body.",OPEN,5min
MINOR,CODE_SMELL,batch-trigger/src/test/java/io/github/pinpols/batch/trigger/service/CalendarBizDateResolverTest.java,58,java:S8694,"Use a ""java.time.Month"" enum constant instead of this int literal.",OPEN,5min
MINOR,CODE_SMELL,sdk/java/core/src/test/java/io/github/pinpols/batch/sdk/handler/typed/SdkTypedTaskHandlerTest.java,51,java:S8694,"Use a ""java.time.Month"" enum constant instead of this int literal.",OPEN,5min
MINOR,CODE_SMELL,batch-trigger/src/test/java/io/github/pinpols/batch/trigger/infrastructure/scheduler/BatchDayCutoffSchedulerTest.java,77,java:S8694,"Use a ""java.time.Month"" enum constant instead of this int literal.",OPEN,5min
MINOR,CODE_SMELL,batch-trigger/src/test/java/io/github/pinpols/batch/trigger/service/DefaultTriggerServiceTest.java,180,java:S8694,"Use a ""java.time.Month"" enum constant instead of this int literal.",OPEN,5min
MINOR,CODE_SMELL,batch-console-api/src/test/java/io/github/pinpols/batch/console/integration/SoftDeleteRecoveryIntegrationTest.java,141,java:S5838,"Use assertThat(actual).containsEntry(key, value) instead.",OPEN,5min
MINOR,CODE_SMELL,batch-console-api/src/test/java/io/github/pinpols/batch/console/domain/rbac/support/ConsoleLoginServiceTest.java,109,java:S8924,"Use a static import for ""when"".",OPEN,5min
MINOR,CODE_SMELL,sdk/java/core/src/main/java/io/github/pinpols/batch/sdk/handler/atomic/StoredProcAtomicHandler.java,48,java:S6353,Use concise character class syntax '\\w' instead of '[A-Za-z0-9_]'.,OPEN,5min
MINOR,CODE_SMELL,batch-orchestrator/src/test/java/io/github/pinpols/batch/orchestrator/application/service/sensor/SensorStateMachineTest.java,294,java:S6068,"Remove this and every subsequent useless ""eq(...)"" invocation; pass the values directly.",OPEN,2min
MINOR,CODE_SMELL,batch-console-api/src/main/java/io/github/pinpols/batch/console/domain/ops/dto/SdkPlatformConstants.java,29,java:S2386,"Make this member ""protected"".",OPEN,15min
MINOR,CODE_SMELL,batch-console-api/src/main/java/io/github/pinpols/batch/console/domain/notification/infrastructure/DefaultConsoleNotificationApplicationService.java,109,java:S1488,"Immediately return this expression instead of assigning it to the temporary variable ""channel"".",OPEN,2min
MINOR,CODE_SMELL,batch-orchestrator/src/test/java/io/github/pinpols/batch/orchestrator/application/archive/SuccessInstanceArchiveServiceTest.java,126,java:S5853,Join these multiple assertions subject to one assertion chain.,OPEN,5min
MINOR,CODE_SMELL,batch-orchestrator/src/test/java/io/github/pinpols/batch/orchestrator/application/service/workflow/BizDateArithmeticTest.java,92,java:S8694,"Use a ""java.time.Month"" enum constant instead of this int literal.",OPEN,5min
MINOR,CODE_SMELL,batch-console-api/src/test/java/io/github/pinpols/batch/console/domain/audit/support/AuditAspectTenantFallbackTest.java,149,java:S8924,"Use a static import for ""when"".",OPEN,5min
MINOR,CODE_SMELL,batch-console-api/src/test/java/io/github/pinpols/batch/console/domain/audit/support/AuditAspectTenantFallbackTest.java,150,java:S8924,"Use a static import for ""when"".",OPEN,5min
MINOR,CODE_SMELL,batch-console-api/src/test/java/io/github/pinpols/batch/console/integration/ConsoleFileTemplateMutationIntegrationTest.java,69,java:S5838,"Use assertThat(actual).containsEntry(key, value) instead.",OPEN,5min
MINOR,CODE_SMELL,batch-worker/import/src/test/java/io/github/pinpols/batch/worker/imports/stage/LoadStepTest.java,298,java:S8924,"Use a static import for ""mock"".",OPEN,5min
MINOR,CODE_SMELL,batch-console-api/src/test/java/io/github/pinpols/batch/console/domain/rbac/support/ConsoleLoginServiceTest.java,62,java:S8924,"Use a static import for ""when"".",OPEN,5min
MINOR,CODE_SMELL,batch-orchestrator/src/test/java/io/github/pinpols/batch/orchestrator/application/service/task/DefaultPartitionLifecycleServiceTest.java,279,java:S5838,"Use assertThat(actual).containsEntry(key, value) instead.",OPEN,5min
MINOR,CODE_SMELL,batch-worker/dispatch/src/test/java/io/github/pinpols/batch/worker/dispatchs/stage/PrepareDispatchStepTest.java,129,java:S5838,"Use assertThat(actual).containsEntry(key, value) instead.",OPEN,5min
MINOR,CODE_SMELL,batch-orchestrator/src/test/java/io/github/pinpols/batch/orchestrator/service/DefaultLaunchValidationServiceTest.java,160,java:S6068,"Remove this and every subsequent useless ""eq(...)"" invocation; pass the values directly.",OPEN,2min
MINOR,CODE_SMELL,batch-trigger/src/test/java/io/github/pinpols/batch/trigger/service/DefaultTriggerServiceTest.java,297,java:S8694,"Use a ""java.time.Month"" enum constant instead of this int literal.",OPEN,5min
MINOR,CODE_SMELL,sdk/java/core/src/test/java/io/github/pinpols/batch/sdk/dispatcher/TaskDispatcherP0HardeningTest.java,85,java:S8924,"Use a static import for ""verify"".",OPEN,5min
MINOR,CODE_SMELL,batch-console-api/src/test/java/io/github/pinpols/batch/console/config/RouteToPrimaryAspectTest.java,39,java:S8924,"Use a static import for ""mock"".",OPEN,5min
MINOR,CODE_SMELL,batch-orchestrator/src/test/java/io/github/pinpols/batch/orchestrator/integration/BundleLaunchPartitionExpansionIntegrationTest.java,90,java:S5838,"Use assertThat(actual).containsEntry(key, value) instead.",OPEN,5min
MINOR,CODE_SMELL,batch-orchestrator/src/main/java/io/github/pinpols/batch/orchestrator/service/LaunchBatchDayService.java,140,java:S1488,"Immediately return this expression instead of assigning it to the temporary variable ""ctx"".",OPEN,2min
MINOR,CODE_SMELL,batch-console-api/src/main/java/io/github/pinpols/batch/console/support/ratelimit/ConsoleRateLimitFilter.java,38,java:S1075,Refactor your code to get this URI from a customizable parameter.,OPEN,20min
MINOR,CODE_SMELL,batch-worker/atomic/src/main/java/io/github/pinpols/batch/worker/atomic/storedproc/StoredProcTaskExecutor.java,312,java:S6201,Replace this instanceof check and cast with 'instanceof String string',OPEN,5min
MINOR,BUG,batch-console-api/src/main/java/io/github/pinpols/batch/console/domain/audit/infrastructure/ai/ConsoleAiKnowledgeBase.java,43,java:S3077,"Use a thread-safe type; adding ""volatile"" is not enough to make this field thread-safe.",OPEN,20min
MINOR,CODE_SMELL,batch-console-api/src/main/java/io/github/pinpols/batch/console/domain/ops/service/ConsoleKafkaLagQueryService.java,50,java:S135,Reduce the total number of break and continue statements in this loop to use at most one.,OPEN,20min
MINOR,CODE_SMELL,batch-console-api/src/main/java/io/github/pinpols/batch/console/infrastructure/config/DefaultConsoleResourceQueueApplicationService.java,79,java:S1125,Remove the unnecessary boolean literal.,OPEN,5min
MINOR,CODE_SMELL,batch-orchestrator/src/test/java/io/github/pinpols/batch/orchestrator/application/service/task/DefaultTaskAssignmentServiceTest.java,135,java:S6068,"Remove this and every subsequent useless ""eq(...)"" invocation; pass the values directly.",OPEN,2min
MINOR,CODE_SMELL,batch-console-api/src/test/java/io/github/pinpols/batch/console/domain/notification/service/TencentSmsProviderTest.java,147,java:S5838,"Use assertThat(actual).containsEntry(key, value) instead.",OPEN,5min
MINOR,CODE_SMELL,batch-worker/process/src/test/java/io/github/pinpols/batch/worker/processes/infrastructure/ProcessStepExecutionAdapterTest.java,89,java:S6068,"Remove this and every subsequent useless ""eq(...)"" invocation; pass the values directly.",OPEN,2min
MINOR,CODE_SMELL,batch-orchestrator/src/test/java/io/github/pinpols/batch/orchestrator/service/CutoffScheduleResolverTest.java,70,java:S8694,"Use a ""java.time.Month"" enum constant instead of this int literal.",OPEN,5min
MINOR,CODE_SMELL,batch-console-api/src/test/java/io/github/pinpols/batch/console/domain/notification/service/TencentSmsProviderTest.java,148,java:S5838,"Use assertThat(actual).containsEntry(key, value) instead.",OPEN,5min
MINOR,CODE_SMELL,batch-console-api/src/main/java/io/github/pinpols/batch/console/infrastructure/excel/ConfigPackageExcelValidator.java,133,java:S2386,"Make this member ""protected"".",OPEN,15min
MINOR,CODE_SMELL,batch-orchestrator/src/test/java/io/github/pinpols/batch/orchestrator/application/service/task/DefaultTaskAssignmentServiceTest.java,148,java:S6068,"Remove this and every subsequent useless ""eq(...)"" invocation; pass the values directly.",OPEN,2min
MINOR,CODE_SMELL,batch-orchestrator/src/test/java/io/github/pinpols/batch/orchestrator/web/TaskControllerTest.java,92,java:S8924,"Use a static import for ""never"".",OPEN,5min
MINOR,CODE_SMELL,batch-worker/import/src/test/java/io/github/pinpols/batch/worker/imports/stage/ParseStepFixtureTest.java,72,java:S5838,"Use assertThat(actual).containsEntry(key, value) instead.",OPEN,5min
MINOR,CODE_SMELL,batch-console-api/src/test/java/io/github/pinpols/batch/console/domain/rbac/web/ConsoleAuthControllerTest.java,49,java:S8924,"Use a static import for ""mock"".",OPEN,5min
MINOR,CODE_SMELL,batch-console-api/src/test/java/io/github/pinpols/batch/console/domain/rbac/web/ConsoleAuthControllerTest.java,38,java:S8924,"Use a static import for ""mock"".",OPEN,5min
MINOR,CODE_SMELL,batch-orchestrator/src/test/java/io/github/pinpols/batch/orchestrator/integration/FileGovernanceIntegrationTest.java,301,java:S5853,Join these multiple assertions subject to one assertion chain.,OPEN,5min
MINOR,BUG,batch-common/src/main/java/io/github/pinpols/batch/common/tenant/routing/DbTablePlacementResolver.java,35,java:S3077,"Use a thread-safe type; adding ""volatile"" is not enough to make this field thread-safe.",OPEN,20min
MINOR,CODE_SMELL,batch-trigger/src/test/java/io/github/pinpols/batch/trigger/support/CronExpressionAdapterTest.java,172,java:S5853,Join these multiple assertions subject to one assertion chain.,OPEN,5min
MINOR,CODE_SMELL,batch-worker/import/src/test/java/io/github/pinpols/batch/worker/imports/stage/ParseStepFixtureTest.java,229,java:S5838,"Use assertThat(actual).containsEntry(key, value) instead.",OPEN,5min
MINOR,CODE_SMELL,batch-orchestrator/src/test/java/io/github/pinpols/batch/orchestrator/application/service/version/ResultVersionWriterTest.java,127,java:S8694,"Use a ""java.time.Month"" enum constant instead of this int literal.",OPEN,5min
MINOR,CODE_SMELL,batch-worker/import/src/test/java/io/github/pinpols/batch/worker/imports/stage/ParseStepFixtureTest.java,141,java:S1130,"Remove the declaration of thrown exception 'java.lang.Exception', as it cannot be thrown from method's body.",OPEN,5min
MINOR,CODE_SMELL,batch-orchestrator/src/test/java/io/github/pinpols/batch/orchestrator/infrastructure/lineage/OpenLineageEmitterTest.java,70,java:S5838,"Use assertThat(actual).containsEntry(key, value) instead.",OPEN,5min
MINOR,CODE_SMELL,batch-orchestrator/src/main/java/io/github/pinpols/batch/orchestrator/infrastructure/scheduler/WorkflowValidatorReconciler.java,56,java:S135,Reduce the total number of break and continue statements in this loop to use at most one.,OPEN,20min
MINOR,CODE_SMELL,batch-worker/import/src/main/java/io/github/pinpols/batch/worker/imports/stage/ValidateStep.java,291,java:S135,Reduce the total number of break and continue statements in this loop to use at most one.,OPEN,20min
MINOR,CODE_SMELL,batch-trigger/src/test/java/io/github/pinpols/batch/trigger/service/DefaultTriggerServiceTest.java,265,java:S8694,"Use a ""java.time.Month"" enum constant instead of this int literal.",OPEN,5min
MINOR,CODE_SMELL,batch-orchestrator/src/test/java/io/github/pinpols/batch/orchestrator/application/service/workflow/BizDateArithmeticTest.java,44,java:S8694,"Use a ""java.time.Month"" enum constant instead of this int literal.",OPEN,5min
MINOR,CODE_SMELL,batch-orchestrator/src/test/java/io/github/pinpols/batch/orchestrator/application/engine/VerifierFailureOutboxServiceTest.java,47,java:S8924,"Use a static import for ""times"".",OPEN,5min
MINOR,CODE_SMELL,batch-console-api/src/main/java/io/github/pinpols/batch/console/infrastructure/config/DefaultConsoleTenantConfigPackageExcelApplicationService.java,616,java:S1659,"Declare ""updated"" on a separate line.",OPEN,2min
MINOR,CODE_SMELL,batch-worker/export/src/test/java/io/github/pinpols/batch/worker/exports/stage/RegisterStepTest.java,81,java:S6068,"Remove this and every subsequent useless ""eq(...)"" invocation; pass the values directly.",OPEN,2min
MINOR,BUG,batch-console-api/src/main/java/io/github/pinpols/batch/console/domain/rbac/support/ConsoleJwtService.java,150,java:S3077,"Use a thread-safe type; adding ""volatile"" is not enough to make this field thread-safe.",OPEN,20min
MINOR,CODE_SMELL,batch-orchestrator/src/test/java/io/github/pinpols/batch/orchestrator/application/service/asset/AssetPartitionServiceTest.java,67,java:S8694,"Use a ""java.time.Month"" enum constant instead of this int literal.",OPEN,5min
MINOR,CODE_SMELL,batch-console-api/src/test/java/io/github/pinpols/batch/console/integration/ConsoleBatchWindowMutationIntegrationTest.java,65,java:S5838,"Use assertThat(actual).containsEntry(key, value) instead.",OPEN,5min
MINOR,CODE_SMELL,batch-console-api/src/test/java/io/github/pinpols/batch/console/integration/ConsoleJobDefinitionMutationIntegrationTest.java,72,java:S5838,"Use assertThat(actual).containsEntry(key, value) instead.",OPEN,5min
MINOR,CODE_SMELL,batch-console-api/src/test/java/io/github/pinpols/batch/console/integration/ConsoleAtomicTaskConfigMutationIntegrationTest.java,63,java:S5838,"Use assertThat(actual).containsEntry(key, value) instead.",OPEN,5min
MINOR,CODE_SMELL,batch-common/src/test/java/io/github/pinpols/batch/common/stateful/StatefulBackendIdentityTest.java,15,java:S5853,Join these multiple assertions subject to one assertion chain.,OPEN,5min
MINOR,CODE_SMELL,batch-orchestrator/src/test/java/io/github/pinpols/batch/orchestrator/infrastructure/lineage/OpenLineageEmitterTest.java,108,java:S5838,"Use assertThat(actual).containsEntry(key, value) instead.",OPEN,5min
MINOR,CODE_SMELL,batch-orchestrator/src/test/java/io/github/pinpols/batch/orchestrator/application/engine/VerifierFailureOutboxServiceTest.java,129,java:S8924,"Use a static import for ""times"".",OPEN,5min
MINOR,CODE_SMELL,batch-orchestrator/src/test/java/io/github/pinpols/batch/orchestrator/integration/LineageEvidenceArchiveFallbackIntegrationTest.java,142,java:S5838,"Use assertThat(actual).containsEntry(key, value) instead.",OPEN,5min
MINOR,CODE_SMELL,batch-orchestrator/src/test/java/io/github/pinpols/batch/orchestrator/application/service/workflow/CrossDayDependencyResolverTest.java,120,java:S8694,"Use a ""java.time.Month"" enum constant instead of this int literal.",OPEN,5min
MINOR,CODE_SMELL,batch-orchestrator/src/test/java/io/github/pinpols/batch/orchestrator/application/service/forensic/ForensicExportServiceTest.java,67,java:S8694,"Use a ""java.time.Month"" enum constant instead of this int literal.",OPEN,5min
MINOR,CODE_SMELL,batch-orchestrator/src/main/java/io/github/pinpols/batch/orchestrator/application/service/workflow/WorkflowRunManagementApplicationService.java,279,java:S135,Reduce the total number of break and continue statements in this loop to use at most one.,OPEN,40min
MINOR,BUG,batch-worker/core/src/main/java/io/github/pinpols/batch/worker/core/infrastructure/WorkerTaskLeaseRenewer.java,59,java:S3077,"Use a thread-safe type; adding ""volatile"" is not enough to make this field thread-safe.",OPEN,20min
MINOR,CODE_SMELL,batch-orchestrator/src/test/java/io/github/pinpols/batch/orchestrator/integration/BundleLaunchPartitionExpansionIntegrationTest.java,89,java:S5838,"Use assertThat(actual).containsEntry(key, value) instead.",OPEN,5min
MINOR,CODE_SMELL,batch-orchestrator/src/test/java/io/github/pinpols/batch/orchestrator/integration/SchedulingDecisionLaunchIntegrationTest.java,44,java:S8694,"Use a ""java.time.Month"" enum constant instead of this int literal.",OPEN,5min
MINOR,CODE_SMELL,batch-orchestrator/src/test/java/io/github/pinpols/batch/orchestrator/application/service/asset/AssetFreshnessPolicyServiceTest.java,140,java:S5853,Join these multiple assertions subject to one assertion chain.,OPEN,5min
MINOR,CODE_SMELL,batch-console-api/src/main/java/io/github/pinpols/batch/console/domain/notification/service/AliyunSmsProvider.java,258,java:S7158,"Use ""isEmpty()"" to check whether a ""StringBuilder"" is empty or not.",OPEN,2min
MINOR,CODE_SMELL,batch-orchestrator/src/test/java/io/github/pinpols/batch/orchestrator/infrastructure/scheduler/BatchDayOpenSchedulerTest.java,164,java:S8694,"Use a ""java.time.Month"" enum constant instead of this int literal.",OPEN,5min
MINOR,CODE_SMELL,batch-orchestrator/src/test/java/io/github/pinpols/batch/orchestrator/application/engine/DefaultScheduleForwarderSetBasedTest.java,228,java:S6068,"Remove this and every subsequent useless ""eq(...)"" invocation; pass the values directly.",OPEN,2min
MINOR,CODE_SMELL,batch-console-api/src/test/java/io/github/pinpols/batch/console/config/ConsoleSecurityConfigurationTest.java,52,java:S8924,"Use a static import for ""mock"".",OPEN,5min
MINOR,CODE_SMELL,batch-common/src/test/java/io/github/pinpols/batch/common/storage/FilesystemObjectStoreTest.java,166,java:S1130,"Remove the declaration of thrown exception 'java.lang.Exception', as it cannot be thrown from method's body.",OPEN,5min
MINOR,CODE_SMELL,batch-orchestrator/src/main/java/io/github/pinpols/batch/orchestrator/infrastructure/scheduler/TenantSchedulerSnapshotRecorder.java,63,java:S135,Reduce the total number of break and continue statements in this loop to use at most one.,OPEN,20min
MINOR,CODE_SMELL,batch-worker/import/src/main/java/io/github/pinpols/batch/worker/imports/stage/PreprocessStep.java,657,java:S135,Reduce the total number of break and continue statements in this loop to use at most one.,OPEN,40min
MINOR,CODE_SMELL,batch-orchestrator/src/test/java/io/github/pinpols/batch/orchestrator/application/service/dryrun/DefaultDryRunPlanServiceTest.java,184,java:S8694,"Use a ""java.time.Month"" enum constant instead of this int literal.",OPEN,5min
MINOR,CODE_SMELL,batch-console-api/src/test/java/io/github/pinpols/batch/console/config/RouteToPrimaryAspectTest.java,20,java:S8924,"Use a static import for ""mock"".",OPEN,5min
MINOR,CODE_SMELL,batch-orchestrator/src/test/java/io/github/pinpols/batch/orchestrator/infrastructure/file/BundleArrivalLauncherTest.java,65,java:S8694,"Use a ""java.time.Month"" enum constant instead of this int literal.",OPEN,5min
MINOR,CODE_SMELL,batch-console-api/src/test/java/io/github/pinpols/batch/console/domain/rbac/web/ConsoleAuthControllerTest.java,50,java:S8924,"Use a static import for ""mock"".",OPEN,5min
MINOR,CODE_SMELL,batch-trigger/src/test/java/io/github/pinpols/batch/trigger/support/CronExpressionAdapterTest.java,106,java:S8694,"Use a ""java.time.Month"" enum constant instead of this int literal.",OPEN,5min
MINOR,CODE_SMELL,batch-console-api/src/main/java/io/github/pinpols/batch/console/infrastructure/excel/ConfigPackageExcelValidator.java,130,java:S2386,"Make this member ""protected"".",OPEN,15min
MINOR,CODE_SMELL,batch-orchestrator/src/test/java/io/github/pinpols/batch/orchestrator/application/service/task/DefaultTaskAssignmentServiceTest.java,179,java:S6068,"Remove this and every subsequent useless ""eq(...)"" invocation; pass the values directly.",OPEN,2min
MINOR,CODE_SMELL,batch-worker/atomic/src/main/java/io/github/pinpols/batch/worker/atomic/storedproc/StoredProcTaskExecutor.java,186,java:S6201,Replace this instanceof check and cast with 'instanceof String string',OPEN,5min
MINOR,CODE_SMELL,batch-console-api/src/test/java/io/github/pinpols/batch/console/domain/audit/infrastructure/ai/ConsoleAiToolsTest.java,77,java:S6068,"Remove this and every subsequent useless ""eq(...)"" invocation; pass the values directly.",OPEN,2min
MINOR,CODE_SMELL,batch-worker/dispatch/src/test/java/io/github/pinpols/batch/worker/dispatchs/infrastructure/ChannelConfigMergeTest.java,78,java:S5838,"Use assertThat(actual).containsEntry(key, value) instead.",OPEN,5min
MINOR,CODE_SMELL,batch-console-api/src/test/java/io/github/pinpols/batch/console/infrastructure/config/DefaultConsoleConfigApplicationServiceTest.java,270,java:S5838,"Use assertThat(actual).containsEntry(key, value) instead.",OPEN,5min
MINOR,CODE_SMELL,batch-orchestrator/src/test/java/io/github/pinpols/batch/orchestrator/integration/PartitionJoinPromotionIntegrationTest.java,171,java:S5838,Use isZero() instead.,OPEN,5min
MINOR,CODE_SMELL,batch-console-api/src/test/java/io/github/pinpols/batch/console/domain/ops/web/response/OpsMapResponseJacksonTest.java,165,java:S5853,Join these multiple assertions subject to one assertion chain.,OPEN,5min
MINOR,CODE_SMELL,batch-orchestrator/src/test/java/io/github/pinpols/batch/orchestrator/application/service/forensic/ForensicExportServiceTest.java,159,java:S8694,"Use a ""java.time.Month"" enum constant instead of this int literal.",OPEN,5min
MINOR,CODE_SMELL,batch-orchestrator/src/test/java/io/github/pinpols/batch/orchestrator/service/DefaultWorkerRegistryServiceTest.java,381,java:S6068,"Remove this and every subsequent useless ""eq(...)"" invocation; pass the values directly.",OPEN,2min
MINOR,CODE_SMELL,batch-orchestrator/src/test/java/io/github/pinpols/batch/orchestrator/application/service/workflow/WorkflowGraphValidatorTest.java,345,java:S6068,"Remove this useless ""eq(...)"" invocation; pass the values directly.",OPEN,2min
MINOR,CODE_SMELL,batch-orchestrator/src/main/java/io/github/pinpols/batch/orchestrator/application/service/workflow/WorkflowNodePayloadBuilder.java,120,java:S135,Reduce the total number of break and continue statements in this loop to use at most one.,OPEN,20min
MINOR,CODE_SMELL,batch-trigger/src/test/java/io/github/pinpols/batch/trigger/service/DefaultTriggerServiceTest.java,272,java:S8694,"Use a ""java.time.Month"" enum constant instead of this int literal.",OPEN,5min
MINOR,CODE_SMELL,batch-orchestrator/src/test/java/io/github/pinpols/batch/orchestrator/application/service/DefaultTaskOutcomeServiceTest.java,300,java:S6068,"Remove this and every subsequent useless ""eq(...)"" invocation; pass the values directly.",OPEN,2min
MINOR,CODE_SMELL,sdk/java/core/src/test/java/io/github/pinpols/batch/sdk/dispatcher/TaskDispatcherP0HardeningTest.java,217,java:S5838,Use isZero() instead.,OPEN,5min
MINOR,CODE_SMELL,batch-worker/core/src/main/java/io/github/pinpols/batch/worker/core/support/StaleTempFileCleanup.java,46,java:S135,Reduce the total number of break and continue statements in this loop to use at most one.,OPEN,1h
MINOR,CODE_SMELL,batch-orchestrator/src/test/java/io/github/pinpols/batch/orchestrator/application/service/workflow/BizDateArithmeticTest.java,65,java:S8694,"Use a ""java.time.Month"" enum constant instead of this int literal.",OPEN,5min
MINOR,CODE_SMELL,batch-orchestrator/src/test/java/io/github/pinpols/batch/orchestrator/integration/WorkerRegistryIntegrationTest.java,118,java:S5853,Join these multiple assertions subject to one assertion chain.,OPEN,5min
MINOR,CODE_SMELL,batch-console-api/src/test/java/io/github/pinpols/batch/console/domain/rbac/service/ConsoleTenantReadinessServiceTest.java,90,java:S8924,"Use a static import for ""verify"".",OPEN,5min
MINOR,CODE_SMELL,batch-worker/atomic/src/test/java/io/github/pinpols/batch/worker/atomic/storedproc/StoredProcHardeningTest.java,139,java:S5838,"Use assertThat(actual).containsEntry(key, value) instead.",OPEN,5min
MINOR,CODE_SMELL,batch-orchestrator/src/test/java/io/github/pinpols/batch/orchestrator/application/service/version/ResultVersionWriterTest.java,231,java:S8694,"Use a ""java.time.Month"" enum constant instead of this int literal.",OPEN,5min
MINOR,CODE_SMELL,batch-console-api/src/main/java/io/github/pinpols/batch/console/infrastructure/config/DefaultConsoleTenantConfigPackageExcelApplicationService.java,675,java:S1659,"Declare ""updated"" on a separate line.",OPEN,2min
MINOR,CODE_SMELL,batch-worker/import/src/main/java/io/github/pinpols/batch/worker/imports/stage/format/ExcelFormatParser.java,200,java:S3398,"Move this method into ""SaxRowAccumulator"".",OPEN,5min
MINOR,CODE_SMELL,batch-orchestrator/src/test/java/io/github/pinpols/batch/orchestrator/infrastructure/governance/AlertmanagerEmitPublisherTest.java,57,java:S5853,Join these multiple assertions subject to one assertion chain.,OPEN,5min
MINOR,CODE_SMELL,batch-worker/dispatch/src/test/java/io/github/pinpols/batch/worker/dispatchs/infrastructure/channel/DispatchChannelCircuitBreakerTest.java,206,java:S5838,Use isZero() instead.,OPEN,5min
MINOR,CODE_SMELL,batch-worker/import/src/main/java/io/github/pinpols/batch/worker/imports/runtime/ImportIngressScanner.java,133,java:S135,Reduce the total number of break and continue statements in this loop to use at most one.,OPEN,20min
MINOR,CODE_SMELL,batch-orchestrator/src/test/java/io/github/pinpols/batch/orchestrator/integration/PauseResumeStateMachineIntegrationTest.java,23,java:S8694,"Use a ""java.time.Month"" enum constant instead of this int literal.",OPEN,5min
MINOR,CODE_SMELL,sdk/java/core/src/test/java/io/github/pinpols/batch/sdk/task/SdkTaskContextTest.java,16,java:S8694,"Use a ""java.time.Month"" enum constant instead of this int literal.",OPEN,5min
MINOR,CODE_SMELL,batch-common/src/main/java/io/github/pinpols/batch/common/storage/S3ObjectStore.java,311,java:S6244,Consider using the Consumer Builder method instead of creating this nested builder.,OPEN,5min
MINOR,CODE_SMELL,batch-orchestrator/src/test/java/io/github/pinpols/batch/orchestrator/integration/LineageEvidenceArchiveFallbackIntegrationTest.java,92,java:S5838,"Use assertThat(actual).containsEntry(key, value) instead.",OPEN,5min
MINOR,CODE_SMELL,batch-worker/import/src/test/java/io/github/pinpols/batch/worker/imports/stage/ParseStepFixtureTest.java,111,java:S5838,"Use assertThat(actual).containsEntry(key, value) instead.",OPEN,5min
MINOR,CODE_SMELL,batch-worker/import/src/main/java/io/github/pinpols/batch/worker/imports/stage/format/DelimitedFormatParser.java,74,java:S135,Reduce the total number of break and continue statements in this loop to use at most one.,OPEN,40min
MINOR,CODE_SMELL,batch-orchestrator/src/test/java/io/github/pinpols/batch/orchestrator/service/BatchDayTimePolicyResolverTest.java,25,java:S8694,"Use a ""java.time.Month"" enum constant instead of this int literal.",OPEN,5min
MINOR,CODE_SMELL,batch-worker/import/src/test/java/io/github/pinpols/batch/worker/imports/stage/ParseStepFixedWidthAndXmlTest.java,70,java:S5838,"Use assertThat(actual).containsEntry(key, value) instead.",OPEN,5min
MINOR,CODE_SMELL,batch-orchestrator/src/test/java/io/github/pinpols/batch/orchestrator/service/BatchDayGateServiceTest.java,252,java:S8694,"Use a ""java.time.Month"" enum constant instead of this int literal.",OPEN,5min
MINOR,CODE_SMELL,batch-orchestrator/src/test/java/io/github/pinpols/batch/orchestrator/service/DefaultWorkerRegistryServiceTest.java,157,java:S6068,"Remove this and every subsequent useless ""eq(...)"" invocation; pass the values directly.",OPEN,2min
MINOR,CODE_SMELL,batch-orchestrator/src/test/java/io/github/pinpols/batch/orchestrator/web/TaskControllerTest.java,114,java:S6068,"Remove this and every subsequent useless ""eq(...)"" invocation; pass the values directly.",OPEN,2min
MINOR,CODE_SMELL,batch-orchestrator/src/test/java/io/github/pinpols/batch/orchestrator/application/service/asset/AssetFreshnessPolicyServiceTest.java,96,java:S8694,"Use a ""java.time.Month"" enum constant instead of this int literal.",OPEN,5min
MINOR,CODE_SMELL,batch-console-api/src/test/java/io/github/pinpols/batch/console/domain/rbac/web/response/RbacMapResponseJacksonTest.java,41,java:S5853,Join these multiple assertions subject to one assertion chain.,OPEN,5min
MINOR,CODE_SMELL,batch-orchestrator/src/test/java/io/github/pinpols/batch/orchestrator/application/service/forensic/ForensicExportServiceTest.java,112,java:S8694,"Use a ""java.time.Month"" enum constant instead of this int literal.",OPEN,5min
MINOR,CODE_SMELL,batch-orchestrator/src/test/java/io/github/pinpols/batch/orchestrator/application/service/task/DefaultTaskAssignmentServiceTest.java,100,java:S6068,"Remove this and every subsequent useless ""eq(...)"" invocation; pass the values directly.",OPEN,2min
MINOR,BUG,batch-common/src/main/java/io/github/pinpols/batch/common/utils/OtelTraceContext.java,32,java:S2637,"This method's return value is marked ""@NullMarked at package level"" but null is returned.",OPEN,15min
MINOR,CODE_SMELL,batch-orchestrator/src/test/java/io/github/pinpols/batch/orchestrator/application/service/workflow/BizDateArithmeticTest.java,78,java:S8694,"Use a ""java.time.Month"" enum constant instead of this int literal.",OPEN,5min
MINOR,CODE_SMELL,batch-worker/core/src/test/java/io/github/pinpols/batch/worker/core/infrastructure/checkpoint/DefaultProcessingPositionStoreTest.java,140,java:S6068,"Remove this and every subsequent useless ""eq(...)"" invocation; pass the values directly.",OPEN,2min
MINOR,CODE_SMELL,batch-worker/atomic/src/main/java/io/github/pinpols/batch/worker/atomic/http/HttpExecutorProperties.java,47,java:S1313,Make sure using this hardcoded IP address is safe here.,OPEN,30min
MINOR,CODE_SMELL,batch-orchestrator/src/test/java/io/github/pinpols/batch/orchestrator/application/service/workflow/WorkflowFanOutSupportTest.java,92,java:S5838,"Use assertThat(actual).containsEntry(key, value) instead.",OPEN,5min
MINOR,CODE_SMELL,batch-worker/import/src/test/java/io/github/pinpols/batch/worker/imports/stage/ParseStepStreamingTest.java,152,java:S5838,"Use assertThat(actual).containsEntry(key, value) instead.",OPEN,5min
MINOR,CODE_SMELL,batch-common/src/test/java/io/github/pinpols/batch/common/storage/S3ObjectStoreTest.java,124,java:S5853,Join these multiple assertions subject to one assertion chain.,OPEN,5min
MINOR,CODE_SMELL,batch-worker/import/src/test/java/io/github/pinpols/batch/worker/imports/stage/ParseStepPartitionSliceTest.java,146,java:S5838,"Use assertThat(actual).containsEntry(key, value) instead.",OPEN,5min
MINOR,CODE_SMELL,batch-orchestrator/src/test/java/io/github/pinpols/batch/orchestrator/application/service/task/TaskControllerApplicationServiceTest.java,214,java:S8924,"Use a static import for ""times"".",OPEN,5min
MINOR,CODE_SMELL,batch-orchestrator/src/test/java/io/github/pinpols/batch/orchestrator/application/service/forensic/ForensicExportServiceTest.java,124,java:S8694,"Use a ""java.time.Month"" enum constant instead of this int literal.",OPEN,5min
MINOR,CODE_SMELL,batch-orchestrator/src/test/java/io/github/pinpols/batch/orchestrator/service/DefaultWorkerRegistryServiceTest.java,420,java:S6068,"Remove this and every subsequent useless ""eq(...)"" invocation; pass the values directly.",OPEN,2min
MINOR,CODE_SMELL,batch-console-api/src/test/java/io/github/pinpols/batch/console/domain/audit/infrastructure/ai/ConsoleAiToolsTest.java,181,java:S6068,"Remove this useless ""eq(...)"" invocation; pass the values directly.",OPEN,2min
MINOR,CODE_SMELL,batch-orchestrator/src/main/java/io/github/pinpols/batch/orchestrator/application/service/workflow/WorkflowGraphValidator.java,61,java:S6353,Use concise character class syntax '\\w' instead of '[A-Za-z0-9_]'.,OPEN,5min
MINOR,CODE_SMELL,batch-orchestrator/src/test/java/io/github/pinpols/batch/orchestrator/application/service/governance/DefaultAlertEventServiceEscalationTest.java,55,java:S6068,"Remove this and every subsequent useless ""eq(...)"" invocation; pass the values directly.",OPEN,2min
MINOR,CODE_SMELL,batch-console-api/src/test/java/io/github/pinpols/batch/console/integration/ConsoleAtomicTaskConfigMutationIntegrationTest.java,61,java:S5838,"Use assertThat(actual).containsEntry(key, value) instead.",OPEN,5min
MINOR,CODE_SMELL,batch-console-api/src/test/java/io/github/pinpols/batch/console/integration/ConsoleAlertRoutingMutationIntegrationTest.java,59,java:S5838,"Use assertThat(actual).containsEntry(key, value) instead.",OPEN,5min
MINOR,CODE_SMELL,batch-worker/atomic/src/main/java/io/github/pinpols/batch/worker/atomic/storedproc/StoredProcTaskExecutor.java,86,java:S6353,Use concise character class syntax '\\w' instead of '[A-Za-z0-9_]'.,OPEN,5min
MINOR,CODE_SMELL,batch-worker/dispatch/src/test/java/io/github/pinpols/batch/worker/dispatchs/infrastructure/ChannelConfigMergeTest.java,45,java:S5838,"Use assertThat(actual).containsEntry(key, value) instead.",OPEN,5min
MINOR,CODE_SMELL,batch-trigger/src/test/java/io/github/pinpols/batch/trigger/service/DefaultTriggerServiceTest.java,106,java:S8694,"Use a ""java.time.Month"" enum constant instead of this int literal.",OPEN,5min
MINOR,CODE_SMELL,batch-orchestrator/src/main/java/io/github/pinpols/batch/orchestrator/application/service/workflow/WorkflowGraphValidator.java,395,java:S135,Reduce the total number of break and continue statements in this loop to use at most one.,OPEN,20min
MINOR,CODE_SMELL,batch-orchestrator/src/test/java/io/github/pinpols/batch/orchestrator/service/BatchDayOperationServiceTest.java,205,java:S8694,"Use a ""java.time.Month"" enum constant instead of this int literal.",OPEN,5min
MINOR,CODE_SMELL,batch-orchestrator/src/test/java/io/github/pinpols/batch/orchestrator/application/service/sensor/SensorStateMachineTest.java,254,java:S8924,"Use a static import for ""times"".",OPEN,5min
MINOR,CODE_SMELL,batch-orchestrator/src/test/java/io/github/pinpols/batch/orchestrator/application/service/workflow/DefaultWorkflowNodeDispatchServiceTest.java,309,java:S6068,"Remove this and every subsequent useless ""eq(...)"" invocation; pass the values directly.",OPEN,2min
MINOR,CODE_SMELL,batch-worker/import/src/test/java/io/github/pinpols/batch/worker/imports/integration/ImportIngressScannerIntegrationTest.java,82,java:S5838,"Use assertThat(actual).containsEntry(key, value) instead.",OPEN,5min
MINOR,CODE_SMELL,batch-orchestrator/src/test/java/io/github/pinpols/batch/orchestrator/service/DefaultWorkerRegistryServiceTest.java,300,java:S6068,"Remove this and every subsequent useless ""eq(...)"" invocation; pass the values directly.",OPEN,2min
MINOR,CODE_SMELL,batch-orchestrator/src/test/java/io/github/pinpols/batch/orchestrator/service/BatchDayTimePolicyResolverTest.java,48,java:S8694,"Use a ""java.time.Month"" enum constant instead of this int literal.",OPEN,5min
MINOR,CODE_SMELL,batch-orchestrator/src/test/java/io/github/pinpols/batch/orchestrator/infrastructure/scheduler/BatchDayOpenSchedulerTest.java,238,java:S8694,"Use a ""java.time.Month"" enum constant instead of this int literal.",OPEN,5min
MINOR,CODE_SMELL,batch-worker/import/src/main/java/io/github/pinpols/batch/worker/imports/preprocess/ImportPreprocessPipeline.java,250,java:S135,Reduce the total number of break and continue statements in this loop to use at most one.,OPEN,20min
MINOR,CODE_SMELL,batch-orchestrator/src/test/java/io/github/pinpols/batch/orchestrator/application/service/replay/BatchDayReplayServiceTest.java,224,java:S8694,"Use a ""java.time.Month"" enum constant instead of this int literal.",OPEN,5min
MINOR,CODE_SMELL,batch-orchestrator/src/test/java/io/github/pinpols/batch/orchestrator/application/service/governance/DefaultFileGovernanceServiceTest.java,675,java:S5838,"Use assertThat(actual).containsEntry(key, value) instead.",OPEN,5min
MINOR,CODE_SMELL,batch-orchestrator/src/test/java/io/github/pinpols/batch/orchestrator/integration/FileErrorRecordIntegrationTest.java,39,java:S5838,"Use assertThat(actual).containsEntry(key, value) instead.",OPEN,5min
MINOR,CODE_SMELL,batch-orchestrator/src/test/java/io/github/pinpols/batch/orchestrator/service/BatchDayGateServiceTest.java,371,java:S8694,"Use a ""java.time.Month"" enum constant instead of this int literal.",OPEN,5min
MINOR,CODE_SMELL,batch-console-api/src/test/java/io/github/pinpols/batch/console/infrastructure/config/ConsoleConfigCacheInvalidationServiceTest.java,80,java:S8924,"Use a static import for ""mock"".",OPEN,5min
MINOR,CODE_SMELL,sdk/java/core/src/test/java/io/github/pinpols/batch/sdk/task/SdkTaskContextTest.java,25,java:S8694,"Use a ""java.time.Month"" enum constant instead of this int literal.",OPEN,5min
MINOR,CODE_SMELL,batch-orchestrator/src/test/java/io/github/pinpols/batch/orchestrator/integration/TriggerTypeLaunchIntegrationTest.java,52,java:S8694,"Use a ""java.time.Month"" enum constant instead of this int literal.",OPEN,5min
MINOR,CODE_SMELL,batch-worker/import/src/test/java/io/github/pinpols/batch/worker/imports/stage/ParseStepStreamingTest.java,121,java:S5838,"Use assertThat(actual).containsEntry(key, value) instead.",OPEN,5min
MINOR,CODE_SMELL,batch-worker/export/src/test/java/io/github/pinpols/batch/worker/exports/plugin/SqlTemplateExportKeysetRangeTest.java,35,java:S5853,Join these multiple assertions subject to one assertion chain.,OPEN,5min
MINOR,CODE_SMELL,batch-worker/atomic/src/main/java/io/github/pinpols/batch/worker/atomic/sql/SqlTaskExecutor.java,231,java:S6201,Replace this instanceof check and cast with 'instanceof String string',OPEN,5min
MINOR,CODE_SMELL,batch-trigger/src/test/java/io/github/pinpols/batch/trigger/service/DefaultTriggerServiceTest.java,139,java:S8694,"Use a ""java.time.Month"" enum constant instead of this int literal.",OPEN,5min
MINOR,CODE_SMELL,batch-orchestrator/src/test/java/io/github/pinpols/batch/orchestrator/application/service/workflow/BizDateArithmeticTest.java,43,java:S8694,"Use a ""java.time.Month"" enum constant instead of this int literal.",OPEN,5min
MINOR,CODE_SMELL,batch-console-api/src/main/java/io/github/pinpols/batch/console/domain/file/infrastructure/DefaultConsoleFileChannelApplicationService.java,78,java:S1125,Remove the unnecessary boolean literal.,OPEN,5min
MINOR,CODE_SMELL,batch-orchestrator/src/test/java/io/github/pinpols/batch/orchestrator/service/BatchDayGateServiceTest.java,249,java:S8694,"Use a ""java.time.Month"" enum constant instead of this int literal.",OPEN,5min
MINOR,CODE_SMELL,batch-orchestrator/src/test/java/io/github/pinpols/batch/orchestrator/application/workflow/WorkflowParamResolverTest.java,128,java:S5838,"Use assertThat(actual).containsEntry(key, value) instead.",OPEN,5min
MINOR,CODE_SMELL,batch-console-api/src/test/java/io/github/pinpols/batch/console/domain/observability/web/response/ObservabilityMapResponseJacksonTest.java,45,java:S5853,Join these multiple assertions subject to one assertion chain.,OPEN,5min
MINOR,CODE_SMELL,batch-orchestrator/src/test/java/io/github/pinpols/batch/orchestrator/infrastructure/scheduler/BatchDayOpenSchedulerTest.java,233,java:S8694,"Use a ""java.time.Month"" enum constant instead of this int literal.",OPEN,5min
MINOR,BUG,batch-orchestrator/src/main/java/io/github/pinpols/batch/orchestrator/application/service/workflow/DefaultWorkflowDagService.java,66,java:S3077,"Use a thread-safe type; adding ""volatile"" is not enough to make this field thread-safe.",OPEN,20min
MINOR,CODE_SMELL,batch-orchestrator/src/test/java/io/github/pinpols/batch/orchestrator/application/service/version/ResultVersionPromoteServiceTest.java,66,java:S8694,"Use a ""java.time.Month"" enum constant instead of this int literal.",OPEN,5min
MINOR,CODE_SMELL,batch-orchestrator/src/test/java/io/github/pinpols/batch/orchestrator/integration/LineageEvidenceArchiveFallbackIntegrationTest.java,78,java:S5853,Join these multiple assertions subject to one assertion chain.,OPEN,5min
MINOR,CODE_SMELL,batch-console-api/src/test/java/io/github/pinpols/batch/console/domain/rbac/support/ConsoleLoginServiceTest.java,50,java:S8924,"Use a static import for ""when"".",OPEN,5min
MINOR,CODE_SMELL,batch-common/src/main/java/io/github/pinpols/batch/common/tenant/routing/BusinessRoutingDataSource.java,18,java:S2065,"Remove the ""transient"" modifier from this field.",OPEN,2min
MINOR,CODE_SMELL,batch-orchestrator/src/test/java/io/github/pinpols/batch/orchestrator/integration/BundleLaunchPartitionExpansionIntegrationTest.java,117,java:S5838,"Use assertThat(actual).containsEntry(key, value) instead.",OPEN,5min
MINOR,BUG,batch-orchestrator/src/main/java/io/github/pinpols/batch/orchestrator/application/service/task/TaskControllerApplicationService.java,231,java:S2184,"Cast one of the operands of this subtraction operation to a ""double"".",OPEN,5min
MINOR,CODE_SMELL,batch-orchestrator/src/test/java/io/github/pinpols/batch/orchestrator/application/service/workflow/BizDateArithmeticTest.java,66,java:S8694,"Use a ""java.time.Month"" enum constant instead of this int literal.",OPEN,5min
MINOR,BUG,batch-console-api/src/main/java/io/github/pinpols/batch/console/domain/notification/support/ConsolePushSender.java,59,java:S3077,"Use a thread-safe type; adding ""volatile"" is not enough to make this field thread-safe.",OPEN,20min
MINOR,CODE_SMELL,batch-orchestrator/src/test/java/io/github/pinpols/batch/orchestrator/application/service/DeadLetterAutoRetryTest.java,113,java:S6068,"Remove this and every subsequent useless ""eq(...)"" invocation; pass the values directly.",OPEN,2min
MINOR,CODE_SMELL,batch-orchestrator/src/test/java/io/github/pinpols/batch/orchestrator/application/service/task/TaskOutcomeSummaryBuilderTest.java,149,java:S5838,"Use assertThat(actual).containsEntry(key, value) instead.",OPEN,5min
MINOR,CODE_SMELL,batch-orchestrator/src/test/java/io/github/pinpols/batch/orchestrator/integration/MultiTenantIsolationIntegrationTest.java,75,java:S8694,"Use a ""java.time.Month"" enum constant instead of this int literal.",OPEN,5min
MINOR,CODE_SMELL,batch-console-api/src/test/java/io/github/pinpols/batch/console/domain/notification/service/WebhookDispatcherTest.java,147,java:S5853,Join these multiple assertions subject to one assertion chain.,OPEN,5min
MINOR,CODE_SMELL,batch-orchestrator/src/main/java/io/github/pinpols/batch/orchestrator/application/service/governance/DefaultFileGovernanceService.java,189,java:S1075,Remove this hard-coded path-delimiter.,OPEN,20min
MINOR,CODE_SMELL,batch-orchestrator/src/test/java/io/github/pinpols/batch/orchestrator/application/service/DefaultCompensationServiceTest.java,278,java:S8924,"Use a static import for ""verify"".",OPEN,5min
MINOR,CODE_SMELL,batch-orchestrator/src/test/java/io/github/pinpols/batch/orchestrator/service/LaunchBatchDayServiceTest.java,147,java:S8694,"Use a ""java.time.Month"" enum constant instead of this int literal.",OPEN,5min
MINOR,CODE_SMELL,batch-orchestrator/src/main/java/io/github/pinpols/batch/orchestrator/infrastructure/scheduler/BatchDaySettleScheduler.java,86,java:S135,Reduce the total number of break and continue statements in this loop to use at most one.,OPEN,20min
MINOR,CODE_SMELL,batch-orchestrator/src/test/java/io/github/pinpols/batch/orchestrator/application/service/workflow/CrossDayDependencyResolverTest.java,138,java:S8694,"Use a ""java.time.Month"" enum constant instead of this int literal.",OPEN,5min
MINOR,CODE_SMELL,batch-worker/dispatch/src/test/java/io/github/pinpols/batch/worker/dispatchs/integration/DispatchChannelHealthServiceIntegrationTest.java,81,java:S5838,Use isZero() instead.,OPEN,5min
MINOR,CODE_SMELL,batch-worker/dispatch/src/test/java/io/github/pinpols/batch/worker/dispatchs/stage/RetryDispatchStepTest.java,83,java:S5838,"Use assertThat(actual).containsEntry(key, value) instead.",OPEN,5min
MINOR,CODE_SMELL,batch-orchestrator/src/test/java/io/github/pinpols/batch/orchestrator/integration/FileErrorRecordIntegrationTest.java,40,java:S5838,"Use assertThat(actual).containsEntry(key, value) instead.",OPEN,5min
MINOR,CODE_SMELL,batch-orchestrator/src/test/java/io/github/pinpols/batch/orchestrator/service/DefaultLaunchValidationServiceTest.java,143,java:S6068,"Remove this and every subsequent useless ""eq(...)"" invocation; pass the values directly.",OPEN,2min
MINOR,CODE_SMELL,batch-console-api/src/test/java/io/github/pinpols/batch/console/domain/workflow/infrastructure/DefaultConsoleWorkflowDefinitionApplicationServiceCreateUpdateValidationTest.java,81,java:S6068,"Remove this and every subsequent useless ""eq(...)"" invocation; pass the values directly.",OPEN,2min
MINOR,CODE_SMELL,batch-orchestrator/src/test/java/io/github/pinpols/batch/orchestrator/integration/BundleLaunchPartitionExpansionIntegrationTest.java,119,java:S5838,"Use assertThat(actual).containsEntry(key, value) instead.",OPEN,5min
MINOR,BUG,sdk/java/core/src/main/java/io/github/pinpols/batch/sdk/task/ProgressReporter.java,20,java:S3077,"Use a thread-safe type; adding ""volatile"" is not enough to make this field thread-safe.",OPEN,20min
MINOR,CODE_SMELL,batch-console-api/src/main/java/io/github/pinpols/batch/console/domain/ops/web/ConsoleForensicController.java,69,java:S2737,Add logic to this catch clause or eliminate it and rethrow the exception automatically.,OPEN,5min
MINOR,CODE_SMELL,sdk/java/core/src/test/java/io/github/pinpols/batch/sdk/dispatcher/SdkPlatformContractTest.java,144,java:S5853,Join these multiple assertions subject to one assertion chain.,OPEN,5min
MINOR,CODE_SMELL,batch-orchestrator/src/test/java/io/github/pinpols/batch/orchestrator/service/BatchDayGateServiceTest.java,114,java:S8694,"Use a ""java.time.Month"" enum constant instead of this int literal.",OPEN,5min
MINOR,CODE_SMELL,batch-common/src/main/java/io/github/pinpols/batch/common/storage/S3ObjectStore.java,123,java:S6244,Consider using the Consumer Builder method instead of creating this nested builder.,OPEN,5min
MINOR,CODE_SMELL,batch-console-api/src/test/java/io/github/pinpols/batch/console/domain/notification/service/ConsoleWebhookServiceTest.java,203,java:S6068,"Remove this and every subsequent useless ""eq(...)"" invocation; pass the values directly.",OPEN,2min
MINOR,CODE_SMELL,batch-trigger/src/test/java/io/github/pinpols/batch/trigger/support/CronExpressionAdapterTest.java,44,java:S8694,"Use a ""java.time.Month"" enum constant instead of this int literal.",OPEN,5min
MINOR,CODE_SMELL,batch-orchestrator/src/test/java/io/github/pinpols/batch/orchestrator/application/engine/TaskDispatchOutboxServiceTest.java,233,java:S8694,"Use a ""java.time.Month"" enum constant instead of this int literal.",OPEN,5min
MINOR,CODE_SMELL,batch-orchestrator/src/test/java/io/github/pinpols/batch/orchestrator/application/service/task/DefaultPartitionLifecycleServiceTest.java,97,java:S6068,"Remove this and every subsequent useless ""eq(...)"" invocation; pass the values directly.",OPEN,2min
MINOR,CODE_SMELL,batch-orchestrator/src/test/java/io/github/pinpols/batch/orchestrator/integration/WorkerClaimProgressCompleteIntegrationTest.java,58,java:S8694,"Use a ""java.time.Month"" enum constant instead of this int literal.",OPEN,5min
MINOR,CODE_SMELL,batch-console-api/src/test/java/io/github/pinpols/batch/console/integration/DeadLetterQueryIntegrationTest.java,64,java:S5853,Join these multiple assertions subject to one assertion chain.,OPEN,5min
MINOR,CODE_SMELL,batch-orchestrator/src/test/java/io/github/pinpols/batch/orchestrator/scheduler/quota/DatabaseQuotaRuntimeStateServiceTest.java,112,java:S8924,"Use a static import for ""when"".",OPEN,5min
MINOR,CODE_SMELL,batch-orchestrator/src/test/java/io/github/pinpols/batch/orchestrator/infrastructure/sharding/StaticShardAssignmentProviderTest.java,18,java:S5838,Use isZero() instead.,OPEN,5min
MINOR,CODE_SMELL,batch-console-api/src/test/java/io/github/pinpols/batch/console/domain/notification/service/AliyunSmsProviderTest.java,125,java:S5838,"Use assertThat(actual).containsEntry(key, value) instead.",OPEN,5min
MINOR,CODE_SMELL,batch-orchestrator/src/main/java/io/github/pinpols/batch/orchestrator/application/service/workflow/CrossDayDependencyResolver.java,83,java:S135,Reduce the total number of break and continue statements in this loop to use at most one.,OPEN,20min
MINOR,CODE_SMELL,batch-orchestrator/src/test/java/io/github/pinpols/batch/orchestrator/application/service/DefaultWorkerDrainGovernanceServiceTest.java,237,java:S6068,"Remove this and every subsequent useless ""eq(...)"" invocation; pass the values directly.",OPEN,2min
MINOR,CODE_SMELL,batch-console-api/src/test/java/io/github/pinpols/batch/console/integration/ConsoleBatchWindowMutationIntegrationTest.java,63,java:S5838,"Use assertThat(actual).containsEntry(key, value) instead.",OPEN,5min
MINOR,CODE_SMELL,batch-console-api/src/main/java/io/github/pinpols/batch/console/domain/job/infrastructure/DefaultConsoleBatchWindowApplicationService.java,69,java:S1125,Remove the unnecessary boolean literal.,OPEN,5min
MINOR,CODE_SMELL,batch-console-api/src/test/java/io/github/pinpols/batch/console/integration/ConsolePendingCatchUpQueryIntegrationTest.java,51,java:S5853,Join these multiple assertions subject to one assertion chain.,OPEN,5min
MINOR,CODE_SMELL,batch-orchestrator/src/main/java/io/github/pinpols/batch/orchestrator/application/plan/BundlePlanParams.java,46,java:S135,Reduce the total number of break and continue statements in this loop to use at most one.,OPEN,20min
MINOR,CODE_SMELL,batch-worker/import/src/test/java/io/github/pinpols/batch/worker/imports/stage/ParseStepFixtureTest.java,242,java:S5838,"Use assertThat(actual).containsEntry(key, value) instead.",OPEN,5min
MINOR,CODE_SMELL,batch-console-api/src/main/java/io/github/pinpols/batch/console/infrastructure/excel/ConfigPackageExcelWorkbookWriter.java,202,java:S2386,"Make this member ""protected"".",OPEN,15min
MINOR,CODE_SMELL,batch-console-api/src/test/java/io/github/pinpols/batch/console/domain/ops/service/ConsoleClusterDiagnosticServiceTest.java,114,java:S5838,"Use assertThat(actual).containsEntry(key, value) instead.",OPEN,5min
MINOR,CODE_SMELL,batch-orchestrator/src/test/java/io/github/pinpols/batch/orchestrator/service/BatchDayGateServiceTest.java,232,java:S8694,"Use a ""java.time.Month"" enum constant instead of this int literal.",OPEN,5min
MINOR,CODE_SMELL,batch-orchestrator/src/test/java/io/github/pinpols/batch/orchestrator/service/DefaultLaunchValidationServiceTest.java,111,java:S6068,"Remove this and every subsequent useless ""eq(...)"" invocation; pass the values directly.",OPEN,2min
MINOR,CODE_SMELL,sdk/java/core/src/test/java/io/github/pinpols/batch/sdk/dispatcher/SdkPlatformContractTest.java,90,java:S1130,"Remove the declaration of thrown exception 'java.io.IOException', as it cannot be thrown from method's body.",OPEN,5min
MINOR,CODE_SMELL,batch-orchestrator/src/test/java/io/github/pinpols/batch/orchestrator/application/service/workflow/WorkflowFanOutSupportTest.java,90,java:S5838,"Use assertThat(actual).containsEntry(key, value) instead.",OPEN,5min
MINOR,CODE_SMELL,batch-console-api/src/test/java/io/github/pinpols/batch/console/domain/audit/support/AuditAspectTenantFallbackTest.java,161,java:S8924,"Use a static import for ""when"".",OPEN,5min
MINOR,CODE_SMELL,batch-worker/atomic/src/test/java/io/github/pinpols/batch/worker/atomic/runtime/AtomicRuntimeStatusServiceTest.java,142,java:S8924,"Use a static import for ""mock"".",OPEN,5min
MINOR,CODE_SMELL,batch-orchestrator/src/test/java/io/github/pinpols/batch/orchestrator/application/engine/DefaultScheduleForwarderSetBasedTest.java,132,java:S8924,"Use a static import for ""times"".",OPEN,5min
MINOR,CODE_SMELL,batch-orchestrator/src/test/java/io/github/pinpols/batch/orchestrator/application/service/forensic/ForensicExportServiceTest.java,180,java:S8694,"Use a ""java.time.Month"" enum constant instead of this int literal.",OPEN,5min
MINOR,CODE_SMELL,batch-console-api/src/main/java/io/github/pinpols/batch/console/support/excel/ConsoleExcelPreviewWorkbookSupport.java,44,java:S135,Reduce the total number of break and continue statements in this loop to use at most one.,OPEN,20min
MINOR,CODE_SMELL,batch-orchestrator/src/test/java/io/github/pinpols/batch/orchestrator/application/service/version/ResultVersionWriterTest.java,142,java:S8694,"Use a ""java.time.Month"" enum constant instead of this int literal.",OPEN,5min
MINOR,CODE_SMELL,batch-orchestrator/src/test/java/io/github/pinpols/batch/orchestrator/application/service/sensor/SensorStateMachineTest.java,122,java:S6068,"Remove this and every subsequent useless ""eq(...)"" invocation; pass the values directly.",OPEN,2min
MINOR,CODE_SMELL,batch-orchestrator/src/test/java/io/github/pinpols/batch/orchestrator/application/engine/TaskDispatchOutboxServiceTest.java,245,java:S8694,"Use a ""java.time.Month"" enum constant instead of this int literal.",OPEN,5min
MINOR,CODE_SMELL,batch-orchestrator/src/test/java/io/github/pinpols/batch/orchestrator/application/service/workflow/BizDateArithmeticTest.java,112,java:S8694,"Use a ""java.time.Month"" enum constant instead of this int literal.",OPEN,5min
MINOR,CODE_SMELL,batch-trigger/src/test/java/io/github/pinpols/batch/trigger/integration/TriggerAsyncLaunchIntegrationTest.java,252,java:S8694,"Use a ""java.time.Month"" enum constant instead of this int literal.",OPEN,5min
MINOR,CODE_SMELL,batch-orchestrator/src/test/java/io/github/pinpols/batch/orchestrator/service/DefaultWorkerRegistryServiceTest.java,364,java:S6068,"Remove this and every subsequent useless ""eq(...)"" invocation; pass the values directly.",OPEN,2min
MINOR,CODE_SMELL,batch-orchestrator/src/test/java/io/github/pinpols/batch/orchestrator/service/DefaultLaunchValidationServiceTest.java,67,java:S8694,"Use a ""java.time.Month"" enum constant instead of this int literal.",OPEN,5min
MINOR,CODE_SMELL,batch-worker/core/src/test/java/io/github/pinpols/batch/worker/core/infrastructure/WorkerStartupRuntimeAuditTest.java,48,java:S5838,"Use assertThat(actual).containsEntry(key, value) instead.",OPEN,5min
MINOR,CODE_SMELL,batch-worker/core/src/main/java/io/github/pinpols/batch/worker/core/support/AbstractWorkerLoop.java,224,java:S7158,"Use ""isEmpty()"" to check whether a ""StringBuilder"" is empty or not.",OPEN,2min
MINOR,CODE_SMELL,batch-console-api/src/test/java/io/github/pinpols/batch/console/integration/ConsoleFileChannelMutationIntegrationTest.java,69,java:S5838,"Use assertThat(actual).containsEntry(key, value) instead.",OPEN,5min
MINOR,CODE_SMELL,batch-worker/import/src/test/java/io/github/pinpols/batch/worker/imports/stage/ParseStepFixtureTest.java,241,java:S5838,"Use assertThat(actual).containsEntry(key, value) instead.",OPEN,5min
MINOR,CODE_SMELL,batch-orchestrator/src/main/java/io/github/pinpols/batch/orchestrator/service/LaunchBatchDayService.java,510,java:S1488,"Immediately return this expression instead of assigning it to the temporary variable ""catchUpRequest"".",OPEN,2min
MINOR,BUG,sdk/java/testkit/src/main/java/io/github/pinpols/batch/sdk/testkit/FakeBatchPlatform.java,80,java:S3077,"Use a thread-safe type; adding ""volatile"" is not enough to make this field thread-safe.",OPEN,20min
MINOR,CODE_SMELL,batch-orchestrator/src/test/java/io/github/pinpols/batch/orchestrator/auth/ApiKeyVerifierTest.java,344,java:S6068,"Remove this useless ""eq(...)"" invocation; pass the values directly.",OPEN,2min
MINOR,CODE_SMELL,batch-orchestrator/src/test/java/io/github/pinpols/batch/orchestrator/integration/FileGovernanceIntegrationTest.java,304,java:S5838,"Use assertThat(actual).containsEntry(key, value) instead.",OPEN,5min
MINOR,CODE_SMELL,batch-orchestrator/src/test/java/io/github/pinpols/batch/orchestrator/service/BatchDayGateServiceTest.java,213,java:S8694,"Use a ""java.time.Month"" enum constant instead of this int literal.",OPEN,5min
MINOR,CODE_SMELL,batch-console-api/src/main/java/io/github/pinpols/batch/console/support/naming/ReservedPrefixGuard.java,47,java:S2386,"Make this member ""protected"".",OPEN,15min
MINOR,CODE_SMELL,batch-orchestrator/src/test/java/io/github/pinpols/batch/orchestrator/integration/FileGovernanceIntegrationTest.java,208,java:S5838,"Use assertThat(actual).containsEntry(key, value) instead.",OPEN,5min
MINOR,CODE_SMELL,batch-orchestrator/src/test/java/io/github/pinpols/batch/orchestrator/application/service/task/DefaultTaskAssignmentServiceTest.java,431,java:S6068,"Remove this and every subsequent useless ""eq(...)"" invocation; pass the values directly.",OPEN,2min
MINOR,CODE_SMELL,batch-worker/import/src/test/java/io/github/pinpols/batch/worker/imports/stage/ParseStepFixedWidthAndXmlTest.java,160,java:S5838,"Use assertThat(actual).containsEntry(key, value) instead.",OPEN,5min
MINOR,CODE_SMELL,batch-orchestrator/src/test/java/io/github/pinpols/batch/orchestrator/application/service/replay/BatchDayReplayServiceTest.java,101,java:S8694,"Use a ""java.time.Month"" enum constant instead of this int literal.",OPEN,5min
MINOR,CODE_SMELL,batch-orchestrator/src/test/java/io/github/pinpols/batch/orchestrator/integration/LineageEvidenceArchiveFallbackIntegrationTest.java,94,java:S5838,"Use assertThat(actual).containsEntry(key, value) instead.",OPEN,5min
MINOR,CODE_SMELL,batch-console-api/src/test/java/io/github/pinpols/batch/console/integration/ConsoleFileTemplateMutationIntegrationTest.java,70,java:S5838,"Use assertThat(actual).containsEntry(key, value) instead.",OPEN,5min
MINOR,CODE_SMELL,batch-console-api/src/test/java/io/github/pinpols/batch/console/domain/workflow/validation/WorkflowDagValidatorTest.java,204,java:S6068,"Remove this and every subsequent useless ""eq(...)"" invocation; pass the values directly.",OPEN,2min
MINOR,CODE_SMELL,batch-orchestrator/src/test/java/io/github/pinpols/batch/orchestrator/infrastructure/scheduler/AssetFreshnessPolicySchedulerTest.java,24,java:S8924,"Use a static import for ""mock"".",OPEN,5min
MINOR,CODE_SMELL,batch-orchestrator/src/test/java/io/github/pinpols/batch/orchestrator/application/service/forensic/ForensicExportServiceTest.java,113,java:S8694,"Use a ""java.time.Month"" enum constant instead of this int literal.",OPEN,5min
MINOR,CODE_SMELL,batch-orchestrator/src/test/java/io/github/pinpols/batch/orchestrator/application/service/workflow/DefaultWorkflowNodeDispatchServiceAllTypesTest.java,164,java:S6068,"Remove this and every subsequent useless ""eq(...)"" invocation; pass the values directly.",OPEN,2min
MINOR,CODE_SMELL,batch-console-api/src/test/java/io/github/pinpols/batch/console/config/ReplicaLagMonitorTest.java,128,java:S8924,"Use a static import for ""verify"".",OPEN,5min
MINOR,CODE_SMELL,batch-orchestrator/src/test/java/io/github/pinpols/batch/orchestrator/application/service/replay/BatchDayReplayServiceTest.java,73,java:S8694,"Use a ""java.time.Month"" enum constant instead of this int literal.",OPEN,5min
MINOR,CODE_SMELL,batch-orchestrator/src/test/java/io/github/pinpols/batch/orchestrator/integration/SchedulingDecisionLaunchIntegrationTest.java,76,java:S5838,Use isZero() instead.,OPEN,5min
MINOR,CODE_SMELL,batch-console-api/src/test/java/io/github/pinpols/batch/console/infrastructure/config/DefaultConsoleConfigApplicationServiceTest.java,271,java:S5838,"Use assertThat(actual).containsEntry(key, value) instead.",OPEN,5min
MINOR,CODE_SMELL,batch-worker/atomic/src/test/java/io/github/pinpols/batch/worker/atomic/runtime/AtomicRuntimeStatusServiceTest.java,93,java:S8924,"Use a static import for ""mock"".",OPEN,5min
MINOR,CODE_SMELL,batch-console-api/src/main/java/io/github/pinpols/batch/console/infrastructure/excel/BatchWindowExcelRowParser.java,35,java:S1488,"Immediately return this expression instead of assigning it to the temporary variable ""row"".",OPEN,2min
MINOR,CODE_SMELL,batch-orchestrator/src/test/java/io/github/pinpols/batch/orchestrator/service/BatchDayGateServiceTest.java,177,java:S8694,"Use a ""java.time.Month"" enum constant instead of this int literal.",OPEN,5min
MINOR,CODE_SMELL,batch-orchestrator/src/test/java/io/github/pinpols/batch/orchestrator/application/service/replay/BatchDayReplaySameJobCodeMultiEntryTest.java,93,java:S8924,"Use a static import for ""never"".",OPEN,5min
MINOR,CODE_SMELL,batch-orchestrator/src/test/java/io/github/pinpols/batch/orchestrator/application/service/task/LaunchApplicationServiceTest.java,75,java:S6068,"Remove this and every subsequent useless ""eq(...)"" invocation; pass the values directly.",OPEN,2min
MINOR,CODE_SMELL,batch-orchestrator/src/test/java/io/github/pinpols/batch/orchestrator/application/service/DefaultCompensationServiceTest.java,310,java:S8924,"Use a static import for ""verify"".",OPEN,5min
MINOR,CODE_SMELL,batch-orchestrator/src/test/java/io/github/pinpols/batch/orchestrator/integration/BundleLaunchPartitionExpansionIntegrationTest.java,120,java:S5838,"Use assertThat(actual).containsEntry(key, value) instead.",OPEN,5min
MINOR,CODE_SMELL,batch-worker/import/src/test/java/io/github/pinpols/batch/worker/imports/stage/ParseStepFixedWidthAndXmlTest.java,128,java:S5838,"Use assertThat(actual).containsEntry(key, value) instead.",OPEN,5min
MINOR,CODE_SMELL,batch-orchestrator/src/test/java/io/github/pinpols/batch/orchestrator/application/service/forensic/ForensicExportServiceTest.java,136,java:S8694,"Use a ""java.time.Month"" enum constant instead of this int literal.",OPEN,5min
MINOR,CODE_SMELL,batch-orchestrator/src/test/java/io/github/pinpols/batch/orchestrator/application/service/DefaultTaskCreationServiceTest.java,224,java:S8924,"Use a static import for ""times"".",OPEN,5min
MINOR,CODE_SMELL,batch-common/src/main/java/io/github/pinpols/batch/common/rls/RlsPolicyHealthIndicator.java,24,java:S2386,"Make this member ""protected"".",OPEN,15min
MINOR,CODE_SMELL,batch-common/src/test/java/io/github/pinpols/batch/common/config/BatchKafkaProducerSupportTest.java,25,java:S5853,Join these multiple assertions subject to one assertion chain.,OPEN,5min
MINOR,CODE_SMELL,batch-console-api/src/main/java/io/github/pinpols/batch/console/infrastructure/workflow/DefaultConsolePipelineDefinitionApplicationService.java,113,java:S1125,Remove the unnecessary boolean literal.,OPEN,5min
MINOR,CODE_SMELL,batch-worker/import/src/test/java/io/github/pinpols/batch/worker/imports/integration/ImportIngressScannerIntegrationTest.java,84,java:S5838,"Use assertThat(actual).containsEntry(key, value) instead.",OPEN,5min
MINOR,CODE_SMELL,batch-worker/export/src/test/java/io/github/pinpols/batch/worker/exports/stage/StoreStepTest.java,72,java:S6068,"Remove this useless ""eq(...)"" invocation; pass the values directly.",OPEN,2min
MINOR,CODE_SMELL,batch-orchestrator/src/test/java/io/github/pinpols/batch/orchestrator/application/service/task/TaskOutcomeSummaryBuilderTest.java,153,java:S5838,"Use assertThat(actual).containsEntry(key, value) instead.",OPEN,5min
MINOR,CODE_SMELL,batch-orchestrator/src/test/java/io/github/pinpols/batch/orchestrator/integration/FileErrorRecordIntegrationTest.java,90,java:S5853,Join these multiple assertions subject to one assertion chain.,OPEN,5min
MINOR,CODE_SMELL,batch-orchestrator/src/test/java/io/github/pinpols/batch/orchestrator/application/service/task/InstanceManagementPauseResumeTest.java,120,java:S5838,"Use assertThat(actual).containsEntry(key, value) instead.",OPEN,5min
MINOR,CODE_SMELL,batch-orchestrator/src/test/java/io/github/pinpols/batch/orchestrator/application/service/workflow/WorkflowFanOutSupportTest.java,89,java:S5838,"Use assertThat(actual).containsEntry(key, value) instead.",OPEN,5min
MINOR,CODE_SMELL,batch-worker/atomic/src/test/java/io/github/pinpols/batch/worker/atomic/storedproc/StoredProcHardeningTest.java,168,java:S5838,"Use assertThat(actual).containsEntry(key, value) instead.",OPEN,5min
MINOR,CODE_SMELL,batch-worker/dispatch/src/test/java/io/github/pinpols/batch/worker/dispatchs/infrastructure/ChannelConfigMergeTest.java,60,java:S5838,"Use assertThat(actual).containsEntry(key, value) instead.",OPEN,5min
MINOR,CODE_SMELL,batch-orchestrator/src/test/java/io/github/pinpols/batch/orchestrator/application/service/task/DefaultTaskOutcomeServiceTest.java,229,java:S8924,"Use a static import for ""doThrow"".",OPEN,5min
MINOR,CODE_SMELL,batch-worker/process/src/test/java/io/github/pinpols/batch/worker/processes/stage/DefaultProcessStageExecutorTest.java,411,java:S5838,"Use assertThat(actual).containsEntry(key, value) instead.",OPEN,5min
MINOR,CODE_SMELL,batch-orchestrator/src/test/java/io/github/pinpols/batch/orchestrator/application/service/workflow/BizDateArithmeticTest.java,60,java:S8694,"Use a ""java.time.Month"" enum constant instead of this int literal.",OPEN,5min
MINOR,BUG,batch-common/src/main/java/io/github/pinpols/batch/common/utils/CorrelationIds.java,38,java:S2637,"This method's return value is marked ""@NullMarked at package level"" but null is returned.",OPEN,15min
MINOR,CODE_SMELL,batch-orchestrator/src/test/java/io/github/pinpols/batch/orchestrator/service/DefaultLaunchServiceTest.java,580,java:S8694,"Use a ""java.time.Month"" enum constant instead of this int literal.",OPEN,5min
MINOR,CODE_SMELL,batch-common/src/main/java/io/github/pinpols/batch/common/web/BoundedRequestBodyReader.java,27,java:S1905,"Remove this unnecessary cast to ""long"".",OPEN,5min
MINOR,CODE_SMELL,batch-console-api/src/test/java/io/github/pinpols/batch/console/domain/ops/web/response/OpsMapResponseJacksonTest.java,199,java:S5853,Join these multiple assertions subject to one assertion chain.,OPEN,5min
MINOR,CODE_SMELL,batch-common/src/main/java/io/github/pinpols/batch/common/storage/S3ObjectStore.java,256,java:S6244,Consider using the Consumer Builder method instead of creating this nested builder.,OPEN,5min
MINOR,CODE_SMELL,batch-orchestrator/src/test/java/io/github/pinpols/batch/orchestrator/integration/BundleLaunchPartitionExpansionIntegrationTest.java,102,java:S5838,"Use assertThat(actual).containsEntry(key, value) instead.",OPEN,5min
MINOR,CODE_SMELL,batch-console-api/src/main/java/io/github/pinpols/batch/console/domain/rbac/support/LoginFailureTracker.java,99,java:S1905,"Remove this unnecessary cast to ""long"".",OPEN,5min
MINOR,CODE_SMELL,sdk/java/core/src/test/java/io/github/pinpols/batch/sdk/dispatcher/TaskDispatchMessageTest.java,52,java:S8694,"Use a ""java.time.Month"" enum constant instead of this int literal.",OPEN,5min
MINOR,CODE_SMELL,batch-worker/core/src/main/java/io/github/pinpols/batch/worker/core/infrastructure/HttpTaskExecutionClient.java,410,java:S135,Reduce the total number of break and continue statements in this loop to use at most one.,OPEN,20min
MINOR,CODE_SMELL,batch-orchestrator/src/test/java/io/github/pinpols/batch/orchestrator/infrastructure/lineage/OpenLineageEmitterTest.java,106,java:S5838,"Use assertThat(actual).containsEntry(key, value) instead.",OPEN,5min
MINOR,CODE_SMELL,batch-console-api/src/test/java/io/github/pinpols/batch/console/domain/job/web/response/JobMapResponseJacksonTest.java,51,java:S5853,Join these multiple assertions subject to one assertion chain.,OPEN,5min
MINOR,CODE_SMELL,batch-console-api/src/test/java/io/github/pinpols/batch/console/domain/notification/web/response/NotificationMapResponseJacksonTest.java,171,java:S5853,Join these multiple assertions subject to one assertion chain.,OPEN,5min
MINOR,BUG,batch-worker/import/src/main/java/io/github/pinpols/batch/worker/imports/stage/PreprocessStep.java,,java:S2184,"Cast one of the operands of this subtraction operation to a ""long"".",CLOSED,5min
MINOR,CODE_SMELL,batch-trigger/src/test/java/io/github/pinpols/batch/trigger/service/CalendarBizDateResolverTest.java,46,java:S8694,"Use a ""java.time.Month"" enum constant instead of this int literal.",OPEN,5min
MINOR,CODE_SMELL,batch-trigger/src/test/java/io/github/pinpols/batch/trigger/service/DefaultLaunchAdapterServiceTest.java,175,java:S8694,"Use a ""java.time.Month"" enum constant instead of this int literal.",OPEN,5min
MINOR,VULNERABILITY,batch-console-api/src/main/java/io/github/pinpols/batch/console/config/ConsoleSecurityConfiguration.java,107,java:S3330,"Make sure creating this cookie without the ""HttpOnly"" flag is safe.",OPEN,10min
MINOR,BUG,batch-worker/import/src/main/java/io/github/pinpols/batch/worker/imports/preprocess/ImportPreprocessPipeline.java,76,java:S3077,"Use a thread-safe type; adding ""volatile"" is not enough to make this field thread-safe.",OPEN,20min
MINOR,CODE_SMELL,batch-orchestrator/src/test/java/io/github/pinpols/batch/orchestrator/application/service/task/DefaultTaskAssignmentServiceTest.java,188,java:S6068,"Remove this and every subsequent useless ""eq(...)"" invocation; pass the values directly.",OPEN,2min
MINOR,CODE_SMELL,batch-console-api/src/main/java/io/github/pinpols/batch/console/shared/query/ConsoleQuerySupport.java,38,java:S4276,Refactor this code to use the more specialised Functional Interface 'ToLongFunction<S>',OPEN,5min
MINOR,CODE_SMELL,batch-worker/core/src/main/java/io/github/pinpols/batch/worker/core/support/AbstractTaskConsumer.java,270,java:S1126,Replace this if-then-else statement by a single return statement.,OPEN,2min
MINOR,CODE_SMELL,batch-console-api/src/test/java/io/github/pinpols/batch/console/domain/rbac/support/captcha/TencentCaptchaVerifierTest.java,203,java:S5853,Join these multiple assertions subject to one assertion chain.,OPEN,5min
MINOR,CODE_SMELL,batch-worker/atomic/src/main/java/io/github/pinpols/batch/worker/atomic/http/HttpTaskExecutor.java,436,java:S6201,Replace this instanceof check and cast with 'instanceof String string',OPEN,5min
MINOR,CODE_SMELL,batch-orchestrator/src/test/java/io/github/pinpols/batch/orchestrator/infrastructure/scheduler/CrossDayDependencyReconcilerTest.java,116,java:S8694,"Use a ""java.time.Month"" enum constant instead of this int literal.",OPEN,5min
MINOR,CODE_SMELL,batch-orchestrator/src/test/java/io/github/pinpols/batch/orchestrator/integration/JobNodeDispatchIntegrationTest.java,41,java:S8694,"Use a ""java.time.Month"" enum constant instead of this int literal.",OPEN,5min
MINOR,CODE_SMELL,batch-orchestrator/src/test/java/io/github/pinpols/batch/orchestrator/web/TaskControllerTest.java,83,java:S6068,"Remove this and every subsequent useless ""eq(...)"" invocation; pass the values directly.",OPEN,2min
MINOR,CODE_SMELL,batch-worker/import/src/test/java/io/github/pinpols/batch/worker/imports/stage/ParseStepFixedWidthAndXmlTest.java,104,java:S5838,"Use assertThat(actual).containsEntry(key, value) instead.",OPEN,5min
MINOR,CODE_SMELL,batch-orchestrator/src/test/java/io/github/pinpols/batch/orchestrator/infrastructure/scheduler/AssetFreshnessPolicySchedulerTest.java,23,java:S8924,"Use a static import for ""mock"".",OPEN,5min
MINOR,CODE_SMELL,batch-orchestrator/src/test/java/io/github/pinpols/batch/orchestrator/application/service/workflow/BizDateArithmeticTest.java,24,java:S8694,"Use a ""java.time.Month"" enum constant instead of this int literal.",OPEN,5min
MINOR,CODE_SMELL,batch-console-api/src/test/java/io/github/pinpols/batch/console/integration/ConsoleAtomicTaskConfigMutationIntegrationTest.java,62,java:S5838,"Use assertThat(actual).containsEntry(key, value) instead.",OPEN,5min
MINOR,CODE_SMELL,batch-orchestrator/src/test/java/io/github/pinpols/batch/orchestrator/application/service/workflow/CrossDayDependencyResolverTest.java,153,java:S8694,"Use a ""java.time.Month"" enum constant instead of this int literal.",OPEN,5min
MINOR,CODE_SMELL,batch-orchestrator/src/test/java/io/github/pinpols/batch/orchestrator/application/service/task/DefaultPartitionLifecycleServiceTest.java,282,java:S5838,"Use assertThat(actual).containsEntry(key, value) instead.",OPEN,5min
MINOR,CODE_SMELL,batch-orchestrator/src/test/java/io/github/pinpols/batch/orchestrator/service/CutoffScheduleResolverTest.java,59,java:S8694,"Use a ""java.time.Month"" enum constant instead of this int literal.",OPEN,5min
MINOR,CODE_SMELL,batch-worker/atomic/src/test/java/io/github/pinpols/batch/worker/atomic/shell/ShellTaskExecutorTest.java,234,java:S1130,"Remove the declaration of thrown exception 'java.lang.Exception', as it cannot be thrown from method's body.",OPEN,5min
MINOR,CODE_SMELL,batch-worker/dispatch/src/test/java/io/github/pinpols/batch/worker/dispatchs/infrastructure/channel/RemoteFilesystemNasPathTest.java,86,java:S5838,"Use assertThat(actual).containsEntry(key, value) instead.",OPEN,5min
MINOR,CODE_SMELL,batch-orchestrator/src/test/java/io/github/pinpols/batch/orchestrator/service/CutoffScheduleResolverTest.java,56,java:S8694,"Use a ""java.time.Month"" enum constant instead of this int literal.",OPEN,5min
MINOR,CODE_SMELL,batch-orchestrator/src/test/java/io/github/pinpols/batch/orchestrator/application/service/workflow/DefaultWorkflowNodeDispatchServiceTest.java,228,java:S6068,"Remove this and every subsequent useless ""eq(...)"" invocation; pass the values directly.",OPEN,2min
MINOR,CODE_SMELL,batch-orchestrator/src/test/java/io/github/pinpols/batch/orchestrator/application/service/task/DefaultPartitionDispatchServiceTest.java,21,java:S8694,"Use a ""java.time.Month"" enum constant instead of this int literal.",OPEN,5min
MINOR,CODE_SMELL,batch-orchestrator/src/test/java/io/github/pinpols/batch/orchestrator/application/engine/TaskDispatchOutboxServiceTest.java,249,java:S8694,"Use a ""java.time.Month"" enum constant instead of this int literal.",OPEN,5min
MINOR,CODE_SMELL,batch-orchestrator/src/test/java/io/github/pinpols/batch/orchestrator/application/service/DefaultTaskCreationServiceTest.java,45,java:S5838,Use isZero() instead.,OPEN,5min
MINOR,CODE_SMELL,batch-console-api/src/main/java/io/github/pinpols/batch/console/infrastructure/config/DefaultConsoleTenantConfigPackageExcelApplicationService.java,451,java:S1659,"Declare ""updated"" on a separate line.",OPEN,2min
MINOR,CODE_SMELL,batch-orchestrator/src/test/java/io/github/pinpols/batch/orchestrator/infrastructure/scheduler/CrossDayDependencyReconcilerTest.java,175,java:S8694,"Use a ""java.time.Month"" enum constant instead of this int literal.",OPEN,5min
MINOR,BUG,batch-console-api/src/test/java/io/github/pinpols/batch/console/integration/ConsolePushApprovalNotificationMapperIntegrationTest.java,51,java:S5841,Test the emptiness of the list before calling this assertion predicate.,OPEN,5min
MINOR,CODE_SMELL,batch-console-api/src/test/java/io/github/pinpols/batch/console/domain/ops/service/ConsoleClusterDiagnosticServiceTest.java,126,java:S5838,"Use assertThat(actual).containsEntry(key, value) instead.",OPEN,5min
MINOR,CODE_SMELL,batch-orchestrator/src/test/java/io/github/pinpols/batch/orchestrator/integration/FileErrorRecordIntegrationTest.java,69,java:S5838,"Use assertThat(actual).containsEntry(key, value) instead.",OPEN,5min
MINOR,CODE_SMELL,batch-orchestrator/src/test/java/io/github/pinpols/batch/orchestrator/application/service/task/DefaultTaskAssignmentServiceTest.java,254,java:S6068,"Remove this and every subsequent useless ""eq(...)"" invocation; pass the values directly.",OPEN,2min
MINOR,CODE_SMELL,batch-orchestrator/src/test/java/io/github/pinpols/batch/orchestrator/application/service/workflow/BizDateArithmeticTest.java,49,java:S8694,"Use a ""java.time.Month"" enum constant instead of this int literal.",OPEN,5min
MINOR,CODE_SMELL,batch-console-api/src/test/java/io/github/pinpols/batch/console/domain/ops/service/ConsoleClusterDiagnosticServiceTest.java,67,java:S5838,"Use assertThat(actual).containsEntry(key, value) instead.",OPEN,5min
MINOR,CODE_SMELL,batch-trigger/src/test/java/io/github/pinpols/batch/trigger/service/DefaultLaunchAdapterServiceTest.java,38,java:S8694,"Use a ""java.time.Month"" enum constant instead of this int literal.",OPEN,5min
MINOR,CODE_SMELL,batch-worker/import/src/main/java/io/github/pinpols/batch/worker/imports/runtime/ImportIngressScanner.java,105,java:S135,Reduce the total number of break and continue statements in this loop to use at most one.,OPEN,20min
MINOR,CODE_SMELL,batch-orchestrator/src/test/java/io/github/pinpols/batch/orchestrator/application/service/version/ResultVersionQueryServiceTest.java,101,java:S8694,"Use a ""java.time.Month"" enum constant instead of this int literal.",OPEN,5min
MINOR,CODE_SMELL,batch-worker/export/src/test/java/io/github/pinpols/batch/worker/exports/plugin/SqlTemplateExportKeysetRangeTest.java,58,java:S5853,Join these multiple assertions subject to one assertion chain.,OPEN,5min
MINOR,CODE_SMELL,batch-orchestrator/src/main/java/io/github/pinpols/batch/orchestrator/application/service/workflow/WorkflowGraphValidator.java,61,java:S6353,Use concise character class syntax '\\w' instead of '[A-Za-z0-9_]'.,OPEN,5min
MINOR,CODE_SMELL,batch-orchestrator/src/test/java/io/github/pinpols/batch/orchestrator/infrastructure/scheduler/BatchDaySettleSchedulerTest.java,254,java:S8694,"Use a ""java.time.Month"" enum constant instead of this int literal.",OPEN,5min
MINOR,CODE_SMELL,batch-orchestrator/src/test/java/io/github/pinpols/batch/orchestrator/integration/ConcurrentTaskClaimIntegrationTest.java,54,java:S8694,"Use a ""java.time.Month"" enum constant instead of this int literal.",OPEN,5min
MINOR,CODE_SMELL,batch-orchestrator/src/test/java/io/github/pinpols/batch/orchestrator/application/service/replay/BatchDayReplayServiceTest.java,269,java:S8694,"Use a ""java.time.Month"" enum constant instead of this int literal.",OPEN,5min
MINOR,CODE_SMELL,batch-worker/atomic/src/main/java/io/github/pinpols/batch/worker/atomic/shell/ShellTaskExecutor.java,194,java:S6201,Replace this instanceof check and cast with 'instanceof String string',OPEN,5min
MINOR,CODE_SMELL,batch-orchestrator/src/test/java/io/github/pinpols/batch/orchestrator/application/engine/DefaultScheduleForwarderSetBasedTest.java,117,java:S6068,"Remove this and every subsequent useless ""eq(...)"" invocation; pass the values directly.",OPEN,2min
MINOR,CODE_SMELL,batch-trigger/src/test/java/io/github/pinpols/batch/trigger/service/CalendarBizDateResolverTest.java,28,java:S8694,"Use a ""java.time.Month"" enum constant instead of this int literal.",OPEN,5min
MINOR,CODE_SMELL,batch-worker/export/src/test/java/io/github/pinpols/batch/worker/exports/stage/GenerateStepTest.java,364,java:S5838,"Use assertThat(actual).containsEntry(key, value) instead.",OPEN,5min
MINOR,CODE_SMELL,batch-console-api/src/test/java/io/github/pinpols/batch/console/integration/SoftDeleteRecoveryIntegrationTest.java,96,java:S5838,"Use assertThat(actual).containsEntry(key, value) instead.",OPEN,5min
MINOR,CODE_SMELL,sdk/java/core/src/test/java/io/github/pinpols/batch/sdk/dispatcher/TaskDispatchMessageTest.java,105,java:S1130,"Remove the declaration of thrown exception 'java.lang.Exception', as it cannot be thrown from method's body.",OPEN,5min
MINOR,CODE_SMELL,batch-orchestrator/src/test/java/io/github/pinpols/batch/orchestrator/application/service/forensic/ForensicExportServiceTest.java,179,java:S8694,"Use a ""java.time.Month"" enum constant instead of this int literal.",OPEN,5min
MINOR,CODE_SMELL,batch-orchestrator/src/test/java/io/github/pinpols/batch/orchestrator/application/service/workflow/CrossDayDependencyResolverTest.java,49,java:S8694,"Use a ""java.time.Month"" enum constant instead of this int literal.",OPEN,5min
MINOR,CODE_SMELL,batch-orchestrator/src/test/java/io/github/pinpols/batch/orchestrator/application/service/task/DefaultTaskAssignmentServiceTest.java,111,java:S6068,"Remove this and every subsequent useless ""eq(...)"" invocation; pass the values directly.",OPEN,2min
MINOR,CODE_SMELL,batch-worker/process/src/main/java/io/github/pinpols/batch/worker/processes/sql/SqlTransformComputePlugin.java,614,java:S1488,"Immediately return this expression instead of assigning it to the temporary variable ""target"".",OPEN,2min
MINOR,CODE_SMELL,batch-orchestrator/src/test/java/io/github/pinpols/batch/orchestrator/application/service/version/ResultVersionQueryServiceTest.java,87,java:S6068,"Remove this and every subsequent useless ""eq(...)"" invocation; pass the values directly.",OPEN,2min
MINOR,CODE_SMELL,batch-worker/atomic/src/main/java/io/github/pinpols/batch/worker/atomic/storedproc/StoredProcTaskExecutor.java,203,java:S6201,Replace this instanceof check and cast with 'instanceof Number number',OPEN,5min
MINOR,CODE_SMELL,batch-worker/import/src/main/java/io/github/pinpols/batch/worker/imports/stage/ReceiveStep.java,274,java:S1905,"Remove this unnecessary cast to ""Map"".",OPEN,5min
MINOR,BUG,batch-orchestrator/src/main/java/io/github/pinpols/batch/orchestrator/application/service/task/TaskControllerApplicationService.java,143,java:S2184,"Cast one of the operands of this subtraction operation to a ""double"".",OPEN,5min
MINOR,CODE_SMELL,batch-orchestrator/src/test/java/io/github/pinpols/batch/orchestrator/integration/ReportInvocationFenceIntegrationTest.java,61,java:S8694,"Use a ""java.time.Month"" enum constant instead of this int literal.",OPEN,5min
MINOR,CODE_SMELL,batch-worker/core/src/test/java/io/github/pinpols/batch/worker/core/application/TaskDispatchExecutorTest.java,87,java:S6068,"Remove this and every subsequent useless ""eq(...)"" invocation; pass the values directly.",OPEN,2min
MINOR,CODE_SMELL,batch-orchestrator/src/test/java/io/github/pinpols/batch/orchestrator/service/DefaultLaunchValidationServiceTest.java,184,java:S6068,"Remove this and every subsequent useless ""eq(...)"" invocation; pass the values directly.",OPEN,2min
MINOR,BUG,batch-console-api/src/test/java/io/github/pinpols/batch/console/integration/ConsolePushJobNotificationMapperIntegrationTest.java,87,java:S5841,Test the emptiness of the list before calling this assertion predicate.,OPEN,5min
MINOR,CODE_SMELL,batch-orchestrator/src/test/java/io/github/pinpols/batch/orchestrator/application/service/asset/AssetFreshnessPolicyServiceTest.java,124,java:S8694,"Use a ""java.time.Month"" enum constant instead of this int literal.",OPEN,5min
MINOR,CODE_SMELL,batch-orchestrator/src/test/java/io/github/pinpols/batch/orchestrator/integration/TaskBatchClaimReportIntegrationTest.java,63,java:S8694,"Use a ""java.time.Month"" enum constant instead of this int literal.",OPEN,5min
MINOR,CODE_SMELL,batch-orchestrator/src/test/java/io/github/pinpols/batch/orchestrator/service/DefaultLaunchValidationServiceTest.java,141,java:S6068,"Remove this and every subsequent useless ""eq(...)"" invocation; pass the values directly.",OPEN,2min
MINOR,CODE_SMELL,batch-orchestrator/src/test/java/io/github/pinpols/batch/orchestrator/application/service/governance/DefaultFileGovernanceServiceTest.java,300,java:S6068,"Remove this and every subsequent useless ""eq(...)"" invocation; pass the values directly.",OPEN,2min
MINOR,CODE_SMELL,batch-console-api/src/test/java/io/github/pinpols/batch/console/domain/rbac/service/ConsoleTenantApplicationServiceTest.java,265,java:S8924,"Use a static import for ""doThrow"".",OPEN,5min
MINOR,CODE_SMELL,batch-orchestrator/src/test/java/io/github/pinpols/batch/orchestrator/application/service/workflow/WorkflowFanOutSupportTest.java,93,java:S5838,"Use assertThat(actual).containsEntry(key, value) instead.",OPEN,5min
MINOR,CODE_SMELL,batch-worker/export/src/test/java/io/github/pinpols/batch/worker/exports/stage/RegisterStepTest.java,61,java:S6068,"Remove this and every subsequent useless ""eq(...)"" invocation; pass the values directly.",OPEN,2min
MINOR,CODE_SMELL,batch-common/src/test/java/io/github/pinpols/batch/common/rls/RlsTenantIsolationIntegrationTest.java,197,java:S5838,Use isZero() instead.,OPEN,5min
MINOR,CODE_SMELL,batch-orchestrator/src/test/java/io/github/pinpols/batch/orchestrator/application/service/workflow/CrossDayDependencyResolverTest.java,59,java:S5838,"Use assertThat(actual).containsEntry(key, value) instead.",OPEN,5min
MINOR,CODE_SMELL,batch-orchestrator/src/test/java/io/github/pinpols/batch/orchestrator/service/DefaultLaunchValidationServiceTest.java,128,java:S6068,"Remove this and every subsequent useless ""eq(...)"" invocation; pass the values directly.",OPEN,2min
MINOR,CODE_SMELL,batch-orchestrator/src/test/java/io/github/pinpols/batch/orchestrator/application/service/DefaultWorkerDrainGovernanceServiceTest.java,124,java:S6068,"Remove this and every subsequent useless ""eq(...)"" invocation; pass the values directly.",OPEN,2min
MINOR,CODE_SMELL,batch-orchestrator/src/test/java/io/github/pinpols/batch/orchestrator/application/service/dryrun/DefaultDryRunPlanServiceTest.java,229,java:S8694,"Use a ""java.time.Month"" enum constant instead of this int literal.",OPEN,5min
MINOR,CODE_SMELL,batch-orchestrator/src/test/java/io/github/pinpols/batch/orchestrator/application/service/dataquality/DataQualityCheckExecutorTest.java,158,java:S8694,"Use a ""java.time.Month"" enum constant instead of this int literal.",OPEN,5min
MINOR,CODE_SMELL,batch-orchestrator/src/test/java/io/github/pinpols/batch/orchestrator/integration/LineageEvidenceArchiveFallbackIntegrationTest.java,93,java:S5838,"Use assertThat(actual).containsEntry(key, value) instead.",OPEN,5min
MINOR,CODE_SMELL,batch-orchestrator/src/test/java/io/github/pinpols/batch/orchestrator/service/DefaultWorkerRegistryServiceTest.java,348,java:S6068,"Remove this and every subsequent useless ""eq(...)"" invocation; pass the values directly.",OPEN,2min
MINOR,CODE_SMELL,batch-console-api/src/test/java/io/github/pinpols/batch/console/domain/notification/web/ConsoleAlertRoutingControllerBehaviorTest.java,72,java:S6068,"Remove this and every subsequent useless ""eq(...)"" invocation; pass the values directly.",OPEN,2min
MINOR,CODE_SMELL,batch-worker/dispatch/src/test/java/io/github/pinpols/batch/worker/dispatchs/infrastructure/channel/DispatchChannelCircuitBreakerTest.java,150,java:S5838,Use isZero() instead.,OPEN,5min
MINOR,BUG,batch-console-api/src/test/java/io/github/pinpols/batch/console/integration/ConsolePushApprovalNotificationMapperIntegrationTest.java,71,java:S5841,Test the emptiness of the list before calling this assertion predicate.,OPEN,5min
MINOR,CODE_SMELL,batch-console-api/src/main/java/io/github/pinpols/batch/console/domain/rbac/support/captcha/AliyunCaptchaVerifier.java,171,java:S1130,"Remove the declaration of thrown exception 'java.lang.Exception', as it cannot be thrown from method's body.",OPEN,5min
MINOR,CODE_SMELL,batch-orchestrator/src/test/java/io/github/pinpols/batch/orchestrator/integration/ExactlyOnceCrashRecoveryIntegrationTest.java,91,java:S5838,Use isZero() instead.,OPEN,5min
MINOR,CODE_SMELL,batch-console-api/src/main/java/io/github/pinpols/batch/console/infrastructure/excel/ConfigPackageExcelValidator.java,590,java:S1602,Remove useless curly braces around statement,OPEN,5min
MINOR,CODE_SMELL,batch-console-api/src/test/java/io/github/pinpols/batch/console/domain/observability/web/ConsoleQueryControllerTest.java,363,java:S8694,"Use a ""java.time.Month"" enum constant instead of this int literal.",OPEN,5min
MINOR,CODE_SMELL,batch-console-api/src/test/java/io/github/pinpols/batch/console/integration/ConsoleRetryScheduleQueryIntegrationTest.java,76,java:S5853,Join these multiple assertions subject to one assertion chain.,OPEN,5min
MINOR,CODE_SMELL,batch-orchestrator/src/test/java/io/github/pinpols/batch/orchestrator/application/service/DefaultTaskOutcomeServiceTest.java,244,java:S6068,"Remove this and every subsequent useless ""eq(...)"" invocation; pass the values directly.",OPEN,2min
MINOR,CODE_SMELL,batch-trigger/src/test/java/io/github/pinpols/batch/trigger/integration/TriggerDedupRequiresNewIntegrationTest.java,114,java:S8694,"Use a ""java.time.Month"" enum constant instead of this int literal.",OPEN,5min
MINOR,CODE_SMELL,batch-orchestrator/src/test/java/io/github/pinpols/batch/orchestrator/integration/JobTypeOutboxChainIntegrationTest.java,43,java:S8694,"Use a ""java.time.Month"" enum constant instead of this int literal.",OPEN,5min
MINOR,CODE_SMELL,batch-orchestrator/src/test/java/io/github/pinpols/batch/orchestrator/application/service/DefaultCompensationServiceTest.java,220,java:S8924,"Use a static import for ""verify"".",OPEN,5min
MINOR,CODE_SMELL,batch-worker/export/src/test/java/io/github/pinpols/batch/worker/exports/plugin/SqlTemplateExportDataPluginTest.java,25,java:S5853,Join these multiple assertions subject to one assertion chain.,OPEN,5min
MINOR,CODE_SMELL,batch-orchestrator/src/test/java/io/github/pinpols/batch/orchestrator/service/LaunchParamResolverTest.java,271,java:S5853,Join these multiple assertions subject to one assertion chain.,OPEN,5min
MINOR,CODE_SMELL,batch-orchestrator/src/test/java/io/github/pinpols/batch/orchestrator/service/BatchDayGateServiceTest.java,229,java:S8694,"Use a ""java.time.Month"" enum constant instead of this int literal.",OPEN,5min
MINOR,CODE_SMELL,batch-orchestrator/src/test/java/io/github/pinpols/batch/orchestrator/application/service/replay/BatchDayReplayServiceTest.java,79,java:S8694,"Use a ""java.time.Month"" enum constant instead of this int literal.",OPEN,5min
MINOR,CODE_SMELL,batch-console-api/src/main/java/io/github/pinpols/batch/console/infrastructure/workflow/DefaultConsolePipelineDefinitionApplicationService.java,207,java:S1125,Remove the unnecessary boolean literal.,OPEN,5min
MINOR,CODE_SMELL,batch-orchestrator/src/test/java/io/github/pinpols/batch/orchestrator/application/service/replay/BatchDayReplayServiceTest.java,241,java:S8694,"Use a ""java.time.Month"" enum constant instead of this int literal.",OPEN,5min
MINOR,CODE_SMELL,batch-orchestrator/src/test/java/io/github/pinpols/batch/orchestrator/application/service/governance/DefaultFileGovernanceServiceTest.java,676,java:S5838,"Use assertThat(actual).containsEntry(key, value) instead.",OPEN,5min
MINOR,CODE_SMELL,batch-orchestrator/src/test/java/io/github/pinpols/batch/orchestrator/service/DefaultWorkerRegistryServiceTest.java,525,java:S6068,"Remove this and every subsequent useless ""eq(...)"" invocation; pass the values directly.",OPEN,2min
MINOR,CODE_SMELL,batch-orchestrator/src/test/java/io/github/pinpols/batch/orchestrator/application/service/version/ResultVersionQueryServiceTest.java,63,java:S8694,"Use a ""java.time.Month"" enum constant instead of this int literal.",OPEN,5min
MINOR,CODE_SMELL,batch-worker/dispatch/src/test/java/io/github/pinpols/batch/worker/dispatchs/infrastructure/ChannelConfigMergeTest.java,46,java:S5838,"Use assertThat(actual).containsEntry(key, value) instead.",OPEN,5min
MINOR,CODE_SMELL,batch-trigger/src/test/java/io/github/pinpols/batch/trigger/support/CronExpressionAdapterTest.java,50,java:S8694,"Use a ""java.time.Month"" enum constant instead of this int literal.",OPEN,5min
MINOR,CODE_SMELL,batch-orchestrator/src/test/java/io/github/pinpols/batch/orchestrator/application/service/workflow/BizDateArithmeticTest.java,23,java:S8694,"Use a ""java.time.Month"" enum constant instead of this int literal.",OPEN,5min
MINOR,CODE_SMELL,batch-worker/export/src/test/java/io/github/pinpols/batch/worker/exports/plugin/SqlTemplateExportKeysetRangeTest.java,22,java:S5853,Join these multiple assertions subject to one assertion chain.,OPEN,5min
MINOR,CODE_SMELL,batch-console-api/src/main/java/io/github/pinpols/batch/console/service/ConsoleResponseFactory.java,53,java:S5411,Use a primitive boolean expression here.,OPEN,5min
MINOR,CODE_SMELL,batch-common/src/test/java/io/github/pinpols/batch/common/storage/FilesystemObjectStoreTest.java,265,java:S1130,"Remove the declaration of thrown exception 'java.io.IOException', as it cannot be thrown from method's body.",OPEN,5min
MINOR,BUG,batch-console-api/src/test/java/io/github/pinpols/batch/console/domain/rbac/service/ConsoleMetaEnumRegistrationTest.java,77,java:S5841,Test the emptiness of the list before calling this assertion predicate.,OPEN,5min
MINOR,CODE_SMELL,batch-worker/process/src/test/java/io/github/pinpols/batch/worker/processes/infrastructure/ProcessStepExecutionAdapterTest.java,54,java:S6068,"Remove this and every subsequent useless ""eq(...)"" invocation; pass the values directly.",OPEN,2min
MINOR,CODE_SMELL,batch-worker/process/src/main/java/io/github/pinpols/batch/worker/processes/sql/SqlTransformComputePlugin.java,279,java:S5411,Use a primitive boolean expression here.,OPEN,5min
MINOR,CODE_SMELL,batch-worker/import/src/test/java/io/github/pinpols/batch/worker/imports/stage/ParseStepFixtureTest.java,85,java:S5838,"Use assertThat(actual).containsEntry(key, value) instead.",OPEN,5min
MINOR,CODE_SMELL,batch-console-api/src/test/java/io/github/pinpols/batch/console/web/ConsoleCapacityProfileControllerTest.java,104,java:S8924,"Use a static import for ""never"".",OPEN,5min
MINOR,CODE_SMELL,batch-console-api/src/test/java/io/github/pinpols/batch/console/domain/ops/service/ConsoleClusterDiagnosticServiceTest.java,66,java:S5838,"Use assertThat(actual).containsEntry(key, value) instead.",OPEN,5min
MINOR,CODE_SMELL,batch-console-api/src/main/java/io/github/pinpols/batch/console/domain/file/infrastructure/DefaultConsoleFileTemplateApplicationService.java,50,java:S6353,Use concise character class syntax '\\w' instead of '[A-Za-z0-9_]'.,OPEN,5min
MINOR,CODE_SMELL,batch-orchestrator/src/test/java/io/github/pinpols/batch/orchestrator/infrastructure/file/FileGovernanceArrivalGroupGuardTest.java,119,java:S5838,"Use assertThat(actual).containsEntry(key, value) instead.",OPEN,5min
MINOR,CODE_SMELL,batch-orchestrator/src/test/java/io/github/pinpols/batch/orchestrator/application/service/task/DefaultPartitionLifecycleServiceTest.java,211,java:S6068,"Remove this and every subsequent useless ""eq(...)"" invocation; pass the values directly.",OPEN,2min
MINOR,CODE_SMELL,batch-console-api/src/test/java/io/github/pinpols/batch/console/domain/workflow/validation/WorkflowDagValidatorTest.java,224,java:S6068,"Remove this and every subsequent useless ""eq(...)"" invocation; pass the values directly.",OPEN,2min
MINOR,BUG,batch-worker/core/src/main/java/io/github/pinpols/batch/worker/core/support/AbstractTaskConsumer.java,148,java:S3077,"Use a thread-safe type; adding ""volatile"" is not enough to make this field thread-safe.",OPEN,20min
MINOR,CODE_SMELL,batch-console-api/src/test/java/io/github/pinpols/batch/console/integration/SoftDeleteRecoveryIntegrationTest.java,213,java:S5838,"Use assertThat(actual).containsEntry(key, value) instead.",OPEN,5min
MINOR,CODE_SMELL,batch-orchestrator/src/test/java/io/github/pinpols/batch/orchestrator/application/service/asset/AssetPartitionServiceTest.java,202,java:S8694,"Use a ""java.time.Month"" enum constant instead of this int literal.",OPEN,5min
MINOR,CODE_SMELL,batch-orchestrator/src/test/java/io/github/pinpols/batch/orchestrator/application/service/task/TaskControllerApplicationServiceTest.java,113,java:S6068,"Remove this and every subsequent useless ""eq(...)"" invocation; pass the values directly.",OPEN,2min
MINOR,CODE_SMELL,batch-orchestrator/src/main/java/io/github/pinpols/batch/orchestrator/application/service/dataquality/DataQualityCheckExecutor.java,221,java:S1126,Replace this if-then-else statement by a single return statement.,OPEN,2min
MINOR,CODE_SMELL,batch-orchestrator/src/test/java/io/github/pinpols/batch/orchestrator/application/service/replay/BatchDayReplayServiceTest.java,163,java:S8694,"Use a ""java.time.Month"" enum constant instead of this int literal.",OPEN,5min
MINOR,CODE_SMELL,batch-orchestrator/src/test/java/io/github/pinpols/batch/orchestrator/service/BatchDayGateServiceTest.java,108,java:S8694,"Use a ""java.time.Month"" enum constant instead of this int literal.",OPEN,5min
MINOR,CODE_SMELL,batch-common/src/main/java/io/github/pinpols/batch/common/config/BatchSecurityProperties.java,39,java:S2065,"Remove the ""transient"" modifier from this field.",OPEN,2min
MINOR,BUG,batch-worker/core/src/main/java/io/github/pinpols/batch/worker/core/support/AbstractTaskConsumer.java,154,java:S3077,"Use a thread-safe type; adding ""volatile"" is not enough to make this field thread-safe.",OPEN,20min
MINOR,CODE_SMELL,batch-console-api/src/test/java/io/github/pinpols/batch/console/domain/workflow/web/ConsoleWorkflowVersionsControllerTest.java,73,java:S6068,"Remove this and every subsequent useless ""eq(...)"" invocation; pass the values directly.",OPEN,2min
MINOR,CODE_SMELL,batch-orchestrator/src/test/java/io/github/pinpols/batch/orchestrator/application/service/forensic/ForensicExportServiceTest.java,145,java:S8694,"Use a ""java.time.Month"" enum constant instead of this int literal.",OPEN,5min
MINOR,BUG,batch-worker/process/src/test/java/io/github/pinpols/batch/worker/processes/stage/ProcessStageSkipCrashResumeIntegrationTest.java,209,java:S5841,Test the emptiness of the list before calling this assertion predicate.,OPEN,5min
MINOR,CODE_SMELL,batch-orchestrator/src/test/java/io/github/pinpols/batch/orchestrator/application/service/task/LaunchApplicationServiceTest.java,89,java:S6068,"Remove this and every subsequent useless ""eq(...)"" invocation; pass the values directly.",OPEN,2min
MINOR,CODE_SMELL,batch-orchestrator/src/test/java/io/github/pinpols/batch/orchestrator/integration/CompensationFailureRecoveryIntegrationTest.java,51,java:S5838,"Use assertThat(actual).containsEntry(key, value) instead.",OPEN,5min
MINOR,CODE_SMELL,batch-orchestrator/src/main/java/io/github/pinpols/batch/orchestrator/infrastructure/scheduler/BatchDayCutoffScheduler.java,70,java:S135,Reduce the total number of break and continue statements in this loop to use at most one.,OPEN,20min
MINOR,CODE_SMELL,sdk/java/core/src/test/java/io/github/pinpols/batch/sdk/task/SdkTaskContextTest.java,26,java:S8694,"Use a ""java.time.Month"" enum constant instead of this int literal.",OPEN,5min
MINOR,CODE_SMELL,batch-common/src/test/java/io/github/pinpols/batch/common/rls/RlsStrictModePreflightIntegrationTest.java,184,java:S5838,Use isZero() instead.,OPEN,5min
MINOR,CODE_SMELL,batch-trigger/src/test/java/io/github/pinpols/batch/trigger/support/CronExpressionAdapterTest.java,164,java:S8694,"Use a ""java.time.Month"" enum constant instead of this int literal.",OPEN,5min
MINOR,CODE_SMELL,batch-orchestrator/src/test/java/io/github/pinpols/batch/orchestrator/integration/MultiCalendarCoordinationIntegrationTest.java,74,java:S5838,"Use assertThat(actual).doesNotContainEntry(key, value) instead.",OPEN,5min
MINOR,CODE_SMELL,batch-console-api/src/test/java/io/github/pinpols/batch/console/domain/notification/service/SubscriptionRuleWebhookDispatcherTest.java,405,java:S8924,"Use a static import for ""mock"".",OPEN,5min
MINOR,CODE_SMELL,batch-orchestrator/src/test/java/io/github/pinpols/batch/orchestrator/application/service/workflow/CrossDayDependencyResolverTest.java,32,java:S8694,"Use a ""java.time.Month"" enum constant instead of this int literal.",OPEN,5min
MINOR,CODE_SMELL,batch-trigger/src/main/java/io/github/pinpols/batch/trigger/service/DefaultTriggerService.java,162,java:S1488,"Immediately return this expression instead of assigning it to the temporary variable ""result"".",OPEN,2min
MINOR,CODE_SMELL,batch-orchestrator/src/test/java/io/github/pinpols/batch/orchestrator/application/service/task/LaunchApplicationServiceTest.java,86,java:S6068,"Remove this and every subsequent useless ""eq(...)"" invocation; pass the values directly.",OPEN,2min
MINOR,CODE_SMELL,batch-orchestrator/src/test/java/io/github/pinpols/batch/orchestrator/application/service/replay/BatchDayReplaySameJobCodeMultiEntryTest.java,120,java:S8924,"Use a static import for ""never"".",OPEN,5min
MINOR,CODE_SMELL,batch-trigger/src/test/java/io/github/pinpols/batch/trigger/service/DefaultTriggerServiceTest.java,392,java:S8694,"Use a ""java.time.Month"" enum constant instead of this int literal.",OPEN,5min
MINOR,CODE_SMELL,batch-worker/process/src/test/java/io/github/pinpols/batch/worker/processes/stage/DefaultProcessStageExecutorTest.java,275,java:S5853,Join these multiple assertions subject to one assertion chain.,OPEN,5min
MINOR,CODE_SMELL,batch-worker/dispatch/src/test/java/io/github/pinpols/batch/worker/dispatchs/infrastructure/channel/RemoteFilesystemNasPathTest.java,87,java:S5838,"Use assertThat(actual).containsEntry(key, value) instead.",OPEN,5min
MINOR,CODE_SMELL,batch-console-api/src/test/java/io/github/pinpols/batch/console/domain/file/infrastructure/DefaultConsoleFileTemplateApplicationServiceTest.java,140,java:S8924,"Use a static import for ""times"".",OPEN,5min
MINOR,CODE_SMELL,batch-worker/export/src/test/java/io/github/pinpols/batch/worker/exports/stage/RegisterStepTest.java,83,java:S6068,"Remove this and every subsequent useless ""eq(...)"" invocation; pass the values directly.",OPEN,2min
MINOR,CODE_SMELL,batch-console-api/src/test/java/io/github/pinpols/batch/console/domain/ops/service/ConsoleClusterDiagnosticServiceTest.java,88,java:S5838,"Use assertThat(actual).containsEntry(key, value) instead.",OPEN,5min
MINOR,CODE_SMELL,batch-orchestrator/src/main/java/io/github/pinpols/batch/orchestrator/application/service/sensor/SensorStateMachine.java,171,java:S6205,Remove this redundant block.,OPEN,5min
MINOR,CODE_SMELL,batch-orchestrator/src/test/java/io/github/pinpols/batch/orchestrator/application/service/workflow/BizDateArithmeticTest.java,97,java:S8694,"Use a ""java.time.Month"" enum constant instead of this int literal.",OPEN,5min
MINOR,CODE_SMELL,batch-orchestrator/src/test/java/io/github/pinpols/batch/orchestrator/application/service/workflow/BizDateArithmeticTest.java,75,java:S8694,"Use a ""java.time.Month"" enum constant instead of this int literal.",OPEN,5min
MINOR,CODE_SMELL,batch-console-api/src/main/java/io/github/pinpols/batch/console/infrastructure/excel/BusinessCalendarExcelRowParser.java,45,java:S1488,"Immediately return this expression instead of assigning it to the temporary variable ""row"".",OPEN,2min
MINOR,CODE_SMELL,batch-orchestrator/src/test/java/io/github/pinpols/batch/orchestrator/integration/OutcomeVsReclaimDeadlockIntegrationTest.java,205,java:S5838,Use assertThat(actual).hasSizeGreaterThanOrEqualTo(expected) instead.,OPEN,5min
MINOR,CODE_SMELL,batch-orchestrator/src/test/java/io/github/pinpols/batch/orchestrator/application/service/workflow/DefaultWorkflowNodeDispatchServiceTest.java,204,java:S6068,"Remove this and every subsequent useless ""eq(...)"" invocation; pass the values directly.",OPEN,2min
MINOR,CODE_SMELL,batch-worker/dispatch/src/main/java/io/github/pinpols/batch/worker/dispatchs/infrastructure/ChannelConfigMerge.java,131,java:S135,Reduce the total number of break and continue statements in this loop to use at most one.,OPEN,20min
MINOR,CODE_SMELL,batch-console-api/src/main/java/io/github/pinpols/batch/console/infrastructure/excel/ConfigPackageExcelWorkbookWriter.java,208,java:S2386,"Make this member ""protected"".",OPEN,15min
MINOR,CODE_SMELL,batch-orchestrator/src/test/java/io/github/pinpols/batch/orchestrator/service/LaunchParamResolverTest.java,257,java:S8694,"Use a ""java.time.Month"" enum constant instead of this int literal.",OPEN,5min
MINOR,BUG,batch-worker/core/src/main/java/io/github/pinpols/batch/worker/core/support/AbstractWorkerLoop.java,50,java:S3077,"Use a thread-safe type; adding ""volatile"" is not enough to make this field thread-safe.",OPEN,20min
MINOR,CODE_SMELL,batch-orchestrator/src/test/java/io/github/pinpols/batch/orchestrator/service/BatchDayTimePolicyResolverTest.java,60,java:S8694,"Use a ""java.time.Month"" enum constant instead of this int literal.",OPEN,5min
MINOR,CODE_SMELL,batch-console-api/src/test/java/io/github/pinpols/batch/console/support/cache/ConsoleQueryCacheServiceTest.java,18,java:S5853,Join these multiple assertions subject to one assertion chain.,OPEN,5min
MINOR,CODE_SMELL,batch-worker/dispatch/src/test/java/io/github/pinpols/batch/worker/dispatchs/stage/RetryDispatchStepTest.java,117,java:S5838,"Use assertThat(actual).containsEntry(key, value) instead.",OPEN,5min
MINOR,CODE_SMELL,batch-orchestrator/src/test/java/io/github/pinpols/batch/orchestrator/service/DefaultWorkerRegistryServiceTest.java,578,java:S6068,"Remove this and every subsequent useless ""eq(...)"" invocation; pass the values directly.",OPEN,2min
MINOR,CODE_SMELL,batch-orchestrator/src/test/java/io/github/pinpols/batch/orchestrator/service/DefaultWorkerRegistryServiceTest.java,288,java:S6068,"Remove this and every subsequent useless ""eq(...)"" invocation; pass the values directly.",OPEN,2min
MINOR,CODE_SMELL,batch-trigger/src/test/java/io/github/pinpols/batch/trigger/infrastructure/mq/KafkaTriggerEventPublisherTest.java,56,java:S1130,"Remove the declaration of thrown exception 'java.lang.Exception', as it cannot be thrown from method's body.",OPEN,5min
MINOR,CODE_SMELL,batch-common/src/main/java/io/github/pinpols/batch/common/storage/S3ObjectStore.java,234,java:S6244,Consider using the Consumer Builder method instead of creating this nested builder.,OPEN,5min
MINOR,CODE_SMELL,batch-orchestrator/src/test/java/io/github/pinpols/batch/orchestrator/integration/BundleLaunchPartitionExpansionIntegrationTest.java,88,java:S5838,"Use assertThat(actual).containsEntry(key, value) instead.",OPEN,5min
MINOR,CODE_SMELL,batch-orchestrator/src/test/java/io/github/pinpols/batch/orchestrator/application/service/task/TaskOutcomeSummaryBuilderTest.java,31,java:S5838,"Use assertThat(actual).containsEntry(key, value) instead.",OPEN,5min
MINOR,CODE_SMELL,batch-orchestrator/src/test/java/io/github/pinpols/batch/orchestrator/integration/AssetPartitionReadinessMapperIntegrationTest.java,41,java:S8694,"Use a ""java.time.Month"" enum constant instead of this int literal.",OPEN,5min
MINOR,CODE_SMELL,batch-orchestrator/src/test/java/io/github/pinpols/batch/orchestrator/service/BatchDayOperationServiceTest.java,99,java:S8694,"Use a ""java.time.Month"" enum constant instead of this int literal.",OPEN,5min
MINOR,CODE_SMELL,batch-orchestrator/src/test/java/io/github/pinpols/batch/orchestrator/infrastructure/scheduler/BatchDayOpenSchedulerTest.java,132,java:S8694,"Use a ""java.time.Month"" enum constant instead of this int literal.",OPEN,5min
MINOR,CODE_SMELL,batch-console-api/src/test/java/io/github/pinpols/batch/console/domain/workflow/web/response/WorkflowMapResponseJacksonTest.java,33,java:S5853,Join these multiple assertions subject to one assertion chain.,OPEN,5min
MINOR,CODE_SMELL,batch-worker/export/src/test/java/io/github/pinpols/batch/worker/exports/stage/GenerateStepTest.java,101,java:S5853,Join these multiple assertions subject to one assertion chain.,OPEN,5min
MINOR,CODE_SMELL,batch-console-api/src/test/java/io/github/pinpols/batch/console/domain/rbac/web/response/RbacMapResponseJacksonTest.java,34,java:S5853,Join these multiple assertions subject to one assertion chain.,OPEN,5min
MINOR,BUG,sdk/java/core/src/main/java/io/github/pinpols/batch/sdk/dispatcher/KafkaTaskConsumer.java,83,java:S3077,"Use a thread-safe type; adding ""volatile"" is not enough to make this field thread-safe.",OPEN,20min
MINOR,CODE_SMELL,batch-orchestrator/src/test/java/io/github/pinpols/batch/orchestrator/service/DefaultWorkerRegistryServiceTest.java,406,java:S6068,"Remove this and every subsequent useless ""eq(...)"" invocation; pass the values directly.",OPEN,2min
MINOR,CODE_SMELL,batch-worker/export/src/main/java/io/github/pinpols/batch/worker/exports/stage/format/AbstractExportFormat.java,338,java:S135,Reduce the total number of break and continue statements in this loop to use at most one.,OPEN,20min
MINOR,CODE_SMELL,batch-console-api/src/test/java/io/github/pinpols/batch/console/config/RouteToPrimaryAspectTest.java,40,java:S8924,"Use a static import for ""when"".",OPEN,5min
MINOR,CODE_SMELL,batch-orchestrator/src/test/java/io/github/pinpols/batch/orchestrator/application/service/governance/DefaultFileGovernanceServiceTest.java,677,java:S5838,"Use assertThat(actual).containsEntry(key, value) instead.",OPEN,5min
MINOR,CODE_SMELL,batch-worker/dispatch/src/test/java/io/github/pinpols/batch/worker/dispatchs/stage/RetryDispatchStepTest.java,100,java:S5838,"Use assertThat(actual).containsEntry(key, value) instead.",OPEN,5min
MINOR,CODE_SMELL,batch-console-api/src/test/java/io/github/pinpols/batch/console/integration/SoftDeleteRecoveryIntegrationTest.java,215,java:S5838,"Use assertThat(actual).containsEntry(key, value) instead.",OPEN,5min
MINOR,CODE_SMELL,batch-orchestrator/src/main/java/io/github/pinpols/batch/orchestrator/application/service/workflow/CrossDayDependencyResolver.java,117,java:S117,Rename this local variable to match the regular expression '^[a-z][a-zA-Z0-9]*$'.,OPEN,2min
MINOR,CODE_SMELL,batch-orchestrator/src/test/java/io/github/pinpols/batch/orchestrator/application/service/forensic/ForensicExportServiceTest.java,160,java:S8694,"Use a ""java.time.Month"" enum constant instead of this int literal.",OPEN,5min
MINOR,CODE_SMELL,batch-orchestrator/src/main/java/io/github/pinpols/batch/orchestrator/application/service/workflow/DefaultWorkflowDagService.java,244,java:S135,Reduce the total number of break and continue statements in this loop to use at most one.,OPEN,20min
MINOR,BUG,batch-console-api/src/test/java/io/github/pinpols/batch/console/integration/ConsolePushJobNotificationMapperIntegrationTest.java,59,java:S5841,Test the emptiness of the list before calling this assertion predicate.,OPEN,5min
MINOR,CODE_SMELL,sdk/java/core/src/main/java/io/github/pinpols/batch/sdk/handler/builtin/FileImportHandler.java,64,java:S135,Reduce the total number of break and continue statements in this loop to use at most one.,OPEN,20min
MINOR,CODE_SMELL,batch-orchestrator/src/test/java/io/github/pinpols/batch/orchestrator/application/service/DefaultWorkerDrainGovernanceServiceTest.java,219,java:S6068,"Remove this and every subsequent useless ""eq(...)"" invocation; pass the values directly.",OPEN,2min
MINOR,CODE_SMELL,batch-worker/atomic/src/main/java/io/github/pinpols/batch/worker/atomic/http/HttpTaskExecutor.java,462,java:S135,Reduce the total number of break and continue statements in this loop to use at most one.,OPEN,20min
MINOR,CODE_SMELL,batch-orchestrator/src/test/java/io/github/pinpols/batch/orchestrator/application/service/task/DefaultPartitionLifecycleServiceTest.java,278,java:S5838,"Use assertThat(actual).containsEntry(key, value) instead.",OPEN,5min
MINOR,CODE_SMELL,batch-worker/import/src/test/java/io/github/pinpols/batch/worker/imports/integration/ImportIngressScannerIntegrationTest.java,85,java:S5838,"Use assertThat(actual).containsEntry(key, value) instead.",OPEN,5min
MINOR,CODE_SMELL,batch-orchestrator/src/test/java/io/github/pinpols/batch/orchestrator/application/service/workflow/BizDateArithmeticTest.java,107,java:S8694,"Use a ""java.time.Month"" enum constant instead of this int literal.",OPEN,5min
MINOR,CODE_SMELL,batch-worker/import/src/test/java/io/github/pinpols/batch/worker/imports/stage/ParseStepFixtureTest.java,214,java:S5838,"Use assertThat(actual).containsEntry(key, value) instead.",OPEN,5min
MINOR,CODE_SMELL,batch-common/src/test/java/io/github/pinpols/batch/common/persistence/mybatis/AuditFieldsInterceptorTest.java,130,java:S8924,"Use a static import for ""when"".",OPEN,5min
MINOR,BUG,batch-common/src/main/java/io/github/pinpols/batch/common/utils/PostgresqlJsonbTexts.java,32,java:S2637,"This method's return value is marked ""@NullMarked at package level"" but null is returned.",OPEN,15min
MINOR,CODE_SMELL,batch-orchestrator/src/test/java/io/github/pinpols/batch/orchestrator/application/service/DefaultTaskCreationServiceTest.java,221,java:S8924,"Use a static import for ""times"".",OPEN,5min
MINOR,CODE_SMELL,batch-worker/export/src/main/java/io/github/pinpols/batch/worker/exports/stage/GenerateStep.java,421,java:S2147,"Combine this catch with the one at line 419, which has the same body.",OPEN,5min
MINOR,CODE_SMELL,batch-orchestrator/src/test/java/io/github/pinpols/batch/orchestrator/application/service/task/DefaultTaskAssignmentServiceTest.java,270,java:S6068,"Remove this and every subsequent useless ""eq(...)"" invocation; pass the values directly.",OPEN,2min
MINOR,CODE_SMELL,batch-worker/atomic/src/main/java/io/github/pinpols/batch/worker/atomic/storedproc/StoredProcTaskExecutor.java,220,java:S6201,Replace this instanceof check and cast with 'instanceof Boolean boolean',OPEN,5min
MINOR,CODE_SMELL,sdk/java/core/src/test/java/io/github/pinpols/batch/sdk/dispatcher/SdkPlatformContractTest.java,127,java:S5838,"Use assertThat(actual).containsEntry(key, value) instead.",OPEN,5min
MINOR,CODE_SMELL,batch-orchestrator/src/test/java/io/github/pinpols/batch/orchestrator/infrastructure/lineage/OpenLineageEmitterTest.java,29,java:S8924,"Use a static import for ""mock"".",OPEN,5min
MINOR,CODE_SMELL,batch-worker/import/src/test/java/io/github/pinpols/batch/worker/imports/stage/ParseStepFixtureTest.java,135,java:S5838,"Use assertThat(actual).containsEntry(key, value) instead.",OPEN,5min
MINOR,BUG,batch-worker/process/src/test/java/io/github/pinpols/batch/worker/processes/stage/ProcessStageSkipCrashResumeIntegrationTest.java,162,java:S5841,Test the emptiness of the list before calling this assertion predicate.,OPEN,5min
MINOR,CODE_SMELL,batch-console-api/src/main/java/io/github/pinpols/batch/console/domain/audit/infrastructure/ai/DefaultConsoleAiApplicationService.java,,java:S1612,Replace this lambda with method reference 'Content::getText'.,CLOSED,2min
MINOR,CODE_SMELL,batch-orchestrator/src/test/java/io/github/pinpols/batch/orchestrator/application/service/DefaultTaskOutcomeServiceTest.java,261,java:S6068,"Remove this and every subsequent useless ""eq(...)"" invocation; pass the values directly.",OPEN,2min
MINOR,CODE_SMELL,batch-orchestrator/src/test/java/io/github/pinpols/batch/orchestrator/infrastructure/lineage/OpenLineageEmitterTest.java,100,java:S5838,"Use assertThat(actual).containsEntry(key, value) instead.",OPEN,5min
MINOR,CODE_SMELL,batch-worker/export/src/main/java/io/github/pinpols/batch/worker/exports/stage/format/ExcelStyleOptions.java,61,java:S135,Reduce the total number of break and continue statements in this loop to use at most one.,OPEN,20min
MINOR,CODE_SMELL,batch-orchestrator/src/test/java/io/github/pinpols/batch/orchestrator/application/service/replay/BatchDayReplaySameJobCodeMultiEntryTest.java,153,java:S8694,"Use a ""java.time.Month"" enum constant instead of this int literal.",OPEN,5min
MINOR,CODE_SMELL,batch-orchestrator/src/test/java/io/github/pinpols/batch/orchestrator/application/service/task/LaunchApplicationServiceTest.java,60,java:S6068,"Remove this and every subsequent useless ""eq(...)"" invocation; pass the values directly.",OPEN,2min
MINOR,CODE_SMELL,batch-worker/export/src/test/java/io/github/pinpols/batch/worker/exports/stage/RegisterStepTest.java,93,java:S5838,"Use assertThat(actual).containsEntry(key, value) instead.",OPEN,5min
MINOR,CODE_SMELL,batch-console-api/src/main/java/io/github/pinpols/batch/console/infrastructure/excel/ConfigPackageExcelValidator.java,134,java:S2386,"Make this member ""protected"".",OPEN,15min
MINOR,CODE_SMELL,batch-orchestrator/src/test/java/io/github/pinpols/batch/orchestrator/application/service/workflow/BizDateArithmeticTest.java,67,java:S8694,"Use a ""java.time.Month"" enum constant instead of this int literal.",OPEN,5min
MINOR,CODE_SMELL,batch-worker/dispatch/src/test/java/io/github/pinpols/batch/worker/dispatchs/infrastructure/channel/RemoteFilesystemNasPathTest.java,85,java:S5838,"Use assertThat(actual).containsEntry(key, value) instead.",OPEN,5min
MINOR,CODE_SMELL,batch-console-api/src/main/java/io/github/pinpols/batch/console/domain/notification/service/AliyunSmsProvider.java,223,java:S7158,"Use ""isEmpty()"" to check whether a ""StringBuilder"" is empty or not.",OPEN,2min
MINOR,CODE_SMELL,batch-orchestrator/src/test/java/io/github/pinpols/batch/orchestrator/service/BatchDayGateServiceTest.java,190,java:S8694,"Use a ""java.time.Month"" enum constant instead of this int literal.",OPEN,5min
MINOR,CODE_SMELL,batch-orchestrator/src/test/java/io/github/pinpols/batch/orchestrator/application/service/replay/BatchDayReplayServiceTest.java,210,java:S8694,"Use a ""java.time.Month"" enum constant instead of this int literal.",OPEN,5min
MINOR,CODE_SMELL,batch-console-api/src/test/java/io/github/pinpols/batch/console/domain/workflow/infrastructure/WorkflowMermaidRendererTest.java,22,java:S5853,Join these multiple assertions subject to one assertion chain.,OPEN,5min
MINOR,CODE_SMELL,batch-console-api/src/test/java/io/github/pinpols/batch/console/domain/notification/service/AlertmanagerNotifyServiceTest.java,211,java:S6068,"Remove this and every subsequent useless ""eq(...)"" invocation; pass the values directly.",OPEN,2min
MINOR,CODE_SMELL,batch-console-api/src/test/java/io/github/pinpols/batch/console/domain/audit/support/AuditAspectTenantFallbackTest.java,157,java:S8924,"Use a static import for ""when"".",OPEN,5min
MINOR,CODE_SMELL,batch-orchestrator/src/test/java/io/github/pinpols/batch/orchestrator/application/engine/DefaultScheduleForwarderSetBasedTest.java,242,java:S8924,"Use a static import for ""times"".",OPEN,5min
MINOR,CODE_SMELL,batch-console-api/src/main/java/io/github/pinpols/batch/console/infrastructure/excel/ConfigPackageExcelWorkbookWriter.java,213,java:S2386,"Make this member ""protected"".",OPEN,15min
MINOR,CODE_SMELL,batch-orchestrator/src/test/java/io/github/pinpols/batch/orchestrator/infrastructure/lineage/OpenLineageEmitterTest.java,137,java:S5838,"Use assertThat(actual).containsEntry(key, value) instead.",OPEN,5min
MINOR,CODE_SMELL,batch-orchestrator/src/test/java/io/github/pinpols/batch/orchestrator/infrastructure/scheduler/CrossDayDependencyReconcilerTest.java,222,java:S8694,"Use a ""java.time.Month"" enum constant instead of this int literal.",OPEN,5min
MINOR,CODE_SMELL,batch-orchestrator/src/test/java/io/github/pinpols/batch/orchestrator/service/DefaultWorkerRegistryServiceTest.java,479,java:S6068,"Remove this and every subsequent useless ""eq(...)"" invocation; pass the values directly.",OPEN,2min
MINOR,CODE_SMELL,batch-console-api/src/main/java/io/github/pinpols/batch/console/infrastructure/excel/ConfigPackageExcelWorkbookWriter.java,192,java:S2386,"Make this member ""protected"".",OPEN,15min
MINOR,CODE_SMELL,batch-orchestrator/src/main/java/io/github/pinpols/batch/orchestrator/infrastructure/scheduler/ResultVersionRetentionScheduler.java,68,java:S135,Reduce the total number of break and continue statements in this loop to use at most one.,OPEN,20min
INFO,CODE_SMELL,batch-trigger/src/main/java/io/github/pinpols/batch/trigger/infrastructure/QuartzLaunchJob.java,,java:S2143,"Use the ""java.time"" API for date and time.",OPEN,15min
INFO,CODE_SMELL,batch-orchestrator/src/main/java/io/github/pinpols/batch/orchestrator/application/service/version/ResultVersionWriter.java,72,java:S6541,"A ""Brain Method"" was detected. Refactor it to reduce at least one of the following metrics: LOC from 100 to 64, Complexity from 21 to 14, Nesting Level from 3 to 2, Number of Variables from 19 to 6.",OPEN,0min
INFO,CODE_SMELL,batch-worker/dispatch/src/main/java/io/github/pinpols/batch/worker/dispatchs/infrastructure/DispatchReceiptPollScheduler.java,195,java:S6541,"A ""Brain Method"" was detected. Refactor it to reduce at least one of the following metrics: LOC from 83 to 64, Complexity from 18 to 14, Nesting Level from 3 to 2, Number of Variables from 19 to 6.",OPEN,0min
INFO,CODE_SMELL,batch-console-api/src/main/java/io/github/pinpols/batch/console/infrastructure/excel/ConfigPackageExcelValidator.java,848,java:S6541,"A ""Brain Method"" was detected. Refactor it to reduce at least one of the following metrics: LOC from 79 to 64, Complexity from 16 to 14, Nesting Level from 3 to 2, Number of Variables from 27 to 6.",OPEN,0min
INFO,CODE_SMELL,batch-worker/import/src/main/java/io/github/pinpols/batch/worker/imports/stage/PreprocessStep.java,113,java:S6541,"A ""Brain Method"" was detected. Refactor it to reduce at least one of the following metrics: LOC from 121 to 64, Complexity from 29 to 14, Nesting Level from 3 to 2, Number of Variables from 19 to 6.",OPEN,0min
INFO,CODE_SMELL,batch-worker/export/src/main/java/io/github/pinpols/batch/worker/exports/stage/format/ExcelSheetWriter.java,,java:S2143,"Use the ""java.time"" API for date and time.",OPEN,15min
INFO,CODE_SMELL,batch-worker/dispatch/src/main/java/io/github/pinpols/batch/worker/dispatchs/infrastructure/channel/DispatchChannelHealthRepository.java,,java:S2143,"Use the ""java.time"" API for date and time.",OPEN,15min
INFO,CODE_SMELL,batch-console-api/src/main/java/io/github/pinpols/batch/console/infrastructure/excel/ConfigPackageExcelValidator.java,986,java:S6541,"A ""Brain Method"" was detected. Refactor it to reduce at least one of the following metrics: LOC from 173 to 64, Complexity from 41 to 14, Nesting Level from 3 to 2, Number of Variables from 50 to 6.",OPEN,0min
INFO,CODE_SMELL,batch-console-api/src/main/java/io/github/pinpols/batch/console/shared/query/ConsoleQuerySupport.java,,java:S2143,"Use the ""java.time"" API for date and time.",OPEN,15min
INFO,CODE_SMELL,batch-worker/import/src/main/java/io/github/pinpols/batch/worker/imports/runtime/ImportIngressScanner.java,241,java:S6541,"A ""Brain Method"" was detected. Refactor it to reduce at least one of the following metrics: LOC from 137 to 64, Complexity from 28 to 14, Nesting Level from 3 to 2, Number of Variables from 13 to 6.",OPEN,0min
INFO,CODE_SMELL,batch-console-api/src/main/java/io/github/pinpols/batch/console/domain/observability/web/ConsoleSystemController.java,,java:S2143,"Use the ""java.time"" API for date and time.",OPEN,15min
INFO,CODE_SMELL,sdk/java/core/src/test/java/io/github/pinpols/batch/sdk/contract/JsonFixtureRequestSideContractTest.java,141,java:S6208,Merge the previous cases into this one using comma-separated label.,OPEN,5min
INFO,CODE_SMELL,batch-orchestrator/src/test/java/io/github/pinpols/batch/orchestrator/config/BatchMqTopicsPropertiesTest.java,7,java:S5786,Remove this 'public' modifier.,OPEN,2min
INFO,CODE_SMELL,batch-worker/import/src/main/java/io/github/pinpols/batch/worker/imports/stage/format/FixedWidthFormatParser.java,26,java:S6541,"A ""Brain Method"" was detected. Refactor it to reduce at least one of the following metrics: LOC from 85 to 64, Complexity from 16 to 14, Nesting Level from 5 to 2, Number of Variables from 20 to 6.",OPEN,0min
INFO,CODE_SMELL,batch-worker/import/src/main/java/io/github/pinpols/batch/worker/imports/stage/format/DelimitedFormatParser.java,40,java:S6541,"A ""Brain Method"" was detected. Refactor it to reduce at least one of the following metrics: LOC from 79 to 64, Complexity from 18 to 14, Nesting Level from 4 to 2, Number of Variables from 21 to 6.",OPEN,0min
INFO,CODE_SMELL,batch-worker/export/src/main/java/io/github/pinpols/batch/worker/exports/stage/GenerateStep.java,79,java:S6541,"A ""Brain Method"" was detected. Refactor it to reduce at least one of the following metrics: LOC from 120 to 64, Complexity from 19 to 14, Nesting Level from 4 to 2, Number of Variables from 28 to 6.",OPEN,0min
INFO,CODE_SMELL,batch-common/src/main/java/io/github/pinpols/batch/common/lock/DistributedLock.java,52,java:S1133,Do not forget to remove this deprecated code someday.,OPEN,10min
INFO,CODE_SMELL,batch-console-api/src/main/java/io/github/pinpols/batch/console/config/RouteToPrimary.java,37,java:S1133,Do not forget to remove this deprecated code someday.,OPEN,10min
INFO,CODE_SMELL,batch-trigger/src/main/java/io/github/pinpols/batch/trigger/support/CronExpressionAdapter.java,,java:S2143,"Use the ""java.time"" API for date and time.",OPEN,15min
INFO,CODE_SMELL,batch-orchestrator/src/main/java/io/github/pinpols/batch/orchestrator/application/service/task/DefaultTaskOutcomeService.java,262,java:S6541,"A ""Brain Method"" was detected. Refactor it to reduce at least one of the following metrics: LOC from 94 to 64, Complexity from 22 to 14, Nesting Level from 3 to 2, Number of Variables from 9 to 6.",OPEN,0min
INFO,CODE_SMELL,batch-console-api/src/main/java/io/github/pinpols/batch/console/domain/workflow/infrastructure/excel/WorkflowNodeStartEndCodeRule.java,35,java:S6541,"A ""Brain Method"" was detected. Refactor it to reduce at least one of the following metrics: LOC from 88 to 64, Complexity from 16 to 14, Nesting Level from 3 to 2, Number of Variables from 13 to 6.",OPEN,0min
INFO,CODE_SMELL,batch-orchestrator/src/main/java/io/github/pinpols/batch/orchestrator/application/service/workflow/CrossDayDependencyResolver.java,58,java:S6541,"A ""Brain Method"" was detected. Refactor it to reduce at least one of the following metrics: LOC from 67 to 64, Complexity from 18 to 14, Nesting Level from 5 to 2, Number of Variables from 13 to 6.",OPEN,0min
INFO,CODE_SMELL,batch-worker/import/src/main/java/io/github/pinpols/batch/worker/imports/stage/LoadStep.java,247,java:S1135,Complete the task associated to this TODO comment.,OPEN,0min
INFO,CODE_SMELL,batch-console-api/src/main/java/io/github/pinpols/batch/console/domain/notification/service/TencentSmsProvider.java,85,java:S6541,"A ""Brain Method"" was detected. Refactor it to reduce at least one of the following metrics: LOC from 104 to 64, Complexity from 16 to 14, Nesting Level from 3 to 2, Number of Variables from 24 to 6.",OPEN,0min
INFO,CODE_SMELL,batch-console-api/src/main/java/io/github/pinpols/batch/console/support/web/ConsoleResponseFieldReader.java,,java:S2143,"Use the ""java.time"" API for date and time.",OPEN,15min
INFO,CODE_SMELL,sdk/java/core/pom.xml,45,xml:S1135,"Complete the task associated to this ""TODO"" comment.",OPEN,0min
INFO,CODE_SMELL,batch-worker/export/src/main/java/io/github/pinpols/batch/worker/exports/stage/format/GenerateCursorCodec.java,,java:S2143,"Use the ""java.time"" API for date and time.",OPEN,15min
INFO,CODE_SMELL,batch-worker/core/src/main/java/io/github/pinpols/batch/worker/core/infrastructure/PlatformFileRecordRepository.java,54,java:S6541,"A ""Brain Method"" was detected. Refactor it to reduce at least one of the following metrics: LOC from 114 to 64, Complexity from 19 to 14, Nesting Level from 3 to 2, Number of Variables from 21 to 6.",OPEN,0min
